{
"type": "FeatureCollection",
"name": "Batas Kab Kota",
"crs": { "type": "name", "properties": { "name": "urn:ogc:def:crs:OGC:1.3:CRS84" } },
"features": [
{ "type": "Feature", "properties": { "NAMOBJ": "Margoagung", "WADMKC": "Seyegan", "WADMKK": "Kabupaten Sleman", "WADMPR": "DI Yogyakarta" }, "geometry": { "type": "MultiPolygon", "coordinates": [ [ [ [ 110.306818, -7.694847, 0.0 ], [ 110.30699, -7.694955, 0.0 ], [ 110.30728, -7.694993, 0.0 ], [ 110.307426000000106, -7.695144, 0.0 ], [ 110.307616, -7.695477, 0.0 ], [ 110.30843, -7.697084, 0.0 ], [ 110.308448, -7.697121, 0.0 ], [ 110.308654, -7.697507, 0.0 ], [ 110.308799000000107, -7.697785, 0.0 ], [ 110.3088300000001, -7.697854, 0.0 ], [ 110.309011, -7.698153999999892, 0.0 ], [ 110.309232, -7.698432, 0.0 ], [ 110.309335, -7.698489999999893, 0.0 ], [ 110.3093420000001, -7.698493, 0.0 ], [ 110.309438, -7.698497, 0.0 ], [ 110.309507, -7.698491, 0.0 ], [ 110.309671, -7.698611, 0.0 ], [ 110.310226, -7.698736, 0.0 ], [ 110.310659, -7.69879, 0.0 ], [ 110.311311, -7.698817, 0.0 ], [ 110.311713, -7.698766, 0.0 ], [ 110.312179, -7.698597, 0.0 ], [ 110.312447, -7.698457, 0.0 ], [ 110.312832000000114, -7.697932, 0.0 ], [ 110.313063, -7.697436, 0.0 ], [ 110.313351, -7.697009, 0.0 ], [ 110.31361, -7.696739000999965, 0.0 ], [ 110.313858, -7.696561, 0.0 ], [ 110.31408, -7.696448, 0.0 ], [ 110.314197, -7.696425, 0.0 ], [ 110.314236, -7.696419, 0.0 ], [ 110.314745, -7.696746, 0.0 ], [ 110.315032, -7.696933, 0.0 ], [ 110.315075, -7.696963, 0.0 ], [ 110.315124, -7.696981, 0.0 ], [ 110.315318, -7.697033, 0.0 ], [ 110.315735, -7.697059, 0.0 ], [ 110.316037, -7.697131, 0.0 ], [ 110.316126, -7.697165, 0.0 ], [ 110.31623, -7.697222, 0.0 ], [ 110.316752, -7.697511, 0.0 ], [ 110.317374, -7.697765, 0.0 ], [ 110.317604, -7.697849, 0.0 ], [ 110.317621, -7.697854, 0.0 ], [ 110.318039, -7.697932, 0.0 ], [ 110.318397, -7.697982, 0.0 ], [ 110.318426, -7.697983, 0.0 ], [ 110.318523, -7.69801, 0.0 ], [ 110.318602, -7.698032, 0.0 ], [ 110.318911, -7.698136, 0.0 ], [ 110.319762, -7.698401, 0.0 ], [ 110.319998, -7.698434, 0.0 ], [ 110.320185, -7.698406, 0.0 ], [ 110.32044, -7.698367, 0.0 ], [ 110.320651, -7.698304, 0.0 ], [ 110.320899, -7.698209, 0.0 ], [ 110.32102, -7.69816400099992, 0.0 ], [ 110.321085, -7.698147, 0.0 ], [ 110.321121000000105, -7.698141, 0.0 ], [ 110.321084, -7.698227, 0.0 ], [ 110.321082, -7.698421, 0.0 ], [ 110.321058, -7.698594, 0.0 ], [ 110.320964, -7.698929, 0.0 ], [ 110.320818, -7.699269, 0.0 ], [ 110.320688, -7.699426, 0.0 ], [ 110.320658, -7.699749, 0.0 ], [ 110.3204, -7.700116, 0.0 ], [ 110.320300000000117, -7.700376, 0.0 ], [ 110.320203, -7.700664, 0.0 ], [ 110.320126000000101, -7.700875, 0.0 ], [ 110.320087, -7.700971001, 0.0 ], [ 110.320062, -7.701002, 0.0 ], [ 110.319821, -7.701992, 0.0 ], [ 110.319357, -7.702860999999885, 0.0 ], [ 110.319081, -7.703379, 0.0 ], [ 110.319005, -7.703474, 0.0 ], [ 110.318863, -7.703754, 0.0 ], [ 110.318612, -7.704076, 0.0 ], [ 110.318479, -7.704273, 0.0 ], [ 110.318146, -7.704666, 0.0 ], [ 110.318001, -7.704765, 0.0 ], [ 110.317802000000114, -7.704725, 0.0 ], [ 110.317608, -7.70478, 0.0 ], [ 110.317308, -7.704908, 0.0 ], [ 110.317137, -7.705007, 0.0 ], [ 110.31693, -7.705018, 0.0 ], [ 110.31633800000013, -7.704993, 0.0 ], [ 110.316183, -7.705048001, 0.0 ], [ 110.31587, -7.705192, 0.0 ], [ 110.315116, -7.705457000999917, 0.0 ], [ 110.315059, -7.705514, 0.0 ], [ 110.314905, -7.705715, 0.0 ], [ 110.314824, -7.705894, 0.0 ], [ 110.314793, -7.706043, 0.0 ], [ 110.314784, -7.706085, 0.0 ], [ 110.314779, -7.706315000999943, 0.0 ], [ 110.314752, -7.706609, 0.0 ], [ 110.314654, -7.70683, 0.0 ], [ 110.314539, -7.706936999999893, 0.0 ], [ 110.314383000000106, -7.70702, 0.0 ], [ 110.314102, -7.707104, 0.0 ], [ 110.313929000000115, -7.707198, 0.0 ], [ 110.313868, -7.707294, 0.0 ], [ 110.313845, -7.707456, 0.0 ], [ 110.313813, -7.708125, 0.0 ], [ 110.313696, -7.708339, 0.0 ], [ 110.313518, -7.708614, 0.0 ], [ 110.313343000000117, -7.708726, 0.0 ], [ 110.313295, -7.708817, 0.0 ], [ 110.31302, -7.708927, 0.0 ], [ 110.312772, -7.708811000999962, 0.0 ], [ 110.312663, -7.708661, 0.0 ], [ 110.312538, -7.708667, 0.0 ], [ 110.312426000000102, -7.708762, 0.0 ], [ 110.3124, -7.708883, 0.0 ], [ 110.312414, -7.709377000999986, 0.0 ], [ 110.312349, -7.7095, 0.0 ], [ 110.311975, -7.709482, 0.0 ], [ 110.311799, -7.709327, 0.0 ], [ 110.311254000000119, -7.70896, 0.0 ], [ 110.310902, -7.709072, 0.0 ], [ 110.310828, -7.709177, 0.0 ], [ 110.310607, -7.709399, 0.0 ], [ 110.310571, -7.709426, 0.0 ], [ 110.31045, -7.709557, 0.0 ], [ 110.310205, -7.709901, 0.0 ], [ 110.310177, -7.709951, 0.0 ], [ 110.310025, -7.710293000999926, 0.0 ], [ 110.310381, -7.710634, 0.0 ], [ 110.310405, -7.71066, 0.0 ], [ 110.310379, -7.710748, 0.0 ], [ 110.310267, -7.711029, 0.0 ], [ 110.310111, -7.711352, 0.0 ], [ 110.310035, -7.71151, 0.0 ], [ 110.310895, -7.711797, 0.0 ], [ 110.310793, -7.712306, 0.0 ], [ 110.311182000000102, -7.712396, 0.0 ], [ 110.311444, -7.712151, 0.0 ], [ 110.31161, -7.712558, 0.0 ], [ 110.311763, -7.713336001, 0.0 ], [ 110.311688, -7.713416, 0.0 ], [ 110.311457, -7.713666, 0.0 ], [ 110.311416000000108, -7.713786, 0.0 ], [ 110.31134200000011, -7.714323, 0.0 ], [ 110.311271, -7.714988, 0.0 ], [ 110.311179, -7.715157, 0.0 ], [ 110.310484, -7.715, 0.0 ], [ 110.310505, -7.715553, 0.0 ], [ 110.310514, -7.71579, 0.0 ], [ 110.31052, -7.715951, 0.0 ], [ 110.310510000000107, -7.716109, 0.0 ], [ 110.310466000000105, -7.716258, 0.0 ], [ 110.310422000000102, -7.716406, 0.0 ], [ 110.310314, -7.716771999999896, 0.0 ], [ 110.310253, -7.71698, 0.0 ], [ 110.310211, -7.717015, 0.0 ], [ 110.309921000000131, -7.717188, 0.0 ], [ 110.309639, -7.717305, 0.0 ], [ 110.309288, -7.717183, 0.0 ], [ 110.309433, -7.716707, 0.0 ], [ 110.309494, -7.716508, 0.0 ], [ 110.309551, -7.716324, 0.0 ], [ 110.309239, -7.716127, 0.0 ], [ 110.30877, -7.715809, 0.0 ], [ 110.308195, -7.715417, 0.0 ], [ 110.307932, -7.715243, 0.0 ], [ 110.307781, -7.715461000999959, 0.0 ], [ 110.307625, -7.715685, 0.0 ], [ 110.307576, -7.715756, 0.0 ], [ 110.307493, -7.715796, 0.0 ], [ 110.307401, -7.715855, 0.0 ], [ 110.307047, -7.716102, 0.0 ], [ 110.3069, -7.71583100099993, 0.0 ], [ 110.306739, -7.715503, 0.0 ], [ 110.306626, -7.715202, 0.0 ], [ 110.306566, -7.715202, 0.0 ], [ 110.306232, -7.715196, 0.0 ], [ 110.306043, -7.715262, 0.0 ], [ 110.305791, -7.715398999999891, 0.0 ], [ 110.305214, -7.715453, 0.0 ], [ 110.304722000000112, -7.715336, 0.0 ], [ 110.304169000000101, -7.715162, 0.0 ], [ 110.303915, -7.715174, 0.0 ], [ 110.303619, -7.715152, 0.0 ], [ 110.303227, -7.715118, 0.0 ], [ 110.302891, -7.715122, 0.0 ], [ 110.302799, -7.715124, 0.0 ], [ 110.302611, -7.715128, 0.0 ], [ 110.302211, -7.715137, 0.0 ], [ 110.302136000000104, -7.715137, 0.0 ], [ 110.30166, -7.71510699999989, 0.0 ], [ 110.301187, -7.715118, 0.0 ], [ 110.301111, -7.715109, 0.0 ], [ 110.300923000000111, -7.715101, 0.0 ], [ 110.300501, -7.715094, 0.0 ], [ 110.300366, -7.715092, 0.0 ], [ 110.300332, -7.715093, 0.0 ], [ 110.300251000000102, -7.715218, 0.0 ], [ 110.300232, -7.715484, 0.0 ], [ 110.30026, -7.715705, 0.0 ], [ 110.300264000000112, -7.715837, 0.0 ], [ 110.300236, -7.716062, 0.0 ], [ 110.300169, -7.716193, 0.0 ], [ 110.300032, -7.71633, 0.0 ], [ 110.299874, -7.716442, 0.0 ], [ 110.299683, -7.71649, 0.0 ], [ 110.299314, -7.716517, 0.0 ], [ 110.299002, -7.716736, 0.0 ], [ 110.298837, -7.716743, 0.0 ], [ 110.298447, -7.7167, 0.0 ], [ 110.298317, -7.716733, 0.0 ], [ 110.298153, -7.716798, 0.0 ], [ 110.297999, -7.716855, 0.0 ], [ 110.297396, -7.717189, 0.0 ], [ 110.297274, -7.717325, 0.0 ], [ 110.296936, -7.717742, 0.0 ], [ 110.29685, -7.717724000999972, 0.0 ], [ 110.296427, -7.717558, 0.0 ], [ 110.296397, -7.717543, 0.0 ], [ 110.296324, -7.717511, 0.0 ], [ 110.296313, -7.717506, 0.0 ], [ 110.29621, -7.717364, 0.0 ], [ 110.296161, -7.717157, 0.0 ], [ 110.296183, -7.716966, 0.0 ], [ 110.296403, -7.716479999999894, 0.0 ], [ 110.296448, -7.716378000999981, 0.0 ], [ 110.296277000000103, -7.716057, 0.0 ], [ 110.295975, -7.715375, 0.0 ], [ 110.29574, -7.715033, 0.0 ], [ 110.294736, -7.715023, 0.0 ], [ 110.294261, -7.715017999999898, 0.0 ], [ 110.294079, -7.715012000999934, 0.0 ], [ 110.293943, -7.715007, 0.0 ], [ 110.293742, -7.715002, 0.0 ], [ 110.293606, -7.714998, 0.0 ], [ 110.29314, -7.715205, 0.0 ], [ 110.292741, -7.715358, 0.0 ], [ 110.292281, -7.715371, 0.0 ], [ 110.291738, -7.71523, 0.0 ], [ 110.29098, -7.714916, 0.0 ], [ 110.290947, -7.714893, 0.0 ], [ 110.29094, -7.714854, 0.0 ], [ 110.290896000000117, -7.714666, 0.0 ], [ 110.290819, -7.714468, 0.0 ], [ 110.290632, -7.714196, 0.0 ], [ 110.2906, -7.714173, 0.0 ], [ 110.290542, -7.714149, 0.0 ], [ 110.290494, -7.714106, 0.0 ], [ 110.290426, -7.714088, 0.0 ], [ 110.290024, -7.713971, 0.0 ], [ 110.289971, -7.713920001, 0.0 ], [ 110.289637000000127, -7.713637, 0.0 ], [ 110.28958, -7.713539, 0.0 ], [ 110.289511, -7.713488, 0.0 ], [ 110.289403, -7.71316000099991, 0.0 ], [ 110.289269, -7.712949, 0.0 ], [ 110.289181, -7.712790000999938, 0.0 ], [ 110.289419, -7.712487, 0.0 ], [ 110.289552000000114, -7.711341, 0.0 ], [ 110.289924, -7.710924, 0.0 ], [ 110.290106, -7.710776, 0.0 ], [ 110.290144, -7.710688, 0.0 ], [ 110.290213, -7.710184, 0.0 ], [ 110.290281, -7.709818, 0.0 ], [ 110.290434, -7.709243, 0.0 ], [ 110.290887, -7.709303, 0.0 ], [ 110.29093, -7.709102, 0.0 ], [ 110.290859, -7.708906, 0.0 ], [ 110.290406, -7.708203, 0.0 ], [ 110.290894, -7.707624, 0.0 ], [ 110.29094, -7.707575, 0.0 ], [ 110.29103, -7.707347, 0.0 ], [ 110.290813, -7.70711, 0.0 ], [ 110.290783, -7.706988, 0.0 ], [ 110.290875, -7.706822000999971, 0.0 ], [ 110.291045, -7.706467, 0.0 ], [ 110.291138, -7.706275, 0.0 ], [ 110.291246, -7.706131, 0.0 ], [ 110.291474, -7.706015, 0.0 ], [ 110.291614, -7.705866000999919, 0.0 ], [ 110.291682, -7.7058, 0.0 ], [ 110.291809, -7.705718, 0.0 ], [ 110.291897, -7.705599, 0.0 ], [ 110.29194, -7.705435, 0.0 ], [ 110.291898, -7.705109, 0.0 ], [ 110.291872, -7.70496, 0.0 ], [ 110.291982, -7.704662, 0.0 ], [ 110.292107, -7.704139, 0.0 ], [ 110.292206, -7.703962, 0.0 ], [ 110.292259, -7.703807, 0.0 ], [ 110.292075, -7.70346, 0.0 ], [ 110.292024, -7.703339, 0.0 ], [ 110.292024, -7.703013, 0.0 ], [ 110.292073, -7.702832, 0.0 ], [ 110.292227000000111, -7.702609000999907, 0.0 ], [ 110.292563000000115, -7.702374, 0.0 ], [ 110.292638, -7.702333, 0.0 ], [ 110.292833, -7.702409, 0.0 ], [ 110.2929290000001, -7.702439, 0.0 ], [ 110.293355, -7.702573, 0.0 ], [ 110.293499, -7.702647, 0.0 ], [ 110.294311, -7.702928, 0.0 ], [ 110.295187, -7.703276, 0.0 ], [ 110.295885, -7.703539, 0.0 ], [ 110.295971, -7.703457, 0.0 ], [ 110.296197, -7.703266, 0.0 ], [ 110.296623, -7.702906, 0.0 ], [ 110.297149, -7.70247, 0.0 ], [ 110.297709, -7.702008, 0.0 ], [ 110.297863, -7.701869000999963, 0.0 ], [ 110.298034, -7.701738, 0.0 ], [ 110.298201, -7.701574, 0.0 ], [ 110.297964, -7.701334, 0.0 ], [ 110.297671, -7.701034, 0.0 ], [ 110.297489, -7.700841, 0.0 ], [ 110.297177, -7.700519, 0.0 ], [ 110.297147, -7.700481, 0.0 ], [ 110.297074, -7.700368, 0.0 ], [ 110.296586, -7.699822, 0.0 ], [ 110.296513, -7.699741, 0.0 ], [ 110.296498, -7.699721, 0.0 ], [ 110.296446, -7.699648, 0.0 ], [ 110.296516, -7.699621, 0.0 ], [ 110.296583, -7.699565, 0.0 ], [ 110.29668, -7.699431000999947, 0.0 ], [ 110.296778, -7.699367, 0.0 ], [ 110.297067, -7.699234999999895, 0.0 ], [ 110.297575, -7.698705, 0.0 ], [ 110.29771, -7.698568, 0.0 ], [ 110.297845, -7.6985, 0.0 ], [ 110.297973, -7.698492, 0.0 ], [ 110.298102000000114, -7.698549, 0.0 ], [ 110.298184, -7.698595, 0.0 ], [ 110.298389, -7.698622, 0.0 ], [ 110.298493, -7.698605999999899, 0.0 ], [ 110.298629000000105, -7.698586, 0.0 ], [ 110.299391, -7.698497, 0.0 ], [ 110.299905, -7.698445999999894, 0.0 ], [ 110.300176000000121, -7.69807, 0.0 ], [ 110.300581, -7.697628, 0.0 ], [ 110.301045, -7.697066, 0.0 ], [ 110.301389000000114, -7.696724, 0.0 ], [ 110.301461, -7.696656, 0.0 ], [ 110.301719, -7.696315, 0.0 ], [ 110.301817, -7.696206, 0.0 ], [ 110.302025, -7.695975, 0.0 ], [ 110.302233, -7.695744, 0.0 ], [ 110.302395, -7.695564, 0.0 ], [ 110.302543, -7.695399, 0.0 ], [ 110.302605, -7.69533, 0.0 ], [ 110.302699, -7.695226, 0.0 ], [ 110.302952, -7.69522, 0.0 ], [ 110.303336000000101, -7.695211, 0.0 ], [ 110.30385, -7.69431, 0.0 ], [ 110.304084, -7.694517000999969, 0.0 ], [ 110.304306, -7.69472, 0.0 ], [ 110.304251, -7.69481, 0.0 ], [ 110.305202, -7.696279, 0.0 ], [ 110.3055430000001, -7.696322, 0.0 ], [ 110.305804000000109, -7.696052, 0.0 ], [ 110.3060100000001, -7.695719, 0.0 ], [ 110.306085, -7.695515, 0.0 ], [ 110.306216, -7.695165, 0.0 ], [ 110.3064, -7.694806, 0.0 ], [ 110.306525, -7.694662, 0.0 ], [ 110.306818, -7.694847, 0.0 ] ] ] ] } },
{ "type": "Feature", "properties": { "NAMOBJ": "Margoluwih", "WADMKC": "Seyegan", "WADMKK": "Kabupaten Sleman", "WADMPR": "DI Yogyakarta" }, "geometry": { "type": "MultiPolygon", "coordinates": [ [ [ [ 110.304918, -7.740874, 0.0 ], [ 110.305053, -7.741239, 0.0 ], [ 110.305301, -7.741433, 0.0 ], [ 110.305822, -7.741648, 0.0 ], [ 110.306309, -7.741664, 0.0 ], [ 110.307039, -7.741733, 0.0 ], [ 110.30712, -7.741234, 0.0 ], [ 110.307635, -7.741306, 0.0 ], [ 110.307602000000102, -7.74143700099992, 0.0 ], [ 110.30764, -7.741494, 0.0 ], [ 110.307745, -7.741531, 0.0 ], [ 110.30812, -7.741654, 0.0 ], [ 110.308207, -7.741734, 0.0 ], [ 110.308213000000123, -7.741749000999977, 0.0 ], [ 110.308221, -7.741856, 0.0 ], [ 110.308174, -7.742001, 0.0 ], [ 110.308077, -7.742243, 0.0 ], [ 110.307812, -7.74282, 0.0 ], [ 110.307806000000113, -7.742829, 0.0 ], [ 110.307783, -7.742851, 0.0 ], [ 110.307693, -7.742975, 0.0 ], [ 110.307689, -7.742987, 0.0 ], [ 110.307695, -7.743056000999939, 0.0 ], [ 110.307755, -7.743444, 0.0 ], [ 110.307718000000108, -7.743716, 0.0 ], [ 110.307701, -7.743782, 0.0 ], [ 110.307582, -7.744361, 0.0 ], [ 110.307575, -7.744827, 0.0 ], [ 110.307586000000114, -7.744911, 0.0 ], [ 110.307621, -7.744981, 0.0 ], [ 110.307734, -7.745233, 0.0 ], [ 110.307781, -7.745161, 0.0 ], [ 110.307936, -7.745031, 0.0 ], [ 110.30803, -7.74494, 0.0 ], [ 110.308385, -7.744909000999957, 0.0 ], [ 110.308565, -7.744913, 0.0 ], [ 110.308746, -7.744934, 0.0 ], [ 110.308769, -7.745316, 0.0 ], [ 110.308755000000119, -7.745481, 0.0 ], [ 110.308542, -7.746821, 0.0 ], [ 110.308594000000113, -7.746861, 0.0 ], [ 110.308768, -7.746902, 0.0 ], [ 110.308941, -7.746659, 0.0 ], [ 110.309071, -7.746478, 0.0 ], [ 110.309844, -7.746588, 0.0 ], [ 110.310109, -7.746598, 0.0 ], [ 110.31022, -7.746526, 0.0 ], [ 110.310445, -7.746380999999893, 0.0 ], [ 110.310491, -7.746232, 0.0 ], [ 110.310526, -7.74612, 0.0 ], [ 110.310724, -7.745865001, 0.0 ], [ 110.310776, -7.745817, 0.0 ], [ 110.310916, -7.745687, 0.0 ], [ 110.311319, -7.745210999999898, 0.0 ], [ 110.311411, -7.745032, 0.0 ], [ 110.311558, -7.744870001000017, 0.0 ], [ 110.311759, -7.744659, 0.0 ], [ 110.312072, -7.74453, 0.0 ], [ 110.312226, -7.744279, 0.0 ], [ 110.312335000000118, -7.74414, 0.0 ], [ 110.312461, -7.744066, 0.0 ], [ 110.312748, -7.744065, 0.0 ], [ 110.3129220000001, -7.744094, 0.0 ], [ 110.312983, -7.744166, 0.0 ], [ 110.313107, -7.744304999999898, 0.0 ], [ 110.313298000000131, -7.74437, 0.0 ], [ 110.313315, -7.744376, 0.0 ], [ 110.313764, -7.744407, 0.0 ], [ 110.313931, -7.744460000999933, 0.0 ], [ 110.314119, -7.744571, 0.0 ], [ 110.314239, -7.744769, 0.0 ], [ 110.314409, -7.744947001, 0.0 ], [ 110.314686, -7.745055, 0.0 ], [ 110.314836, -7.74503, 0.0 ], [ 110.315001, -7.744982, 0.0 ], [ 110.315166, -7.744965, 0.0 ], [ 110.315221, -7.745019, 0.0 ], [ 110.314895, -7.745681, 0.0 ], [ 110.314554, -7.746113, 0.0 ], [ 110.314559000000102, -7.746213, 0.0 ], [ 110.314619, -7.746318, 0.0 ], [ 110.314805, -7.746492, 0.0 ], [ 110.315058, -7.746678, 0.0 ], [ 110.315176, -7.746794, 0.0 ], [ 110.315224, -7.746905, 0.0 ], [ 110.315236, -7.74703400100001, 0.0 ], [ 110.315199, -7.747166, 0.0 ], [ 110.3150550000001, -7.74742, 0.0 ], [ 110.315011000000112, -7.747546, 0.0 ], [ 110.315016, -7.747753999999897, 0.0 ], [ 110.315024, -7.747796, 0.0 ], [ 110.315052, -7.747945, 0.0 ], [ 110.315069, -7.74803, 0.0 ], [ 110.315253, -7.748607, 0.0 ], [ 110.315239, -7.748785, 0.0 ], [ 110.315234, -7.748853, 0.0 ], [ 110.315167, -7.749137, 0.0 ], [ 110.315139, -7.749367, 0.0 ], [ 110.315132, -7.74965, 0.0 ], [ 110.315131, -7.749683, 0.0 ], [ 110.315123, -7.749995, 0.0 ], [ 110.315124, -7.749999000999932, 0.0 ], [ 110.315124245000064, -7.75, 0.0 ], [ 110.315201, -7.750313, 0.0 ], [ 110.315403, -7.750876000999931, 0.0 ], [ 110.315492, -7.751165, 0.0 ], [ 110.315484, -7.751322, 0.0 ], [ 110.31543, -7.75146, 0.0 ], [ 110.315283, -7.751616, 0.0 ], [ 110.315127000000118, -7.751712, 0.0 ], [ 110.314952, -7.751749, 0.0 ], [ 110.314778, -7.751757999999899, 0.0 ], [ 110.314231, -7.751692, 0.0 ], [ 110.313935, -7.751612, 0.0 ], [ 110.313702, -7.751574, 0.0 ], [ 110.313564, -7.751616, 0.0 ], [ 110.313427, -7.751708, 0.0 ], [ 110.313281, -7.751878, 0.0 ], [ 110.31324, -7.751989, 0.0 ], [ 110.31324, -7.751992, 0.0 ], [ 110.31332, -7.752309, 0.0 ], [ 110.313429, -7.752479, 0.0 ], [ 110.313626, -7.752689, 0.0 ], [ 110.313839000000129, -7.752925, 0.0 ], [ 110.313901, -7.753111, 0.0 ], [ 110.313932, -7.753319, 0.0 ], [ 110.313966, -7.753553, 0.0 ], [ 110.313927, -7.75387, 0.0 ], [ 110.313806, -7.754199, 0.0 ], [ 110.313673, -7.754483, 0.0 ], [ 110.313314, -7.755245000999935, 0.0 ], [ 110.312974, -7.755913, 0.0 ], [ 110.31293, -7.75611, 0.0 ], [ 110.312916, -7.756338, 0.0 ], [ 110.312905, -7.75652, 0.0 ], [ 110.312964000000107, -7.757051, 0.0 ], [ 110.312908, -7.75725, 0.0 ], [ 110.312773, -7.757458999999891, 0.0 ], [ 110.312652, -7.757576, 0.0 ], [ 110.31244, -7.757714, 0.0 ], [ 110.312252, -7.757867, 0.0 ], [ 110.312137, -7.758026, 0.0 ], [ 110.312112, -7.758154, 0.0 ], [ 110.312146, -7.758291999999891, 0.0 ], [ 110.312172000000132, -7.758354, 0.0 ], [ 110.312299, -7.758655, 0.0 ], [ 110.312439, -7.758841, 0.0 ], [ 110.312605, -7.758958, 0.0 ], [ 110.312803000000116, -7.759049, 0.0 ], [ 110.31298, -7.759064, 0.0 ], [ 110.313172, -7.759097, 0.0 ], [ 110.313298000000131, -7.759141, 0.0 ], [ 110.313395, -7.759186, 0.0 ], [ 110.313501, -7.759273, 0.0 ], [ 110.313573, -7.759415, 0.0 ], [ 110.313635, -7.759658, 0.0 ], [ 110.313619, -7.759947, 0.0 ], [ 110.313565, -7.760066, 0.0 ], [ 110.313456, -7.760197, 0.0 ], [ 110.313329, -7.760325, 0.0 ], [ 110.31305, -7.76061, 0.0 ], [ 110.312861, -7.760928, 0.0 ], [ 110.312805, -7.761164, 0.0 ], [ 110.312815, -7.761331999999889, 0.0 ], [ 110.312657, -7.761367, 0.0 ], [ 110.312531, -7.76146, 0.0 ], [ 110.312329, -7.761434, 0.0 ], [ 110.31228, -7.761434, 0.0 ], [ 110.312267, -7.761429, 0.0 ], [ 110.312208, -7.761384, 0.0 ], [ 110.3121340000001, -7.76135, 0.0 ], [ 110.311617, -7.761225, 0.0 ], [ 110.311434, -7.7612, 0.0 ], [ 110.311174, -7.761145, 0.0 ], [ 110.311138000000113, -7.761267, 0.0 ], [ 110.311107, -7.761419999999887, 0.0 ], [ 110.311025, -7.761824, 0.0 ], [ 110.310788000000102, -7.762294, 0.0 ], [ 110.310097, -7.762497, 0.0 ], [ 110.310059, -7.762609, 0.0 ], [ 110.31002, -7.762844, 0.0 ], [ 110.309759, -7.762762, 0.0 ], [ 110.309642, -7.762783, 0.0 ], [ 110.309543000000119, -7.762873, 0.0 ], [ 110.30943, -7.763046, 0.0 ], [ 110.309458000000106, -7.763068, 0.0 ], [ 110.309829, -7.763499, 0.0 ], [ 110.309755, -7.763628, 0.0 ], [ 110.309608, -7.763936, 0.0 ], [ 110.309505, -7.764139, 0.0 ], [ 110.309372, -7.764422, 0.0 ], [ 110.309012, -7.765154, 0.0 ], [ 110.308847, -7.76552, 0.0 ], [ 110.308613, -7.766001, 0.0 ], [ 110.308367, -7.766516000999914, 0.0 ], [ 110.308268, -7.76674, 0.0 ], [ 110.308045, -7.767224, 0.0 ], [ 110.307144, -7.767128, 0.0 ], [ 110.306865, -7.766849, 0.0 ], [ 110.306402, -7.765761, 0.0 ], [ 110.305962000000122, -7.765344, 0.0 ], [ 110.305664, -7.764701, 0.0 ], [ 110.30624, -7.7635, 0.0 ], [ 110.306341000000131, -7.763309, 0.0 ], [ 110.306432000000115, -7.763138, 0.0 ], [ 110.305967, -7.761965, 0.0 ], [ 110.305829, -7.761479, 0.0 ], [ 110.305666, -7.76134, 0.0 ], [ 110.305413, -7.760971, 0.0 ], [ 110.305467000000107, -7.760934, 0.0 ], [ 110.305559, -7.760833999999896, 0.0 ], [ 110.305622, -7.760595, 0.0 ], [ 110.30596, -7.760173, 0.0 ], [ 110.306105, -7.759995, 0.0 ], [ 110.306264, -7.759794, 0.0 ], [ 110.306514, -7.759585, 0.0 ], [ 110.307055, -7.759329, 0.0 ], [ 110.307287, -7.759195, 0.0 ], [ 110.307442, -7.759075, 0.0 ], [ 110.307525, -7.759017, 0.0 ], [ 110.307027, -7.758323, 0.0 ], [ 110.305344, -7.75745, 0.0 ], [ 110.304236, -7.757023, 0.0 ], [ 110.304279, -7.756726000999905, 0.0 ], [ 110.30315, -7.756491, 0.0 ], [ 110.300577, -7.755872, 0.0 ], [ 110.300432, -7.755973, 0.0 ], [ 110.300064, -7.756167, 0.0 ], [ 110.299941, -7.756243, 0.0 ], [ 110.299891, -7.756274, 0.0 ], [ 110.299804, -7.756354, 0.0 ], [ 110.299757, -7.756403, 0.0 ], [ 110.299749, -7.756416, 0.0 ], [ 110.299665, -7.756582, 0.0 ], [ 110.29957, -7.75683, 0.0 ], [ 110.299481, -7.757017, 0.0 ], [ 110.299462000000105, -7.757065, 0.0 ], [ 110.298651, -7.756775, 0.0 ], [ 110.29844, -7.75669, 0.0 ], [ 110.298183, -7.756595, 0.0 ], [ 110.297961, -7.75649, 0.0 ], [ 110.297853000000117, -7.756781, 0.0 ], [ 110.297754, -7.757003, 0.0 ], [ 110.297731, -7.757111, 0.0 ], [ 110.297651000000101, -7.757618, 0.0 ], [ 110.297612, -7.757692, 0.0 ], [ 110.29754, -7.757934, 0.0 ], [ 110.297471000000129, -7.758138, 0.0 ], [ 110.297284, -7.758686, 0.0 ], [ 110.297151, -7.759156, 0.0 ], [ 110.297071, -7.759123, 0.0 ], [ 110.296674, -7.759074, 0.0 ], [ 110.296542, -7.759055, 0.0 ], [ 110.296479, -7.759051, 0.0 ], [ 110.296367, -7.759016, 0.0 ], [ 110.296043, -7.758928, 0.0 ], [ 110.294831, -7.758565, 0.0 ], [ 110.294743, -7.758535, 0.0 ], [ 110.294658, -7.75848200099998, 0.0 ], [ 110.294583, -7.758407, 0.0 ], [ 110.294416, -7.759174, 0.0 ], [ 110.294412, -7.75916899999989, 0.0 ], [ 110.294268, -7.759093, 0.0 ], [ 110.293502, -7.75871600099989, 0.0 ], [ 110.29278, -7.758396, 0.0 ], [ 110.292442, -7.758231, 0.0 ], [ 110.292176, -7.75905, 0.0 ], [ 110.292025, -7.759538, 0.0 ], [ 110.291956, -7.759745, 0.0 ], [ 110.291908, -7.759888, 0.0 ], [ 110.291833, -7.760121, 0.0 ], [ 110.291717000000105, -7.760507, 0.0 ], [ 110.291676, -7.760633, 0.0 ], [ 110.291536, -7.761065, 0.0 ], [ 110.291533, -7.761075000999941, 0.0 ], [ 110.291411, -7.761434, 0.0 ], [ 110.291384, -7.761507, 0.0 ], [ 110.29134700000013, -7.761496, 0.0 ], [ 110.291178, -7.761411, 0.0 ], [ 110.291012000000123, -7.761323, 0.0 ], [ 110.290556, -7.761131, 0.0 ], [ 110.290517000000108, -7.761111, 0.0 ], [ 110.290621, -7.760831, 0.0 ], [ 110.290625, -7.760613, 0.0 ], [ 110.290579, -7.760472, 0.0 ], [ 110.290497, -7.760367, 0.0 ], [ 110.29026, -7.760229, 0.0 ], [ 110.290132, -7.760152, 0.0 ], [ 110.290102, -7.759938, 0.0 ], [ 110.290102, -7.759931, 0.0 ], [ 110.290084, -7.759879, 0.0 ], [ 110.289972, -7.759815, 0.0 ], [ 110.289832, -7.759768, 0.0 ], [ 110.289762, -7.759719, 0.0 ], [ 110.289757000000108, -7.7597, 0.0 ], [ 110.289801000000111, -7.75961, 0.0 ], [ 110.289909, -7.759394, 0.0 ], [ 110.290025, -7.758892000999975, 0.0 ], [ 110.290095, -7.758441, 0.0 ], [ 110.290123, -7.758305, 0.0 ], [ 110.290159, -7.758099, 0.0 ], [ 110.290153000000103, -7.758016, 0.0 ], [ 110.290081, -7.757925, 0.0 ], [ 110.2899630000001, -7.757852, 0.0 ], [ 110.28983, -7.757839000999979, 0.0 ], [ 110.289648, -7.75791, 0.0 ], [ 110.289543, -7.758007, 0.0 ], [ 110.289477, -7.758095, 0.0 ], [ 110.289464, -7.758066, 0.0 ], [ 110.289195, -7.757826, 0.0 ], [ 110.288822, -7.757589999999894, 0.0 ], [ 110.288658, -7.757523, 0.0 ], [ 110.28864, -7.757507000999954, 0.0 ], [ 110.288661, -7.757477, 0.0 ], [ 110.288945, -7.757151, 0.0 ], [ 110.289195, -7.756906, 0.0 ], [ 110.28938800000013, -7.75669, 0.0 ], [ 110.28945, -7.756641, 0.0 ], [ 110.28976, -7.756442, 0.0 ], [ 110.289949, -7.756289, 0.0 ], [ 110.289934000000102, -7.756239000999933, 0.0 ], [ 110.289893, -7.756187, 0.0 ], [ 110.289825, -7.756107, 0.0 ], [ 110.289258, -7.755348, 0.0 ], [ 110.289173000000105, -7.75524, 0.0 ], [ 110.289067, -7.754822, 0.0 ], [ 110.288962, -7.754331, 0.0 ], [ 110.288866, -7.753829, 0.0 ], [ 110.288972, -7.753392000999916, 0.0 ], [ 110.289006, -7.75325, 0.0 ], [ 110.289004, -7.753172, 0.0 ], [ 110.288915, -7.753123, 0.0 ], [ 110.288415, -7.75302, 0.0 ], [ 110.288218, -7.752995, 0.0 ], [ 110.288177000000118, -7.752383, 0.0 ], [ 110.287833, -7.752306, 0.0 ], [ 110.287299, -7.75202, 0.0 ], [ 110.286993, -7.752043, 0.0 ], [ 110.286904, -7.751876, 0.0 ], [ 110.286876, -7.75174, 0.0 ], [ 110.286874, -7.751379999999887, 0.0 ], [ 110.286929, -7.751167, 0.0 ], [ 110.287162, -7.75068, 0.0 ], [ 110.287246, -7.750537, 0.0 ], [ 110.287275, -7.750487, 0.0 ], [ 110.287407, -7.750366, 0.0 ], [ 110.287618, -7.750265, 0.0 ], [ 110.28779, -7.75016, 0.0 ], [ 110.287809, -7.750146, 0.0 ], [ 110.288028, -7.750143, 0.0 ], [ 110.288177000000118, -7.750097, 0.0 ], [ 110.288277, -7.750004999999895, 0.0 ], [ 110.288279500000073, -7.75, 0.0 ], [ 110.28828, -7.749999000999932, 0.0 ], [ 110.288421, -7.749721, 0.0 ], [ 110.288486, -7.749575, 0.0 ], [ 110.28858, -7.749365, 0.0 ], [ 110.28875, -7.748866, 0.0 ], [ 110.288858, -7.748506, 0.0 ], [ 110.288972, -7.7481, 0.0 ], [ 110.289049, -7.747726, 0.0 ], [ 110.289087, -7.747578, 0.0 ], [ 110.28917, -7.747473, 0.0 ], [ 110.289549, -7.747278, 0.0 ], [ 110.289925, -7.747071, 0.0 ], [ 110.289996, -7.747015000999948, 0.0 ], [ 110.290084, -7.746822, 0.0 ], [ 110.290425, -7.746344, 0.0 ], [ 110.290661, -7.746064, 0.0 ], [ 110.290779, -7.745895, 0.0 ], [ 110.290822, -7.745828, 0.0 ], [ 110.291014000000104, -7.745633, 0.0 ], [ 110.291424000000106, -7.745235, 0.0 ], [ 110.291895, -7.744874, 0.0 ], [ 110.292516, -7.744328, 0.0 ], [ 110.292858, -7.744078, 0.0 ], [ 110.293168, -7.743778001, 0.0 ], [ 110.293568, -7.743071, 0.0 ], [ 110.293741, -7.742516, 0.0 ], [ 110.293968, -7.741988, 0.0 ], [ 110.293907, -7.741824, 0.0 ], [ 110.293775, -7.741769000999945, 0.0 ], [ 110.293542, -7.741638, 0.0 ], [ 110.293358, -7.741406, 0.0 ], [ 110.293257, -7.741344, 0.0 ], [ 110.293018000000103, -7.741343, 0.0 ], [ 110.292597, -7.741388, 0.0 ], [ 110.292126, -7.741341, 0.0 ], [ 110.291865, -7.741232, 0.0 ], [ 110.291428, -7.741003, 0.0 ], [ 110.291085, -7.740784, 0.0 ], [ 110.290607, -7.740548999999898, 0.0 ], [ 110.290369, -7.740491, 0.0 ], [ 110.290092000000115, -7.740376, 0.0 ], [ 110.28973, -7.739994000999985, 0.0 ], [ 110.289914, -7.738881, 0.0 ], [ 110.290137000000115, -7.738644, 0.0 ], [ 110.29039, -7.738459, 0.0 ], [ 110.290812, -7.738411, 0.0 ], [ 110.290946, -7.738441, 0.0 ], [ 110.291224, -7.738556, 0.0 ], [ 110.291351000000105, -7.738812, 0.0 ], [ 110.291465, -7.739051, 0.0 ], [ 110.291575, -7.739424999999891, 0.0 ], [ 110.291843, -7.73997, 0.0 ], [ 110.292079, -7.740207, 0.0 ], [ 110.292298, -7.740323, 0.0 ], [ 110.292747, -7.740371, 0.0 ], [ 110.293103000000116, -7.740277, 0.0 ], [ 110.293315, -7.740116, 0.0 ], [ 110.293485, -7.740077, 0.0 ], [ 110.293719, -7.740123, 0.0 ], [ 110.293893000000111, -7.740162, 0.0 ], [ 110.29421400000011, -7.740095999999898, 0.0 ], [ 110.294458, -7.74011, 0.0 ], [ 110.294907, -7.740218, 0.0 ], [ 110.295008, -7.740308, 0.0 ], [ 110.29519, -7.740454, 0.0 ], [ 110.295774, -7.740852000999922, 0.0 ], [ 110.296557, -7.741187, 0.0 ], [ 110.296937, -7.740636, 0.0 ], [ 110.2976, -7.741076, 0.0 ], [ 110.297829, -7.741291, 0.0 ], [ 110.298076, -7.74146, 0.0 ], [ 110.298202, -7.741687, 0.0 ], [ 110.298322, -7.741898, 0.0 ], [ 110.29848, -7.742108, 0.0 ], [ 110.298762, -7.74229, 0.0 ], [ 110.299018, -7.742443, 0.0 ], [ 110.299422, -7.742498, 0.0 ], [ 110.299947, -7.74255, 0.0 ], [ 110.300234, -7.742522, 0.0 ], [ 110.300581, -7.742319, 0.0 ], [ 110.300828, -7.742107, 0.0 ], [ 110.301108, -7.741734, 0.0 ], [ 110.301337, -7.741394, 0.0 ], [ 110.301569, -7.741367, 0.0 ], [ 110.30183, -7.741469, 0.0 ], [ 110.30188600000011, -7.741544, 0.0 ], [ 110.301856, -7.741775, 0.0 ], [ 110.301834, -7.742049, 0.0 ], [ 110.301917000000103, -7.74222, 0.0 ], [ 110.30199, -7.742345, 0.0 ], [ 110.302189, -7.742507, 0.0 ], [ 110.302294, -7.742629, 0.0 ], [ 110.302301, -7.742922, 0.0 ], [ 110.302233, -7.743188, 0.0 ], [ 110.302279, -7.743674, 0.0 ], [ 110.302342, -7.743775, 0.0 ], [ 110.3024, -7.743774, 0.0 ], [ 110.302578, -7.743728, 0.0 ], [ 110.302666, -7.743713, 0.0 ], [ 110.30276, -7.743184, 0.0 ], [ 110.302785, -7.743069, 0.0 ], [ 110.302801, -7.743034, 0.0 ], [ 110.30291, -7.742375, 0.0 ], [ 110.302941, -7.742212, 0.0 ], [ 110.303013000000107, -7.742091, 0.0 ], [ 110.303154, -7.741958, 0.0 ], [ 110.303922, -7.741739, 0.0 ], [ 110.30424, -7.741644, 0.0 ], [ 110.304429000000113, -7.741578, 0.0 ], [ 110.304555, -7.7415, 0.0 ], [ 110.304901, -7.740924, 0.0 ], [ 110.304918, -7.740874, 0.0 ] ] ] ] } },
{ "type": "Feature", "properties": { "NAMOBJ": "Margokaton", "WADMKC": "Seyegan", "WADMKK": "Kabupaten Sleman", "WADMPR": "DI Yogyakarta" }, "geometry": { "type": "MultiPolygon", "coordinates": [ [ [ [ 110.29093, -7.709102, 0.0 ], [ 110.290887, -7.709303, 0.0 ], [ 110.290434, -7.709243, 0.0 ], [ 110.290281, -7.709818, 0.0 ], [ 110.290213, -7.710184, 0.0 ], [ 110.290144, -7.710688, 0.0 ], [ 110.290106, -7.710776, 0.0 ], [ 110.289924, -7.710924, 0.0 ], [ 110.289552000000114, -7.711341, 0.0 ], [ 110.289419, -7.712487, 0.0 ], [ 110.289181, -7.712790000999938, 0.0 ], [ 110.289269, -7.712949, 0.0 ], [ 110.289403, -7.71316000099991, 0.0 ], [ 110.289511, -7.713488, 0.0 ], [ 110.28958, -7.713539, 0.0 ], [ 110.289637000000127, -7.713637, 0.0 ], [ 110.289971, -7.713920001, 0.0 ], [ 110.290024, -7.713971, 0.0 ], [ 110.290426, -7.714088, 0.0 ], [ 110.290494, -7.714106, 0.0 ], [ 110.290542, -7.714149, 0.0 ], [ 110.2906, -7.714173, 0.0 ], [ 110.290632, -7.714196, 0.0 ], [ 110.290819, -7.714468, 0.0 ], [ 110.290896000000117, -7.714666, 0.0 ], [ 110.29094, -7.714854, 0.0 ], [ 110.290947, -7.714893, 0.0 ], [ 110.29098, -7.714916, 0.0 ], [ 110.291738, -7.71523, 0.0 ], [ 110.292281, -7.715371, 0.0 ], [ 110.292741, -7.715358, 0.0 ], [ 110.29314, -7.715205, 0.0 ], [ 110.293606, -7.714998, 0.0 ], [ 110.293742, -7.715002, 0.0 ], [ 110.293943, -7.715007, 0.0 ], [ 110.294079, -7.715012000999934, 0.0 ], [ 110.294261, -7.715017999999898, 0.0 ], [ 110.294736, -7.715023, 0.0 ], [ 110.29574, -7.715033, 0.0 ], [ 110.295975, -7.715375, 0.0 ], [ 110.296277000000103, -7.716057, 0.0 ], [ 110.296448, -7.716378000999981, 0.0 ], [ 110.296403, -7.716479999999894, 0.0 ], [ 110.296183, -7.716966, 0.0 ], [ 110.296161, -7.717157, 0.0 ], [ 110.29621, -7.717364, 0.0 ], [ 110.296313, -7.717506, 0.0 ], [ 110.296324, -7.717511, 0.0 ], [ 110.296397, -7.717543, 0.0 ], [ 110.296427, -7.717558, 0.0 ], [ 110.29685, -7.717724000999972, 0.0 ], [ 110.296936, -7.717742, 0.0 ], [ 110.297274, -7.717325, 0.0 ], [ 110.297396, -7.717189, 0.0 ], [ 110.297999, -7.716855, 0.0 ], [ 110.298153, -7.716798, 0.0 ], [ 110.298317, -7.716733, 0.0 ], [ 110.298447, -7.7167, 0.0 ], [ 110.298837, -7.716743, 0.0 ], [ 110.299002, -7.716736, 0.0 ], [ 110.299314, -7.716517, 0.0 ], [ 110.299683, -7.71649, 0.0 ], [ 110.299874, -7.716442, 0.0 ], [ 110.300032, -7.71633, 0.0 ], [ 110.300169, -7.716193, 0.0 ], [ 110.300236, -7.716062, 0.0 ], [ 110.300264000000112, -7.715837, 0.0 ], [ 110.30026, -7.715705, 0.0 ], [ 110.300232, -7.715484, 0.0 ], [ 110.300251000000102, -7.715218, 0.0 ], [ 110.300332, -7.715093, 0.0 ], [ 110.300366, -7.715092, 0.0 ], [ 110.300501, -7.715094, 0.0 ], [ 110.300923000000111, -7.715101, 0.0 ], [ 110.301111, -7.715109, 0.0 ], [ 110.301187, -7.715118, 0.0 ], [ 110.30166, -7.71510699999989, 0.0 ], [ 110.302136000000104, -7.715137, 0.0 ], [ 110.302211, -7.715137, 0.0 ], [ 110.302611, -7.715128, 0.0 ], [ 110.302799, -7.715124, 0.0 ], [ 110.302891, -7.715122, 0.0 ], [ 110.303227, -7.715118, 0.0 ], [ 110.303619, -7.715152, 0.0 ], [ 110.303915, -7.715174, 0.0 ], [ 110.304169000000101, -7.715162, 0.0 ], [ 110.303873, -7.715786, 0.0 ], [ 110.303152, -7.716704, 0.0 ], [ 110.303104, -7.716763, 0.0 ], [ 110.303017, -7.716926, 0.0 ], [ 110.302543, -7.717595, 0.0 ], [ 110.302373, -7.717835, 0.0 ], [ 110.30226, -7.717985, 0.0 ], [ 110.302048000000113, -7.718311, 0.0 ], [ 110.301904, -7.718565, 0.0 ], [ 110.301679, -7.718875, 0.0 ], [ 110.301464000000109, -7.719217, 0.0 ], [ 110.301683000000111, -7.719297, 0.0 ], [ 110.301601, -7.719631, 0.0 ], [ 110.301544, -7.719861, 0.0 ], [ 110.301526, -7.719932, 0.0 ], [ 110.301213000000118, -7.720007, 0.0 ], [ 110.301177, -7.720103999999896, 0.0 ], [ 110.301114, -7.72028, 0.0 ], [ 110.301067, -7.720408, 0.0 ], [ 110.301034, -7.720505, 0.0 ], [ 110.300979, -7.72065, 0.0 ], [ 110.300928, -7.720789, 0.0 ], [ 110.300884, -7.720960001000023, 0.0 ], [ 110.300852, -7.721121, 0.0 ], [ 110.30080300000013, -7.721366, 0.0 ], [ 110.300552, -7.721815, 0.0 ], [ 110.300372, -7.722540001000013, 0.0 ], [ 110.300346, -7.722621, 0.0 ], [ 110.300081, -7.722731, 0.0 ], [ 110.29994, -7.723043, 0.0 ], [ 110.299808, -7.723336, 0.0 ], [ 110.299189, -7.723745, 0.0 ], [ 110.298946, -7.724259, 0.0 ], [ 110.298881, -7.724396, 0.0 ], [ 110.298878000000101, -7.724431, 0.0 ], [ 110.298868, -7.724585, 0.0 ], [ 110.298731000000103, -7.724682, 0.0 ], [ 110.298567, -7.724815, 0.0 ], [ 110.298206, -7.725107, 0.0 ], [ 110.297937, -7.725249, 0.0 ], [ 110.297697, -7.725273, 0.0 ], [ 110.297203, -7.725265, 0.0 ], [ 110.297067, -7.725436, 0.0 ], [ 110.296866, -7.725612, 0.0 ], [ 110.29671, -7.725742, 0.0 ], [ 110.296677, -7.725907, 0.0 ], [ 110.296673, -7.726098, 0.0 ], [ 110.296648, -7.726327, 0.0 ], [ 110.296631, -7.726328, 0.0 ], [ 110.296596000000108, -7.726361, 0.0 ], [ 110.296541, -7.726464, 0.0 ], [ 110.296443, -7.726574, 0.0 ], [ 110.296114, -7.727186, 0.0 ], [ 110.296108, -7.727208, 0.0 ], [ 110.29606, -7.727388, 0.0 ], [ 110.295975, -7.727624, 0.0 ], [ 110.295888, -7.727792, 0.0 ], [ 110.294548, -7.728996000999945, 0.0 ], [ 110.294073, -7.729333, 0.0 ], [ 110.293795, -7.729463000999949, 0.0 ], [ 110.293658, -7.729495, 0.0 ], [ 110.293533, -7.729478, 0.0 ], [ 110.293350000000117, -7.729194, 0.0 ], [ 110.293221000000102, -7.729046, 0.0 ], [ 110.293001, -7.728914, 0.0 ], [ 110.29282, -7.728864, 0.0 ], [ 110.292550000000105, -7.728875, 0.0 ], [ 110.292504, -7.728885, 0.0 ], [ 110.292252, -7.728995000999952, 0.0 ], [ 110.291936000000106, -7.729021, 0.0 ], [ 110.291884, -7.729025, 0.0 ], [ 110.291791, -7.729021, 0.0 ], [ 110.291636, -7.728886, 0.0 ], [ 110.291479, -7.728755, 0.0 ], [ 110.291306000000105, -7.728676, 0.0 ], [ 110.291127, -7.728654, 0.0 ], [ 110.291, -7.728661, 0.0 ], [ 110.290736, -7.728674, 0.0 ], [ 110.29026, -7.728824, 0.0 ], [ 110.290128, -7.728865, 0.0 ], [ 110.289904, -7.728796, 0.0 ], [ 110.289583, -7.728785, 0.0 ], [ 110.289476, -7.728775, 0.0 ], [ 110.289286, -7.728469000999951, 0.0 ], [ 110.289181, -7.728318, 0.0 ], [ 110.289045, -7.728225, 0.0 ], [ 110.289016, -7.728253, 0.0 ], [ 110.288898, -7.728314, 0.0 ], [ 110.288577, -7.72833, 0.0 ], [ 110.2884430000001, -7.728346999999893, 0.0 ], [ 110.287753, -7.728862, 0.0 ], [ 110.287714, -7.728894, 0.0 ], [ 110.287375, -7.729049, 0.0 ], [ 110.287223, -7.729122, 0.0 ], [ 110.28711, -7.729226, 0.0 ], [ 110.287023, -7.730679, 0.0 ], [ 110.287035, -7.73073, 0.0 ], [ 110.286876, -7.730741, 0.0 ], [ 110.286844, -7.730743, 0.0 ], [ 110.286698, -7.730771, 0.0 ], [ 110.286638, -7.730801999999894, 0.0 ], [ 110.286555000000121, -7.73109499999989, 0.0 ], [ 110.285534, -7.731032, 0.0 ], [ 110.285425, -7.730997, 0.0 ], [ 110.285368, -7.731021, 0.0 ], [ 110.285216, -7.731247, 0.0 ], [ 110.285126, -7.731348, 0.0 ], [ 110.284632, -7.73128, 0.0 ], [ 110.284445, -7.73124, 0.0 ], [ 110.284227, -7.731258000999965, 0.0 ], [ 110.283963, -7.731324, 0.0 ], [ 110.283882, -7.731305, 0.0 ], [ 110.283871, -7.731303, 0.0 ], [ 110.283813, -7.7313, 0.0 ], [ 110.283604000000111, -7.731455, 0.0 ], [ 110.283447, -7.731593, 0.0 ], [ 110.283081, -7.731886, 0.0 ], [ 110.281827, -7.732823, 0.0 ], [ 110.281497, -7.73308, 0.0 ], [ 110.280771000000101, -7.733642, 0.0 ], [ 110.280704, -7.73368, 0.0 ], [ 110.280483, -7.733821, 0.0 ], [ 110.280269, -7.734009, 0.0 ], [ 110.280022000000116, -7.734218, 0.0 ], [ 110.279542, -7.734583, 0.0 ], [ 110.279145000000128, -7.73489, 0.0 ], [ 110.279063, -7.734747, 0.0 ], [ 110.278957, -7.734627, 0.0 ], [ 110.278956, -7.734626, 0.0 ], [ 110.278787, -7.73453, 0.0 ], [ 110.278687, -7.734465, 0.0 ], [ 110.278639, -7.734396, 0.0 ], [ 110.278641, -7.734302, 0.0 ], [ 110.278796, -7.734009, 0.0 ], [ 110.278907, -7.733844, 0.0 ], [ 110.278952, -7.733777, 0.0 ], [ 110.279203, -7.733477, 0.0 ], [ 110.279314, -7.733312, 0.0 ], [ 110.279332, -7.733268, 0.0 ], [ 110.279464, -7.733103, 0.0 ], [ 110.279551, -7.732994, 0.0 ], [ 110.279661, -7.732856000999934, 0.0 ], [ 110.279753, -7.732740000999929, 0.0 ], [ 110.279895, -7.732563, 0.0 ], [ 110.279942, -7.732318, 0.0 ], [ 110.279828, -7.732068, 0.0 ], [ 110.279585, -7.731902, 0.0 ], [ 110.279238, -7.731702, 0.0 ], [ 110.279176, -7.731503, 0.0 ], [ 110.279252, -7.731326, 0.0 ], [ 110.279373, -7.730765, 0.0 ], [ 110.279395000000108, -7.730009000999917, 0.0 ], [ 110.279396000000105, -7.729836, 0.0 ], [ 110.279313, -7.729807999999895, 0.0 ], [ 110.279277, -7.729773, 0.0 ], [ 110.279275, -7.729765999999884, 0.0 ], [ 110.279132, -7.729374, 0.0 ], [ 110.279076000000103, -7.729272, 0.0 ], [ 110.279135, -7.729222999999898, 0.0 ], [ 110.279749, -7.729404, 0.0 ], [ 110.279862, -7.729438, 0.0 ], [ 110.279869, -7.729439, 0.0 ], [ 110.280267, -7.729364, 0.0 ], [ 110.280366, -7.729313, 0.0 ], [ 110.280451, -7.729211, 0.0 ], [ 110.280488, -7.729125, 0.0 ], [ 110.280496, -7.729116, 0.0 ], [ 110.280571, -7.728775, 0.0 ], [ 110.280578, -7.728546, 0.0 ], [ 110.280576, -7.728511, 0.0 ], [ 110.280614, -7.72822, 0.0 ], [ 110.280766000000128, -7.727826000999951, 0.0 ], [ 110.280909, -7.727534, 0.0 ], [ 110.281084, -7.727182000999957, 0.0 ], [ 110.281149000000113, -7.727067, 0.0 ], [ 110.281183, -7.727042, 0.0 ], [ 110.281032, -7.726748, 0.0 ], [ 110.280847, -7.726468, 0.0 ], [ 110.280654, -7.726278, 0.0 ], [ 110.28031, -7.726018, 0.0 ], [ 110.279536, -7.725433, 0.0 ], [ 110.279393000000127, -7.725262999999895, 0.0 ], [ 110.279565, -7.724942, 0.0 ], [ 110.27971, -7.724671, 0.0 ], [ 110.279831, -7.724446, 0.0 ], [ 110.279964, -7.724197, 0.0 ], [ 110.280074, -7.72398, 0.0 ], [ 110.280115, -7.723863, 0.0 ], [ 110.280176, -7.723692, 0.0 ], [ 110.280253, -7.723475, 0.0 ], [ 110.280342, -7.723225, 0.0 ], [ 110.280492, -7.722804, 0.0 ], [ 110.278366, -7.721951, 0.0 ], [ 110.278118, -7.722444, 0.0 ], [ 110.277648, -7.723399000999944, 0.0 ], [ 110.277592, -7.723375, 0.0 ], [ 110.276183, -7.722653, 0.0 ], [ 110.275979, -7.723044, 0.0 ], [ 110.275782, -7.723473, 0.0 ], [ 110.275096, -7.724879, 0.0 ], [ 110.275078, -7.724920000999937, 0.0 ], [ 110.273563000000124, -7.724392, 0.0 ], [ 110.273354, -7.724932, 0.0 ], [ 110.273284, -7.725126, 0.0 ], [ 110.273273000000103, -7.725116, 0.0 ], [ 110.271705, -7.724815, 0.0 ], [ 110.271917, -7.724066, 0.0 ], [ 110.27214600000012, -7.723221, 0.0 ], [ 110.272287, -7.722732, 0.0 ], [ 110.272357, -7.722497, 0.0 ], [ 110.272582, -7.721725, 0.0 ], [ 110.272667, -7.721458, 0.0 ], [ 110.272949, -7.720407, 0.0 ], [ 110.272980000000103, -7.720281, 0.0 ], [ 110.273063, -7.719932, 0.0 ], [ 110.273155000000116, -7.719608, 0.0 ], [ 110.273506, -7.718358, 0.0 ], [ 110.27357, -7.718164, 0.0 ], [ 110.273634, -7.717976, 0.0 ], [ 110.273655, -7.717831, 0.0 ], [ 110.273644, -7.717754, 0.0 ], [ 110.27367, -7.717686, 0.0 ], [ 110.273671, -7.717685000999943, 0.0 ], [ 110.273704, -7.717361, 0.0 ], [ 110.273900000000111, -7.71714, 0.0 ], [ 110.273916, -7.71684, 0.0 ], [ 110.273671, -7.71676, 0.0 ], [ 110.27337, -7.716888, 0.0 ], [ 110.273125, -7.716778, 0.0 ], [ 110.273048, -7.716601, 0.0 ], [ 110.273048, -7.716327, 0.0 ], [ 110.273096, -7.715909000999901, 0.0 ], [ 110.273187, -7.715687, 0.0 ], [ 110.273406, -7.715615, 0.0 ], [ 110.273751, -7.715639, 0.0 ], [ 110.274002, -7.715567, 0.0 ], [ 110.274147000000127, -7.715047, 0.0 ], [ 110.274309000000116, -7.714908, 0.0 ], [ 110.274363, -7.714929, 0.0 ], [ 110.274399000000102, -7.714943, 0.0 ], [ 110.27464500000012, -7.715068, 0.0 ], [ 110.274837, -7.715297, 0.0 ], [ 110.27501, -7.715602, 0.0 ], [ 110.275236, -7.715718, 0.0 ], [ 110.275316000000117, -7.715745, 0.0 ], [ 110.275581, -7.71572, 0.0 ], [ 110.275781, -7.715702, 0.0 ], [ 110.276379, -7.716025, 0.0 ], [ 110.276572, -7.716137, 0.0 ], [ 110.276675, -7.716196, 0.0 ], [ 110.276959, -7.716337, 0.0 ], [ 110.276998, -7.716352, 0.0 ], [ 110.277562, -7.716659, 0.0 ], [ 110.277765, -7.716769, 0.0 ], [ 110.277834, -7.716814, 0.0 ], [ 110.278598, -7.717212, 0.0 ], [ 110.278783, -7.71732, 0.0 ], [ 110.27941, -7.716012, 0.0 ], [ 110.279593, -7.715685, 0.0 ], [ 110.279738, -7.715403000999956, 0.0 ], [ 110.279848000000115, -7.715176, 0.0 ], [ 110.279858, -7.715144, 0.0 ], [ 110.279980000000108, -7.714903, 0.0 ], [ 110.280068000000114, -7.714742, 0.0 ], [ 110.280405000000101, -7.713989, 0.0 ], [ 110.280802, -7.713266, 0.0 ], [ 110.280987, -7.712826, 0.0 ], [ 110.281387, -7.712021, 0.0 ], [ 110.28158, -7.711657, 0.0 ], [ 110.281669, -7.711467, 0.0 ], [ 110.281783, -7.711181, 0.0 ], [ 110.280878, -7.711144999999899, 0.0 ], [ 110.280349, -7.711116, 0.0 ], [ 110.279440000000108, -7.711075, 0.0 ], [ 110.279075, -7.711065, 0.0 ], [ 110.278859, -7.711047, 0.0 ], [ 110.27831100000013, -7.711019, 0.0 ], [ 110.277567, -7.710989, 0.0 ], [ 110.277373, -7.710981, 0.0 ], [ 110.277350000000112, -7.71098, 0.0 ], [ 110.277278, -7.710983, 0.0 ], [ 110.277214, -7.710978, 0.0 ], [ 110.276970000000105, -7.710957000999976, 0.0 ], [ 110.276776, -7.711405000999918, 0.0 ], [ 110.276648000000108, -7.711633, 0.0 ], [ 110.276644, -7.711643, 0.0 ], [ 110.276522, -7.71185, 0.0 ], [ 110.276358000000101, -7.71217, 0.0 ], [ 110.275984, -7.712889, 0.0 ], [ 110.275916, -7.712542, 0.0 ], [ 110.275471, -7.712298, 0.0 ], [ 110.275267, -7.712202, 0.0 ], [ 110.27529, -7.711688, 0.0 ], [ 110.275294, -7.711648, 0.0 ], [ 110.275993, -7.711751, 0.0 ], [ 110.275815000000108, -7.71025, 0.0 ], [ 110.275558, -7.710238, 0.0 ], [ 110.27559, -7.710065999999884, 0.0 ], [ 110.27562, -7.709909, 0.0 ], [ 110.275258, -7.70979, 0.0 ], [ 110.275067, -7.709728000999984, 0.0 ], [ 110.274980000000127, -7.7097, 0.0 ], [ 110.274831, -7.709651, 0.0 ], [ 110.274742, -7.709622, 0.0 ], [ 110.274656, -7.709594, 0.0 ], [ 110.274608, -7.709578, 0.0 ], [ 110.274607, -7.70953, 0.0 ], [ 110.274524, -7.709253, 0.0 ], [ 110.274425, -7.709044, 0.0 ], [ 110.274496, -7.709015, 0.0 ], [ 110.274696, -7.708955, 0.0 ], [ 110.274835, -7.708955, 0.0 ], [ 110.275085, -7.709075, 0.0 ], [ 110.275488, -7.709316, 0.0 ], [ 110.27581, -7.709496, 0.0 ], [ 110.276193, -7.7096, 0.0 ], [ 110.276387, -7.709629, 0.0 ], [ 110.276442000000117, -7.709630000999958, 0.0 ], [ 110.276461, -7.709623, 0.0 ], [ 110.276567, -7.709557, 0.0 ], [ 110.276573, -7.709551, 0.0 ], [ 110.276780000000102, -7.709655, 0.0 ], [ 110.27698500000011, -7.709724, 0.0 ], [ 110.277258, -7.709723, 0.0 ], [ 110.277410000000103, -7.709676, 0.0 ], [ 110.277522, -7.709599, 0.0 ], [ 110.277659, -7.709383, 0.0 ], [ 110.277733, -7.709267, 0.0 ], [ 110.278085, -7.709005, 0.0 ], [ 110.278306, -7.7089, 0.0 ], [ 110.278419, -7.708882, 0.0 ], [ 110.278614, -7.708928000999961, 0.0 ], [ 110.278853000000126, -7.709078, 0.0 ], [ 110.279060000000101, -7.709306, 0.0 ], [ 110.279131, -7.709480999999887, 0.0 ], [ 110.279172, -7.709588, 0.0 ], [ 110.279358, -7.70975, 0.0 ], [ 110.279499, -7.709829, 0.0 ], [ 110.280527, -7.710088, 0.0 ], [ 110.280645, -7.710092, 0.0 ], [ 110.280930000000112, -7.709996, 0.0 ], [ 110.281076, -7.709934, 0.0 ], [ 110.281301, -7.709908, 0.0 ], [ 110.28149, -7.70992, 0.0 ], [ 110.28168, -7.709964, 0.0 ], [ 110.281791, -7.709987, 0.0 ], [ 110.282071000000101, -7.710034, 0.0 ], [ 110.282315, -7.710063, 0.0 ], [ 110.28255, -7.710049, 0.0 ], [ 110.282801000000106, -7.709972, 0.0 ], [ 110.283146, -7.709751, 0.0 ], [ 110.283356000000111, -7.709589, 0.0 ], [ 110.28354, -7.709479999999893, 0.0 ], [ 110.283891, -7.709004, 0.0 ], [ 110.283962, -7.708909000999899, 0.0 ], [ 110.284063, -7.7088, 0.0 ], [ 110.284292, -7.708714001000018, 0.0 ], [ 110.284971, -7.708466, 0.0 ], [ 110.285644, -7.708389, 0.0 ], [ 110.28601500000012, -7.708351, 0.0 ], [ 110.286281000000102, -7.708304000999934, 0.0 ], [ 110.286623, -7.708222, 0.0 ], [ 110.28687, -7.708118, 0.0 ], [ 110.287062, -7.708037, 0.0 ], [ 110.287245, -7.70793, 0.0 ], [ 110.287534, -7.707721, 0.0 ], [ 110.287734, -7.707633, 0.0 ], [ 110.287943, -7.707605, 0.0 ], [ 110.288183, -7.707647, 0.0 ], [ 110.288456, -7.707698, 0.0 ], [ 110.288613, -7.707733, 0.0 ], [ 110.288935, -7.707937, 0.0 ], [ 110.289052, -7.708002, 0.0 ], [ 110.289123, -7.708011000999939, 0.0 ], [ 110.2892760000001, -7.707877, 0.0 ], [ 110.289356, -7.707806, 0.0 ], [ 110.289449, -7.707789, 0.0 ], [ 110.290176, -7.708174, 0.0 ], [ 110.290306, -7.708221, 0.0 ], [ 110.290406, -7.708203, 0.0 ], [ 110.290859, -7.708906, 0.0 ], [ 110.29093, -7.709102, 0.0 ] ] ] ] } },
{ "type": "Feature", "properties": { "NAMOBJ": "Margodadi", "WADMKC": "Seyegan", "WADMKK": "Kabupaten Sleman", "WADMPR": "DI Yogyakarta" }, "geometry": { "type": "MultiPolygon", "coordinates": [ [ [ [ 110.307075, -7.716162, 0.0 ], [ 110.307421, -7.716911, 0.0 ], [ 110.3076, -7.717322, 0.0 ], [ 110.307731, -7.717621, 0.0 ], [ 110.307293000000115, -7.71765, 0.0 ], [ 110.30707, -7.717695, 0.0 ], [ 110.306885000000108, -7.717637, 0.0 ], [ 110.306568, -7.717541, 0.0 ], [ 110.306491, -7.717538, 0.0 ], [ 110.306458, -7.717557, 0.0 ], [ 110.306173, -7.717845, 0.0 ], [ 110.306131, -7.717911, 0.0 ], [ 110.306111, -7.717954, 0.0 ], [ 110.30591, -7.71829, 0.0 ], [ 110.305725, -7.718446, 0.0 ], [ 110.305648, -7.718472, 0.0 ], [ 110.305573, -7.718532, 0.0 ], [ 110.305475, -7.718658, 0.0 ], [ 110.305008, -7.71985, 0.0 ], [ 110.304835, -7.720344, 0.0 ], [ 110.304832, -7.720392, 0.0 ], [ 110.305041, -7.720481, 0.0 ], [ 110.305510000000112, -7.720672, 0.0 ], [ 110.305592, -7.720754, 0.0 ], [ 110.305632, -7.720794, 0.0 ], [ 110.305759000000108, -7.720897, 0.0 ], [ 110.305956, -7.72105, 0.0 ], [ 110.306133, -7.721189, 0.0 ], [ 110.306311, -7.721335, 0.0 ], [ 110.306348, -7.721369, 0.0 ], [ 110.306556, -7.721534, 0.0 ], [ 110.306942, -7.721777, 0.0 ], [ 110.307446, -7.722046, 0.0 ], [ 110.307899, -7.722289, 0.0 ], [ 110.308139, -7.722406, 0.0 ], [ 110.308187000000103, -7.722433, 0.0 ], [ 110.308103, -7.722706, 0.0 ], [ 110.30805, -7.722864, 0.0 ], [ 110.30794, -7.723211, 0.0 ], [ 110.307768, -7.723754, 0.0 ], [ 110.307664, -7.724117, 0.0 ], [ 110.307391, -7.72490000099997, 0.0 ], [ 110.307314, -7.725201, 0.0 ], [ 110.306906, -7.726514, 0.0 ], [ 110.306591000000125, -7.727479, 0.0 ], [ 110.306457, -7.727706, 0.0 ], [ 110.306209, -7.728109, 0.0 ], [ 110.305883, -7.728561, 0.0 ], [ 110.306355, -7.728753, 0.0 ], [ 110.30641700000011, -7.728831, 0.0 ], [ 110.306661, -7.729178999999899, 0.0 ], [ 110.307393, -7.729195, 0.0 ], [ 110.308141, -7.73021, 0.0 ], [ 110.308127000000113, -7.730208, 0.0 ], [ 110.30802, -7.73026199999989, 0.0 ], [ 110.307884, -7.730387, 0.0 ], [ 110.307554, -7.730786, 0.0 ], [ 110.307369, -7.731158, 0.0 ], [ 110.307305, -7.731293, 0.0 ], [ 110.307142, -7.731543, 0.0 ], [ 110.307119, -7.731711, 0.0 ], [ 110.307075, -7.731936, 0.0 ], [ 110.306998, -7.732287, 0.0 ], [ 110.306971, -7.732411, 0.0 ], [ 110.30689, -7.73267, 0.0 ], [ 110.306844, -7.732796, 0.0 ], [ 110.306748, -7.73294, 0.0 ], [ 110.306571, -7.73338, 0.0 ], [ 110.30648, -7.733851000999927, 0.0 ], [ 110.306392, -7.734214, 0.0 ], [ 110.306363, -7.734332, 0.0 ], [ 110.306233, -7.73452, 0.0 ], [ 110.306116, -7.734574, 0.0 ], [ 110.305848000000111, -7.734697, 0.0 ], [ 110.305789, -7.73482, 0.0 ], [ 110.305769, -7.735003, 0.0 ], [ 110.305802000000114, -7.735135, 0.0 ], [ 110.305868, -7.73535, 0.0 ], [ 110.305855, -7.735431000999917, 0.0 ], [ 110.305764, -7.73553, 0.0 ], [ 110.305746, -7.735536, 0.0 ], [ 110.305637, -7.735571, 0.0 ], [ 110.305291, -7.735666, 0.0 ], [ 110.305134, -7.735778, 0.0 ], [ 110.304994, -7.735933, 0.0 ], [ 110.304909, -7.736122, 0.0 ], [ 110.304908, -7.736129, 0.0 ], [ 110.304887, -7.736306, 0.0 ], [ 110.304902, -7.736608, 0.0 ], [ 110.304999, -7.736909, 0.0 ], [ 110.304988, -7.736947, 0.0 ], [ 110.304833, -7.737166000999942, 0.0 ], [ 110.304809, -7.73732, 0.0 ], [ 110.304831, -7.737478000999911, 0.0 ], [ 110.305044000000109, -7.73799, 0.0 ], [ 110.305131000000117, -7.738197, 0.0 ], [ 110.305139, -7.738248, 0.0 ], [ 110.305121, -7.738362, 0.0 ], [ 110.305016, -7.738563, 0.0 ], [ 110.304832, -7.738744, 0.0 ], [ 110.304655, -7.738952, 0.0 ], [ 110.304467, -7.739288, 0.0 ], [ 110.304418, -7.739461, 0.0 ], [ 110.304436, -7.739652, 0.0 ], [ 110.3047, -7.740142, 0.0 ], [ 110.304863, -7.740468, 0.0 ], [ 110.304939, -7.740809, 0.0 ], [ 110.304918, -7.740874, 0.0 ], [ 110.304901, -7.740924, 0.0 ], [ 110.304555, -7.7415, 0.0 ], [ 110.304429000000113, -7.741578, 0.0 ], [ 110.30424, -7.741644, 0.0 ], [ 110.303922, -7.741739, 0.0 ], [ 110.303154, -7.741958, 0.0 ], [ 110.303013000000107, -7.742091, 0.0 ], [ 110.302941, -7.742212, 0.0 ], [ 110.30291, -7.742375, 0.0 ], [ 110.302801, -7.743034, 0.0 ], [ 110.302785, -7.743069, 0.0 ], [ 110.30276, -7.743184, 0.0 ], [ 110.302666, -7.743713, 0.0 ], [ 110.302578, -7.743728, 0.0 ], [ 110.3024, -7.743774, 0.0 ], [ 110.302342, -7.743775, 0.0 ], [ 110.302279, -7.743674, 0.0 ], [ 110.302233, -7.743188, 0.0 ], [ 110.302301, -7.742922, 0.0 ], [ 110.302294, -7.742629, 0.0 ], [ 110.302189, -7.742507, 0.0 ], [ 110.30199, -7.742345, 0.0 ], [ 110.301917000000103, -7.74222, 0.0 ], [ 110.301834, -7.742049, 0.0 ], [ 110.301856, -7.741775, 0.0 ], [ 110.30188600000011, -7.741544, 0.0 ], [ 110.30183, -7.741469, 0.0 ], [ 110.301569, -7.741367, 0.0 ], [ 110.301337, -7.741394, 0.0 ], [ 110.301108, -7.741734, 0.0 ], [ 110.300828, -7.742107, 0.0 ], [ 110.300581, -7.742319, 0.0 ], [ 110.300234, -7.742522, 0.0 ], [ 110.299947, -7.74255, 0.0 ], [ 110.299422, -7.742498, 0.0 ], [ 110.299018, -7.742443, 0.0 ], [ 110.298762, -7.74229, 0.0 ], [ 110.29848, -7.742108, 0.0 ], [ 110.298322, -7.741898, 0.0 ], [ 110.298202, -7.741687, 0.0 ], [ 110.298076, -7.74146, 0.0 ], [ 110.297829, -7.741291, 0.0 ], [ 110.2976, -7.741076, 0.0 ], [ 110.296937, -7.740636, 0.0 ], [ 110.296557, -7.741187, 0.0 ], [ 110.295774, -7.740852000999922, 0.0 ], [ 110.29519, -7.740454, 0.0 ], [ 110.295008, -7.740308, 0.0 ], [ 110.294907, -7.740218, 0.0 ], [ 110.294458, -7.74011, 0.0 ], [ 110.29421400000011, -7.740095999999898, 0.0 ], [ 110.293893000000111, -7.740162, 0.0 ], [ 110.293719, -7.740123, 0.0 ], [ 110.293485, -7.740077, 0.0 ], [ 110.293315, -7.740116, 0.0 ], [ 110.293103000000116, -7.740277, 0.0 ], [ 110.292747, -7.740371, 0.0 ], [ 110.292298, -7.740323, 0.0 ], [ 110.292079, -7.740207, 0.0 ], [ 110.291843, -7.73997, 0.0 ], [ 110.291575, -7.739424999999891, 0.0 ], [ 110.291465, -7.739051, 0.0 ], [ 110.291351000000105, -7.738812, 0.0 ], [ 110.291224, -7.738556, 0.0 ], [ 110.290946, -7.738441, 0.0 ], [ 110.290812, -7.738411, 0.0 ], [ 110.29039, -7.738459, 0.0 ], [ 110.290137000000115, -7.738644, 0.0 ], [ 110.289914, -7.738881, 0.0 ], [ 110.28973, -7.739994000999985, 0.0 ], [ 110.290092000000115, -7.740376, 0.0 ], [ 110.290369, -7.740491, 0.0 ], [ 110.290607, -7.740548999999898, 0.0 ], [ 110.291085, -7.740784, 0.0 ], [ 110.291428, -7.741003, 0.0 ], [ 110.291865, -7.741232, 0.0 ], [ 110.292126, -7.741341, 0.0 ], [ 110.292597, -7.741388, 0.0 ], [ 110.293018000000103, -7.741343, 0.0 ], [ 110.293257, -7.741344, 0.0 ], [ 110.293358, -7.741406, 0.0 ], [ 110.293542, -7.741638, 0.0 ], [ 110.293775, -7.741769000999945, 0.0 ], [ 110.293907, -7.741824, 0.0 ], [ 110.293968, -7.741988, 0.0 ], [ 110.293741, -7.742516, 0.0 ], [ 110.293568, -7.743071, 0.0 ], [ 110.293168, -7.743778001, 0.0 ], [ 110.292858, -7.744078, 0.0 ], [ 110.292516, -7.744328, 0.0 ], [ 110.291895, -7.744874, 0.0 ], [ 110.291424000000106, -7.745235, 0.0 ], [ 110.291014000000104, -7.745633, 0.0 ], [ 110.290822, -7.745828, 0.0 ], [ 110.290779, -7.745895, 0.0 ], [ 110.290661, -7.746064, 0.0 ], [ 110.290425, -7.746344, 0.0 ], [ 110.290084, -7.746822, 0.0 ], [ 110.289996, -7.747015000999948, 0.0 ], [ 110.289925, -7.747071, 0.0 ], [ 110.289549, -7.747278, 0.0 ], [ 110.28917, -7.747473, 0.0 ], [ 110.289087, -7.747578, 0.0 ], [ 110.289049, -7.747726, 0.0 ], [ 110.288972, -7.7481, 0.0 ], [ 110.288858, -7.748506, 0.0 ], [ 110.28875, -7.748866, 0.0 ], [ 110.28858, -7.749365, 0.0 ], [ 110.288486, -7.749575, 0.0 ], [ 110.288421, -7.749721, 0.0 ], [ 110.28828, -7.749999000999932, 0.0 ], [ 110.288279500000073, -7.75, 0.0 ], [ 110.288277, -7.750004999999895, 0.0 ], [ 110.288177000000118, -7.750097, 0.0 ], [ 110.288028, -7.750143, 0.0 ], [ 110.287809, -7.750146, 0.0 ], [ 110.28779, -7.75016, 0.0 ], [ 110.287618, -7.750265, 0.0 ], [ 110.287407, -7.750366, 0.0 ], [ 110.287275, -7.750487, 0.0 ], [ 110.287246, -7.750537, 0.0 ], [ 110.28648, -7.750019, 0.0 ], [ 110.286489501000034, -7.75, 0.0 ], [ 110.28649, -7.749999000999932, 0.0 ], [ 110.28656, -7.749873, 0.0 ], [ 110.286446, -7.7497, 0.0 ], [ 110.286255, -7.74945200099997, 0.0 ], [ 110.286053, -7.749106, 0.0 ], [ 110.285615, -7.74912899999989, 0.0 ], [ 110.285503, -7.749239, 0.0 ], [ 110.285276, -7.749394000999967, 0.0 ], [ 110.28515, -7.749604, 0.0 ], [ 110.284985, -7.749797, 0.0 ], [ 110.285203, -7.749999000999932, 0.0 ], [ 110.285202382000108, -7.75, 0.0 ], [ 110.284874, -7.750531, 0.0 ], [ 110.284319, -7.750968, 0.0 ], [ 110.283764000000119, -7.751043, 0.0 ], [ 110.282804, -7.751104, 0.0 ], [ 110.282588, -7.750914, 0.0 ], [ 110.282486, -7.750802, 0.0 ], [ 110.282359, -7.75064, 0.0 ], [ 110.282181, -7.750431, 0.0 ], [ 110.282171, -7.750424, 0.0 ], [ 110.281940000000105, -7.750266, 0.0 ], [ 110.281847, -7.750135000999904, 0.0 ], [ 110.281746742000095, -7.75, 0.0 ], [ 110.281746, -7.749999000999932, 0.0 ], [ 110.281734000000114, -7.749983, 0.0 ], [ 110.281713, -7.749879, 0.0 ], [ 110.281658, -7.749738, 0.0 ], [ 110.281618, -7.74962, 0.0 ], [ 110.281538, -7.749227, 0.0 ], [ 110.281447, -7.749043000999968, 0.0 ], [ 110.28143, -7.749003, 0.0 ], [ 110.281419, -7.74889, 0.0 ], [ 110.281416, -7.748583, 0.0 ], [ 110.281414, -7.748541, 0.0 ], [ 110.281404, -7.748264, 0.0 ], [ 110.281387, -7.748115, 0.0 ], [ 110.281439, -7.747987, 0.0 ], [ 110.281548, -7.747885, 0.0 ], [ 110.281626, -7.747791, 0.0 ], [ 110.281878, -7.747465, 0.0 ], [ 110.281878, -7.747427, 0.0 ], [ 110.281850000000119, -7.747282, 0.0 ], [ 110.281829, -7.7467, 0.0 ], [ 110.281915, -7.746653, 0.0 ], [ 110.281933, -7.746499, 0.0 ], [ 110.281957, -7.746306, 0.0 ], [ 110.281889, -7.74612, 0.0 ], [ 110.281634, -7.745698, 0.0 ], [ 110.281219, -7.74514, 0.0 ], [ 110.280902, -7.744822, 0.0 ], [ 110.280644, -7.744557000999965, 0.0 ], [ 110.280334, -7.744149, 0.0 ], [ 110.279965, -7.743660001, 0.0 ], [ 110.279632, -7.74334, 0.0 ], [ 110.279385, -7.743166, 0.0 ], [ 110.278857000000102, -7.742984, 0.0 ], [ 110.27851, -7.742877, 0.0 ], [ 110.278217, -7.742769, 0.0 ], [ 110.277825, -7.742251, 0.0 ], [ 110.277677, -7.741777, 0.0 ], [ 110.277575, -7.741068, 0.0 ], [ 110.277624, -7.740694, 0.0 ], [ 110.277721, -7.740169, 0.0 ], [ 110.277859, -7.739615, 0.0 ], [ 110.2781, -7.739128, 0.0 ], [ 110.278357000000113, -7.738734, 0.0 ], [ 110.278462, -7.738311, 0.0 ], [ 110.278325, -7.738043, 0.0 ], [ 110.278141, -7.737932999999899, 0.0 ], [ 110.278036, -7.7379, 0.0 ], [ 110.277896, -7.737979, 0.0 ], [ 110.277777, -7.73807, 0.0 ], [ 110.27767, -7.738099, 0.0 ], [ 110.277572, -7.738064000999902, 0.0 ], [ 110.27739, -7.73787, 0.0 ], [ 110.277338, -7.737801, 0.0 ], [ 110.277211, -7.737633, 0.0 ], [ 110.277124, -7.737557000999963, 0.0 ], [ 110.276892, -7.737585, 0.0 ], [ 110.276675, -7.737493, 0.0 ], [ 110.2766, -7.737465999999895, 0.0 ], [ 110.276507, -7.737503, 0.0 ], [ 110.276400000000109, -7.737721, 0.0 ], [ 110.276323, -7.737830001, 0.0 ], [ 110.276196, -7.737923, 0.0 ], [ 110.276093, -7.73794, 0.0 ], [ 110.275933000000109, -7.73786, 0.0 ], [ 110.275811, -7.7378, 0.0 ], [ 110.278956, -7.734626, 0.0 ], [ 110.278957, -7.734627, 0.0 ], [ 110.279063, -7.734747, 0.0 ], [ 110.279145000000128, -7.73489, 0.0 ], [ 110.279542, -7.734583, 0.0 ], [ 110.280022000000116, -7.734218, 0.0 ], [ 110.280269, -7.734009, 0.0 ], [ 110.280483, -7.733821, 0.0 ], [ 110.280704, -7.73368, 0.0 ], [ 110.280771000000101, -7.733642, 0.0 ], [ 110.281497, -7.73308, 0.0 ], [ 110.281827, -7.732823, 0.0 ], [ 110.283081, -7.731886, 0.0 ], [ 110.283447, -7.731593, 0.0 ], [ 110.283604000000111, -7.731455, 0.0 ], [ 110.283813, -7.7313, 0.0 ], [ 110.283871, -7.731303, 0.0 ], [ 110.283882, -7.731305, 0.0 ], [ 110.283963, -7.731324, 0.0 ], [ 110.284227, -7.731258000999965, 0.0 ], [ 110.284445, -7.73124, 0.0 ], [ 110.284632, -7.73128, 0.0 ], [ 110.285126, -7.731348, 0.0 ], [ 110.285216, -7.731247, 0.0 ], [ 110.285368, -7.731021, 0.0 ], [ 110.285425, -7.730997, 0.0 ], [ 110.285534, -7.731032, 0.0 ], [ 110.286555000000121, -7.73109499999989, 0.0 ], [ 110.286638, -7.730801999999894, 0.0 ], [ 110.286698, -7.730771, 0.0 ], [ 110.286844, -7.730743, 0.0 ], [ 110.286876, -7.730741, 0.0 ], [ 110.287035, -7.73073, 0.0 ], [ 110.287023, -7.730679, 0.0 ], [ 110.28711, -7.729226, 0.0 ], [ 110.287223, -7.729122, 0.0 ], [ 110.287375, -7.729049, 0.0 ], [ 110.287714, -7.728894, 0.0 ], [ 110.287753, -7.728862, 0.0 ], [ 110.2884430000001, -7.728346999999893, 0.0 ], [ 110.288577, -7.72833, 0.0 ], [ 110.288898, -7.728314, 0.0 ], [ 110.289016, -7.728253, 0.0 ], [ 110.289045, -7.728225, 0.0 ], [ 110.289181, -7.728318, 0.0 ], [ 110.289286, -7.728469000999951, 0.0 ], [ 110.289476, -7.728775, 0.0 ], [ 110.289583, -7.728785, 0.0 ], [ 110.289904, -7.728796, 0.0 ], [ 110.290128, -7.728865, 0.0 ], [ 110.29026, -7.728824, 0.0 ], [ 110.290736, -7.728674, 0.0 ], [ 110.291, -7.728661, 0.0 ], [ 110.291127, -7.728654, 0.0 ], [ 110.291306000000105, -7.728676, 0.0 ], [ 110.291479, -7.728755, 0.0 ], [ 110.291636, -7.728886, 0.0 ], [ 110.291791, -7.729021, 0.0 ], [ 110.291884, -7.729025, 0.0 ], [ 110.291936000000106, -7.729021, 0.0 ], [ 110.292252, -7.728995000999952, 0.0 ], [ 110.292504, -7.728885, 0.0 ], [ 110.292550000000105, -7.728875, 0.0 ], [ 110.29282, -7.728864, 0.0 ], [ 110.293001, -7.728914, 0.0 ], [ 110.293221000000102, -7.729046, 0.0 ], [ 110.293350000000117, -7.729194, 0.0 ], [ 110.293533, -7.729478, 0.0 ], [ 110.293658, -7.729495, 0.0 ], [ 110.293795, -7.729463000999949, 0.0 ], [ 110.294073, -7.729333, 0.0 ], [ 110.294548, -7.728996000999945, 0.0 ], [ 110.295888, -7.727792, 0.0 ], [ 110.295975, -7.727624, 0.0 ], [ 110.29606, -7.727388, 0.0 ], [ 110.296108, -7.727208, 0.0 ], [ 110.296114, -7.727186, 0.0 ], [ 110.296443, -7.726574, 0.0 ], [ 110.296541, -7.726464, 0.0 ], [ 110.296596000000108, -7.726361, 0.0 ], [ 110.296631, -7.726328, 0.0 ], [ 110.296648, -7.726327, 0.0 ], [ 110.296673, -7.726098, 0.0 ], [ 110.296677, -7.725907, 0.0 ], [ 110.29671, -7.725742, 0.0 ], [ 110.296866, -7.725612, 0.0 ], [ 110.297067, -7.725436, 0.0 ], [ 110.297203, -7.725265, 0.0 ], [ 110.297697, -7.725273, 0.0 ], [ 110.297937, -7.725249, 0.0 ], [ 110.298206, -7.725107, 0.0 ], [ 110.298567, -7.724815, 0.0 ], [ 110.298731000000103, -7.724682, 0.0 ], [ 110.298868, -7.724585, 0.0 ], [ 110.298878000000101, -7.724431, 0.0 ], [ 110.298881, -7.724396, 0.0 ], [ 110.298946, -7.724259, 0.0 ], [ 110.299189, -7.723745, 0.0 ], [ 110.299808, -7.723336, 0.0 ], [ 110.29994, -7.723043, 0.0 ], [ 110.300081, -7.722731, 0.0 ], [ 110.300346, -7.722621, 0.0 ], [ 110.300372, -7.722540001000013, 0.0 ], [ 110.300552, -7.721815, 0.0 ], [ 110.30080300000013, -7.721366, 0.0 ], [ 110.300852, -7.721121, 0.0 ], [ 110.300884, -7.720960001000023, 0.0 ], [ 110.300928, -7.720789, 0.0 ], [ 110.300979, -7.72065, 0.0 ], [ 110.301034, -7.720505, 0.0 ], [ 110.301067, -7.720408, 0.0 ], [ 110.301114, -7.72028, 0.0 ], [ 110.301177, -7.720103999999896, 0.0 ], [ 110.301213000000118, -7.720007, 0.0 ], [ 110.301526, -7.719932, 0.0 ], [ 110.301544, -7.719861, 0.0 ], [ 110.301601, -7.719631, 0.0 ], [ 110.301683000000111, -7.719297, 0.0 ], [ 110.301464000000109, -7.719217, 0.0 ], [ 110.301679, -7.718875, 0.0 ], [ 110.301904, -7.718565, 0.0 ], [ 110.302048000000113, -7.718311, 0.0 ], [ 110.30226, -7.717985, 0.0 ], [ 110.302373, -7.717835, 0.0 ], [ 110.302543, -7.717595, 0.0 ], [ 110.303017, -7.716926, 0.0 ], [ 110.303104, -7.716763, 0.0 ], [ 110.303152, -7.716704, 0.0 ], [ 110.303873, -7.715786, 0.0 ], [ 110.304169000000101, -7.715162, 0.0 ], [ 110.304722000000112, -7.715336, 0.0 ], [ 110.305214, -7.715453, 0.0 ], [ 110.305791, -7.715398999999891, 0.0 ], [ 110.306043, -7.715262, 0.0 ], [ 110.306232, -7.715196, 0.0 ], [ 110.306566, -7.715202, 0.0 ], [ 110.306626, -7.715202, 0.0 ], [ 110.306739, -7.715503, 0.0 ], [ 110.3069, -7.71583100099993, 0.0 ], [ 110.307047, -7.716102, 0.0 ], [ 110.307075, -7.716162, 0.0 ] ] ] ] } },
{ "type": "Feature", "properties": { "NAMOBJ": "Margomulyo", "WADMKC": "Seyegan", "WADMKK": "Kabupaten Sleman", "WADMPR": "DI Yogyakarta" }, "geometry": { "type": "MultiPolygon", "coordinates": [ [ [ [ 110.325136, -7.701653, 0.0 ], [ 110.325076, -7.702277, 0.0 ], [ 110.325016, -7.702725, 0.0 ], [ 110.325051000000101, -7.70303, 0.0 ], [ 110.325084, -7.703266, 0.0 ], [ 110.325045, -7.703441, 0.0 ], [ 110.324949000000103, -7.703549, 0.0 ], [ 110.324803000000102, -7.703629, 0.0 ], [ 110.324641, -7.703743, 0.0 ], [ 110.324456, -7.703952, 0.0 ], [ 110.324266, -7.704187, 0.0 ], [ 110.324187, -7.704345001000014, 0.0 ], [ 110.324063, -7.704587, 0.0 ], [ 110.324013, -7.70462, 0.0 ], [ 110.324376000000129, -7.704815, 0.0 ], [ 110.325603, -7.705161, 0.0 ], [ 110.3256370000001, -7.706339, 0.0 ], [ 110.325644, -7.706572, 0.0 ], [ 110.325648, -7.706609, 0.0 ], [ 110.32591, -7.706756, 0.0 ], [ 110.325839000000116, -7.706819999999894, 0.0 ], [ 110.325752000000108, -7.70697, 0.0 ], [ 110.325418, -7.707507, 0.0 ], [ 110.325398, -7.70752, 0.0 ], [ 110.325372000000115, -7.707513, 0.0 ], [ 110.325244, -7.707473, 0.0 ], [ 110.325185, -7.707456, 0.0 ], [ 110.325132, -7.707441, 0.0 ], [ 110.325094, -7.70743, 0.0 ], [ 110.324761, -7.7073, 0.0 ], [ 110.324558, -7.707203, 0.0 ], [ 110.324517, -7.707125, 0.0 ], [ 110.324443, -7.70706899999989, 0.0 ], [ 110.324291000000102, -7.70701, 0.0 ], [ 110.324102, -7.706958000999943, 0.0 ], [ 110.323819, -7.706907, 0.0 ], [ 110.323766, -7.706909, 0.0 ], [ 110.323723000000101, -7.706935999999899, 0.0 ], [ 110.323683, -7.707025999999885, 0.0 ], [ 110.323575000000105, -7.707283, 0.0 ], [ 110.323434, -7.707618, 0.0 ], [ 110.323361, -7.707677, 0.0 ], [ 110.323452, -7.707826, 0.0 ], [ 110.323518, -7.707934000999963, 0.0 ], [ 110.323657, -7.708162, 0.0 ], [ 110.323503000000102, -7.708332, 0.0 ], [ 110.323232, -7.708602, 0.0 ], [ 110.323026, -7.708733000999903, 0.0 ], [ 110.322689, -7.708941, 0.0 ], [ 110.322557, -7.70911, 0.0 ], [ 110.322364, -7.709347, 0.0 ], [ 110.322276, -7.709491, 0.0 ], [ 110.322214000000116, -7.709732, 0.0 ], [ 110.322162, -7.710192, 0.0 ], [ 110.32215, -7.710383, 0.0 ], [ 110.322192, -7.710392, 0.0 ], [ 110.322417000000129, -7.71049, 0.0 ], [ 110.32239, -7.710535, 0.0 ], [ 110.322363, -7.710648, 0.0 ], [ 110.322372, -7.71086, 0.0 ], [ 110.322437, -7.711464001, 0.0 ], [ 110.323247, -7.7119, 0.0 ], [ 110.323469, -7.712206, 0.0 ], [ 110.323587000000117, -7.712621, 0.0 ], [ 110.323721, -7.712934, 0.0 ], [ 110.323842, -7.713173, 0.0 ], [ 110.32389, -7.713495, 0.0 ], [ 110.323887, -7.713508, 0.0 ], [ 110.323793000000109, -7.713832, 0.0 ], [ 110.323716, -7.713951, 0.0 ], [ 110.323548, -7.714286, 0.0 ], [ 110.32336, -7.714601, 0.0 ], [ 110.323069, -7.715088, 0.0 ], [ 110.323048000000114, -7.715138, 0.0 ], [ 110.322984, -7.715317, 0.0 ], [ 110.323388, -7.715488, 0.0 ], [ 110.323359, -7.715977, 0.0 ], [ 110.324029, -7.716474, 0.0 ], [ 110.324415, -7.716787000999982, 0.0 ], [ 110.324322, -7.716907, 0.0 ], [ 110.324284, -7.717055, 0.0 ], [ 110.324282, -7.71729, 0.0 ], [ 110.32426, -7.717611, 0.0 ], [ 110.324156, -7.717896999999898, 0.0 ], [ 110.32412, -7.718103999999883, 0.0 ], [ 110.32407, -7.718568, 0.0 ], [ 110.323977, -7.71863, 0.0 ], [ 110.323527, -7.718896, 0.0 ], [ 110.323438, -7.719043, 0.0 ], [ 110.323411, -7.719127000999972, 0.0 ], [ 110.323393, -7.719353, 0.0 ], [ 110.323378, -7.719578, 0.0 ], [ 110.323294, -7.719862, 0.0 ], [ 110.322914000000125, -7.721035, 0.0 ], [ 110.322855, -7.721655, 0.0 ], [ 110.322792, -7.721807, 0.0 ], [ 110.322763, -7.721883, 0.0 ], [ 110.322698, -7.722170000999952, 0.0 ], [ 110.322704, -7.722353, 0.0 ], [ 110.322697, -7.722551, 0.0 ], [ 110.32264, -7.722731, 0.0 ], [ 110.322458, -7.72322, 0.0 ], [ 110.322434, -7.723526, 0.0 ], [ 110.322399, -7.723825, 0.0 ], [ 110.322304000000102, -7.724304, 0.0 ], [ 110.32192, -7.724159000999943, 0.0 ], [ 110.321628, -7.724082, 0.0 ], [ 110.320954, -7.723822, 0.0 ], [ 110.320932, -7.723773, 0.0 ], [ 110.32022, -7.723429, 0.0 ], [ 110.320011, -7.723346, 0.0 ], [ 110.319925, -7.723903, 0.0 ], [ 110.319752, -7.724439, 0.0 ], [ 110.319609, -7.725045, 0.0 ], [ 110.319533, -7.725942, 0.0 ], [ 110.319249000000113, -7.728214, 0.0 ], [ 110.31917, -7.728691, 0.0 ], [ 110.318949, -7.729117, 0.0 ], [ 110.318682, -7.729317, 0.0 ], [ 110.318509, -7.729579, 0.0 ], [ 110.318483, -7.729795000999975, 0.0 ], [ 110.318468, -7.729885, 0.0 ], [ 110.318449, -7.729906, 0.0 ], [ 110.318103, -7.730533, 0.0 ], [ 110.31787, -7.730349999999888, 0.0 ], [ 110.317677, -7.7302, 0.0 ], [ 110.317533, -7.730074, 0.0 ], [ 110.317448, -7.73033, 0.0 ], [ 110.317445, -7.730349999999888, 0.0 ], [ 110.317475, -7.730438000999886, 0.0 ], [ 110.317555, -7.730675, 0.0 ], [ 110.317526, -7.730732, 0.0 ], [ 110.317396, -7.730931, 0.0 ], [ 110.31717100000013, -7.731273, 0.0 ], [ 110.317074, -7.731421, 0.0 ], [ 110.316362, -7.732509, 0.0 ], [ 110.316062, -7.732469, 0.0 ], [ 110.31511, -7.733947, 0.0 ], [ 110.314553, -7.733644, 0.0 ], [ 110.314243, -7.733781, 0.0 ], [ 110.314091000000104, -7.733834, 0.0 ], [ 110.31402, -7.733839, 0.0 ], [ 110.313983, -7.733828, 0.0 ], [ 110.313813, -7.733771, 0.0 ], [ 110.313784, -7.733818, 0.0 ], [ 110.313602, -7.734188, 0.0 ], [ 110.313364, -7.734542, 0.0 ], [ 110.313253000000131, -7.734997, 0.0 ], [ 110.313075, -7.735475, 0.0 ], [ 110.312901, -7.735709, 0.0 ], [ 110.312711, -7.735933, 0.0 ], [ 110.312087000000119, -7.735867, 0.0 ], [ 110.311839000000106, -7.735787, 0.0 ], [ 110.311709000000107, -7.735763000999942, 0.0 ], [ 110.311638, -7.735927, 0.0 ], [ 110.311544000000126, -7.736071, 0.0 ], [ 110.311021, -7.736639, 0.0 ], [ 110.311023, -7.736726, 0.0 ], [ 110.31109, -7.736893000999913, 0.0 ], [ 110.311127, -7.737052, 0.0 ], [ 110.3111, -7.73718, 0.0 ], [ 110.311083, -7.73724, 0.0 ], [ 110.310968, -7.737553999999893, 0.0 ], [ 110.310797, -7.737857, 0.0 ], [ 110.310718, -7.737807, 0.0 ], [ 110.308984, -7.737294, 0.0 ], [ 110.308877, -7.737264000999968, 0.0 ], [ 110.309064, -7.736652, 0.0 ], [ 110.309225, -7.736103, 0.0 ], [ 110.309299, -7.735858, 0.0 ], [ 110.3094, -7.735539, 0.0 ], [ 110.30942, -7.735455, 0.0 ], [ 110.309488, -7.735244, 0.0 ], [ 110.308902, -7.73503, 0.0 ], [ 110.308546, -7.734923, 0.0 ], [ 110.308274, -7.73483, 0.0 ], [ 110.30822, -7.735258, 0.0 ], [ 110.3080420000001, -7.73575, 0.0 ], [ 110.307858, -7.736535, 0.0 ], [ 110.307502, -7.737304999999896, 0.0 ], [ 110.307322, -7.737688, 0.0 ], [ 110.307142, -7.73796, 0.0 ], [ 110.30703, -7.738077, 0.0 ], [ 110.306844, -7.738043, 0.0 ], [ 110.306739, -7.737911, 0.0 ], [ 110.306590000000128, -7.737656, 0.0 ], [ 110.306592000000109, -7.73749, 0.0 ], [ 110.306596, -7.737127001, 0.0 ], [ 110.306601, -7.736758, 0.0 ], [ 110.306536, -7.736226, 0.0 ], [ 110.306328, -7.735989, 0.0 ], [ 110.306047, -7.73583, 0.0 ], [ 110.305938, -7.735615, 0.0 ], [ 110.305855, -7.735559, 0.0 ], [ 110.305746, -7.735536, 0.0 ], [ 110.305764, -7.73553, 0.0 ], [ 110.305855, -7.735431000999917, 0.0 ], [ 110.305868, -7.73535, 0.0 ], [ 110.305802000000114, -7.735135, 0.0 ], [ 110.305769, -7.735003, 0.0 ], [ 110.305789, -7.73482, 0.0 ], [ 110.305848000000111, -7.734697, 0.0 ], [ 110.306116, -7.734574, 0.0 ], [ 110.306233, -7.73452, 0.0 ], [ 110.306363, -7.734332, 0.0 ], [ 110.306392, -7.734214, 0.0 ], [ 110.30648, -7.733851000999927, 0.0 ], [ 110.306571, -7.73338, 0.0 ], [ 110.306748, -7.73294, 0.0 ], [ 110.306844, -7.732796, 0.0 ], [ 110.30689, -7.73267, 0.0 ], [ 110.306971, -7.732411, 0.0 ], [ 110.306998, -7.732287, 0.0 ], [ 110.307075, -7.731936, 0.0 ], [ 110.307119, -7.731711, 0.0 ], [ 110.307142, -7.731543, 0.0 ], [ 110.307305, -7.731293, 0.0 ], [ 110.307369, -7.731158, 0.0 ], [ 110.307554, -7.730786, 0.0 ], [ 110.307884, -7.730387, 0.0 ], [ 110.30802, -7.73026199999989, 0.0 ], [ 110.308127000000113, -7.730208, 0.0 ], [ 110.308141, -7.73021, 0.0 ], [ 110.307393, -7.729195, 0.0 ], [ 110.306661, -7.729178999999899, 0.0 ], [ 110.30641700000011, -7.728831, 0.0 ], [ 110.306355, -7.728753, 0.0 ], [ 110.305883, -7.728561, 0.0 ], [ 110.306209, -7.728109, 0.0 ], [ 110.306457, -7.727706, 0.0 ], [ 110.306591000000125, -7.727479, 0.0 ], [ 110.306906, -7.726514, 0.0 ], [ 110.307314, -7.725201, 0.0 ], [ 110.307391, -7.72490000099997, 0.0 ], [ 110.307664, -7.724117, 0.0 ], [ 110.307768, -7.723754, 0.0 ], [ 110.30794, -7.723211, 0.0 ], [ 110.30805, -7.722864, 0.0 ], [ 110.308103, -7.722706, 0.0 ], [ 110.308187000000103, -7.722433, 0.0 ], [ 110.308139, -7.722406, 0.0 ], [ 110.307899, -7.722289, 0.0 ], [ 110.307446, -7.722046, 0.0 ], [ 110.306942, -7.721777, 0.0 ], [ 110.306556, -7.721534, 0.0 ], [ 110.306348, -7.721369, 0.0 ], [ 110.306311, -7.721335, 0.0 ], [ 110.306133, -7.721189, 0.0 ], [ 110.305956, -7.72105, 0.0 ], [ 110.305759000000108, -7.720897, 0.0 ], [ 110.305632, -7.720794, 0.0 ], [ 110.305592, -7.720754, 0.0 ], [ 110.305510000000112, -7.720672, 0.0 ], [ 110.305041, -7.720481, 0.0 ], [ 110.304832, -7.720392, 0.0 ], [ 110.304835, -7.720344, 0.0 ], [ 110.305008, -7.71985, 0.0 ], [ 110.305475, -7.718658, 0.0 ], [ 110.305573, -7.718532, 0.0 ], [ 110.305648, -7.718472, 0.0 ], [ 110.305725, -7.718446, 0.0 ], [ 110.30591, -7.71829, 0.0 ], [ 110.306111, -7.717954, 0.0 ], [ 110.306131, -7.717911, 0.0 ], [ 110.306173, -7.717845, 0.0 ], [ 110.306458, -7.717557, 0.0 ], [ 110.306491, -7.717538, 0.0 ], [ 110.306568, -7.717541, 0.0 ], [ 110.306885000000108, -7.717637, 0.0 ], [ 110.30707, -7.717695, 0.0 ], [ 110.307293000000115, -7.71765, 0.0 ], [ 110.307731, -7.717621, 0.0 ], [ 110.3076, -7.717322, 0.0 ], [ 110.307421, -7.716911, 0.0 ], [ 110.307075, -7.716162, 0.0 ], [ 110.307047, -7.716102, 0.0 ], [ 110.307401, -7.715855, 0.0 ], [ 110.307493, -7.715796, 0.0 ], [ 110.307576, -7.715756, 0.0 ], [ 110.307625, -7.715685, 0.0 ], [ 110.307781, -7.715461000999959, 0.0 ], [ 110.307932, -7.715243, 0.0 ], [ 110.308195, -7.715417, 0.0 ], [ 110.30877, -7.715809, 0.0 ], [ 110.309239, -7.716127, 0.0 ], [ 110.309551, -7.716324, 0.0 ], [ 110.309494, -7.716508, 0.0 ], [ 110.309433, -7.716707, 0.0 ], [ 110.309288, -7.717183, 0.0 ], [ 110.309639, -7.717305, 0.0 ], [ 110.309921000000131, -7.717188, 0.0 ], [ 110.310211, -7.717015, 0.0 ], [ 110.310253, -7.71698, 0.0 ], [ 110.310314, -7.716771999999896, 0.0 ], [ 110.310422000000102, -7.716406, 0.0 ], [ 110.310466000000105, -7.716258, 0.0 ], [ 110.310510000000107, -7.716109, 0.0 ], [ 110.31052, -7.715951, 0.0 ], [ 110.310514, -7.71579, 0.0 ], [ 110.310505, -7.715553, 0.0 ], [ 110.310484, -7.715, 0.0 ], [ 110.311179, -7.715157, 0.0 ], [ 110.311271, -7.714988, 0.0 ], [ 110.31134200000011, -7.714323, 0.0 ], [ 110.311416000000108, -7.713786, 0.0 ], [ 110.311457, -7.713666, 0.0 ], [ 110.311688, -7.713416, 0.0 ], [ 110.311763, -7.713336001, 0.0 ], [ 110.31161, -7.712558, 0.0 ], [ 110.311444, -7.712151, 0.0 ], [ 110.311182000000102, -7.712396, 0.0 ], [ 110.310793, -7.712306, 0.0 ], [ 110.310895, -7.711797, 0.0 ], [ 110.310035, -7.71151, 0.0 ], [ 110.310111, -7.711352, 0.0 ], [ 110.310267, -7.711029, 0.0 ], [ 110.310379, -7.710748, 0.0 ], [ 110.310405, -7.71066, 0.0 ], [ 110.310381, -7.710634, 0.0 ], [ 110.310025, -7.710293000999926, 0.0 ], [ 110.310177, -7.709951, 0.0 ], [ 110.310205, -7.709901, 0.0 ], [ 110.31045, -7.709557, 0.0 ], [ 110.310571, -7.709426, 0.0 ], [ 110.310607, -7.709399, 0.0 ], [ 110.310828, -7.709177, 0.0 ], [ 110.310902, -7.709072, 0.0 ], [ 110.311254000000119, -7.70896, 0.0 ], [ 110.311799, -7.709327, 0.0 ], [ 110.311975, -7.709482, 0.0 ], [ 110.312349, -7.7095, 0.0 ], [ 110.312414, -7.709377000999986, 0.0 ], [ 110.3124, -7.708883, 0.0 ], [ 110.312426000000102, -7.708762, 0.0 ], [ 110.312538, -7.708667, 0.0 ], [ 110.312663, -7.708661, 0.0 ], [ 110.312772, -7.708811000999962, 0.0 ], [ 110.31302, -7.708927, 0.0 ], [ 110.313295, -7.708817, 0.0 ], [ 110.313343000000117, -7.708726, 0.0 ], [ 110.313518, -7.708614, 0.0 ], [ 110.313696, -7.708339, 0.0 ], [ 110.313813, -7.708125, 0.0 ], [ 110.313845, -7.707456, 0.0 ], [ 110.313868, -7.707294, 0.0 ], [ 110.313929000000115, -7.707198, 0.0 ], [ 110.314102, -7.707104, 0.0 ], [ 110.314383000000106, -7.70702, 0.0 ], [ 110.314539, -7.706936999999893, 0.0 ], [ 110.314654, -7.70683, 0.0 ], [ 110.314752, -7.706609, 0.0 ], [ 110.314779, -7.706315000999943, 0.0 ], [ 110.314784, -7.706085, 0.0 ], [ 110.314793, -7.706043, 0.0 ], [ 110.314824, -7.705894, 0.0 ], [ 110.314905, -7.705715, 0.0 ], [ 110.315059, -7.705514, 0.0 ], [ 110.315116, -7.705457000999917, 0.0 ], [ 110.31587, -7.705192, 0.0 ], [ 110.316183, -7.705048001, 0.0 ], [ 110.31633800000013, -7.704993, 0.0 ], [ 110.31693, -7.705018, 0.0 ], [ 110.317137, -7.705007, 0.0 ], [ 110.317308, -7.704908, 0.0 ], [ 110.317608, -7.70478, 0.0 ], [ 110.317802000000114, -7.704725, 0.0 ], [ 110.318001, -7.704765, 0.0 ], [ 110.318146, -7.704666, 0.0 ], [ 110.318479, -7.704273, 0.0 ], [ 110.318612, -7.704076, 0.0 ], [ 110.318863, -7.703754, 0.0 ], [ 110.319005, -7.703474, 0.0 ], [ 110.319081, -7.703379, 0.0 ], [ 110.319357, -7.702860999999885, 0.0 ], [ 110.319821, -7.701992, 0.0 ], [ 110.320062, -7.701002, 0.0 ], [ 110.320087, -7.700971001, 0.0 ], [ 110.320126000000101, -7.700875, 0.0 ], [ 110.320203, -7.700664, 0.0 ], [ 110.320300000000117, -7.700376, 0.0 ], [ 110.3204, -7.700116, 0.0 ], [ 110.320658, -7.699749, 0.0 ], [ 110.320688, -7.699426, 0.0 ], [ 110.320818, -7.699269, 0.0 ], [ 110.320964, -7.698929, 0.0 ], [ 110.321058, -7.698594, 0.0 ], [ 110.321082, -7.698421, 0.0 ], [ 110.321084, -7.698227, 0.0 ], [ 110.321121000000105, -7.698141, 0.0 ], [ 110.321202, -7.698126, 0.0 ], [ 110.321341, -7.698105000999924, 0.0 ], [ 110.321406, -7.698096, 0.0 ], [ 110.321824, -7.698276, 0.0 ], [ 110.321947, -7.698337, 0.0 ], [ 110.322082000000123, -7.698403999999883, 0.0 ], [ 110.322452, -7.698589, 0.0 ], [ 110.322649, -7.698684, 0.0 ], [ 110.322922, -7.698843, 0.0 ], [ 110.323816, -7.699289, 0.0 ], [ 110.324063, -7.699419, 0.0 ], [ 110.32434, -7.69959, 0.0 ], [ 110.324669000000114, -7.69974, 0.0 ], [ 110.324829000000122, -7.699772, 0.0 ], [ 110.326312, -7.699772, 0.0 ], [ 110.326381000000111, -7.69978, 0.0 ], [ 110.326427, -7.699785, 0.0 ], [ 110.32643, -7.699808, 0.0 ], [ 110.326463, -7.700172000999974, 0.0 ], [ 110.3264250000001, -7.700326, 0.0 ], [ 110.326341, -7.700333, 0.0 ], [ 110.326122, -7.700373, 0.0 ], [ 110.325904, -7.70044, 0.0 ], [ 110.325765, -7.700564999999894, 0.0 ], [ 110.325606, -7.700774, 0.0 ], [ 110.325455, -7.700959, 0.0 ], [ 110.325258, -7.701223, 0.0 ], [ 110.325188, -7.701372, 0.0 ], [ 110.325136, -7.701653, 0.0 ] ] ] ] } },
{ "type": "Feature", "properties": { "NAMOBJ": "Sendangagung", "WADMKC": "Minggir", "WADMKK": "Kabupaten Sleman", "WADMPR": "DI Yogyakarta" }, "geometry": { "type": "MultiPolygon", "coordinates": [ [ [ [ 110.245123, -7.731000000999934, 0.0 ], [ 110.244917, -7.731339, 0.0 ], [ 110.244037, -7.732853, 0.0 ], [ 110.242978, -7.732032, 0.0 ], [ 110.24258300000011, -7.731726, 0.0 ], [ 110.242535000000132, -7.731773, 0.0 ], [ 110.242165, -7.732169000999935, 0.0 ], [ 110.242030999000079, -7.732298, 0.0 ], [ 110.241747000000117, -7.732611, 0.0 ], [ 110.241602999000108, -7.732744, 0.0 ], [ 110.241482, -7.732847, 0.0 ], [ 110.241243, -7.733116, 0.0 ], [ 110.240858, -7.733523, 0.0 ], [ 110.240742, -7.733469, 0.0 ], [ 110.239855, -7.732953, 0.0 ], [ 110.239691, -7.732852, 0.0 ], [ 110.239681, -7.732846, 0.0 ], [ 110.239527, -7.732745, 0.0 ], [ 110.239366000000118, -7.732642999999896, 0.0 ], [ 110.23891100000013, -7.732424000999984, 0.0 ], [ 110.238833, -7.732371, 0.0 ], [ 110.2388270000001, -7.732363, 0.0 ], [ 110.238963, -7.732097, 0.0 ], [ 110.239211, -7.731762, 0.0 ], [ 110.239576999000079, -7.73123, 0.0 ], [ 110.239381999000017, -7.731074, 0.0 ], [ 110.23906, -7.730866000999949, 0.0 ], [ 110.238969999000034, -7.730779, 0.0 ], [ 110.238732, -7.73063, 0.0 ], [ 110.23858, -7.730517998999932, 0.0 ], [ 110.238499, -7.730799, 0.0 ], [ 110.237764, -7.730698, 0.0 ], [ 110.237151001000072, -7.730525, 0.0 ], [ 110.236795000000114, -7.730468, 0.0 ], [ 110.236674, -7.730458998999936, 0.0 ], [ 110.236635999000015, -7.730505, 0.0 ], [ 110.236596, -7.730635998999926, 0.0 ], [ 110.236545, -7.730786, 0.0 ], [ 110.236397, -7.730977000999896, 0.0 ], [ 110.236211000000111, -7.731241, 0.0 ], [ 110.236197000000104, -7.73126, 0.0 ], [ 110.236249, -7.731453000999934, 0.0 ], [ 110.236285, -7.731772, 0.0 ], [ 110.2362560010001, -7.732057, 0.0 ], [ 110.236211000000111, -7.73204, 0.0 ], [ 110.236013, -7.731957, 0.0 ], [ 110.236022001, -7.732005, 0.0 ], [ 110.236104, -7.732276998999989, 0.0 ], [ 110.236217, -7.73249, 0.0 ], [ 110.236351, -7.732679, 0.0 ], [ 110.236297999000016, -7.732751, 0.0 ], [ 110.236171, -7.732942, 0.0 ], [ 110.236133, -7.733094, 0.0 ], [ 110.236062, -7.733345998999976, 0.0 ], [ 110.23598500100006, -7.733343001, 0.0 ], [ 110.235857, -7.733338, 0.0 ], [ 110.23574, -7.733389999999886, 0.0 ], [ 110.235392, -7.733647, 0.0 ], [ 110.235263, -7.733625, 0.0 ], [ 110.235073, -7.733597, 0.0 ], [ 110.234868, -7.733463, 0.0 ], [ 110.234795001000094, -7.733369, 0.0 ], [ 110.234969, -7.732857999000011, 0.0 ], [ 110.235142001000028, -7.732403000999934, 0.0 ], [ 110.234346001000077, -7.73215, 0.0 ], [ 110.234644, -7.731531001, 0.0 ], [ 110.234792000000112, -7.731201, 0.0 ], [ 110.234415, -7.731114, 0.0 ], [ 110.233705, -7.732334, 0.0 ], [ 110.23346, -7.732273, 0.0 ], [ 110.233326, -7.732431, 0.0 ], [ 110.233137001000046, -7.732277, 0.0 ], [ 110.232959, -7.732521, 0.0 ], [ 110.232624, -7.732982, 0.0 ], [ 110.232477999000054, -7.733359, 0.0 ], [ 110.231798, -7.733524, 0.0 ], [ 110.231095, -7.734966, 0.0 ], [ 110.231109001000021, -7.734977, 0.0 ], [ 110.231152999000116, -7.73501, 0.0 ], [ 110.231437, -7.735249, 0.0 ], [ 110.231616, -7.735384, 0.0 ], [ 110.231611, -7.735405, 0.0 ], [ 110.231257, -7.737077, 0.0 ], [ 110.231158, -7.737507, 0.0 ], [ 110.2310820000001, -7.737862, 0.0 ], [ 110.230993999000106, -7.738325, 0.0 ], [ 110.230967, -7.738438, 0.0 ], [ 110.230667999000048, -7.739858, 0.0 ], [ 110.230614000000102, -7.74009399899991, 0.0 ], [ 110.230534, -7.740478000999886, 0.0 ], [ 110.230347, -7.740368, 0.0 ], [ 110.230120999000079, -7.740194, 0.0 ], [ 110.229857, -7.739963, 0.0 ], [ 110.229681, -7.739824, 0.0 ], [ 110.228532, -7.73891, 0.0 ], [ 110.22843, -7.738839000999988, 0.0 ], [ 110.228396001000078, -7.738812, 0.0 ], [ 110.228251, -7.738693, 0.0 ], [ 110.227946, -7.738430999999892, 0.0 ], [ 110.227793001000109, -7.738302, 0.0 ], [ 110.227632000000114, -7.738171, 0.0 ], [ 110.227327999000096, -7.737932, 0.0 ], [ 110.226844, -7.738555998999932, 0.0 ], [ 110.226512999000064, -7.738946, 0.0 ], [ 110.226309, -7.739217, 0.0 ], [ 110.225933, -7.73966200099996, 0.0 ], [ 110.225463, -7.740092, 0.0 ], [ 110.225458, -7.740094, 0.0 ], [ 110.225381000000112, -7.740156, 0.0 ], [ 110.225265, -7.740272, 0.0 ], [ 110.225206000000114, -7.740243000999982, 0.0 ], [ 110.225133000000113, -7.740218, 0.0 ], [ 110.22502, -7.740248000999951, 0.0 ], [ 110.224864, -7.740348, 0.0 ], [ 110.224710000000101, -7.740514, 0.0 ], [ 110.224523, -7.740731, 0.0 ], [ 110.224396, -7.740796, 0.0 ], [ 110.22407799900013, -7.740912, 0.0 ], [ 110.224014, -7.741118, 0.0 ], [ 110.223967, -7.741183000999953, 0.0 ], [ 110.223888, -7.741289, 0.0 ], [ 110.223631, -7.741496001, 0.0 ], [ 110.223579, -7.741599, 0.0 ], [ 110.223502, -7.741784, 0.0 ], [ 110.223319, -7.742227000999915, 0.0 ], [ 110.223217, -7.742346999999896, 0.0 ], [ 110.222871, -7.74258, 0.0 ], [ 110.222778001000037, -7.74257, 0.0 ], [ 110.222559, -7.742528, 0.0 ], [ 110.222484, -7.742587000999947, 0.0 ], [ 110.222467, -7.742688, 0.0 ], [ 110.222439, -7.742765, 0.0 ], [ 110.222388, -7.742821000999946, 0.0 ], [ 110.222236, -7.742851, 0.0 ], [ 110.222215, -7.742858, 0.0 ], [ 110.222187, -7.742863, 0.0 ], [ 110.222128, -7.742916, 0.0 ], [ 110.222096, -7.743022, 0.0 ], [ 110.222031, -7.743167000999975, 0.0 ], [ 110.221948, -7.743219, 0.0 ], [ 110.221560999000062, -7.743417, 0.0 ], [ 110.221422000000103, -7.743468, 0.0 ], [ 110.221191999000084, -7.74348, 0.0 ], [ 110.221021, -7.74352, 0.0 ], [ 110.220717, -7.743666, 0.0 ], [ 110.220611, -7.743848000999922, 0.0 ], [ 110.220481, -7.744018, 0.0 ], [ 110.220275, -7.744090998999955, 0.0 ], [ 110.220074999000119, -7.744113, 0.0 ], [ 110.219461000000123, -7.744307, 0.0 ], [ 110.218995000000106, -7.744328, 0.0 ], [ 110.218403, -7.744359, 0.0 ], [ 110.21789, -7.744346, 0.0 ], [ 110.217233407459645, -7.744263052474444, 0.0 ], [ 110.217231505248193, -7.744261259125775, 0.0 ], [ 110.216737, -7.743684999000024, 0.0 ], [ 110.21614432966193, -7.742594116084824, 0.0 ], [ 110.216074777983195, -7.742346566574067, 0.0 ], [ 110.215974001000077, -7.741619, 0.0 ], [ 110.21608, -7.740174, 0.0 ], [ 110.216216493744994, -7.739354315341409, 0.0 ], [ 110.216300173000064, -7.739020402999898, 0.0 ], [ 110.216576971460483, -7.738074560613352, 0.0 ], [ 110.216789000000105, -7.73774, 0.0 ], [ 110.217473001000116, -7.737122, 0.0 ], [ 110.218759, -7.736443000999984, 0.0 ], [ 110.220026, -7.735787, 0.0 ], [ 110.221049999000059, -7.735256998999908, 0.0 ], [ 110.221285786173752, -7.734413037843392, 0.0 ], [ 110.22140740100005, -7.734255865999941, 0.0 ], [ 110.221493456862746, -7.733669714989635, 0.0 ], [ 110.221718, -7.732866, 0.0 ], [ 110.221781, -7.73255, 0.0 ], [ 110.221851999000066, -7.732196, 0.0 ], [ 110.221957, -7.731247, 0.0 ], [ 110.222155966712748, -7.730092993066641, 0.0 ], [ 110.223149841000151, -7.727022680999919, 0.0 ], [ 110.224063771000189, -7.725033036999964, 0.0 ], [ 110.224729187242914, -7.723690577211386, 0.0 ], [ 110.224995, -7.723326, 0.0 ], [ 110.225119512012753, -7.723266634345062, 0.0 ], [ 110.225728679969279, -7.723037604549756, 0.0 ], [ 110.225794681000053, -7.723029473999922, 0.0 ], [ 110.226383, -7.722957, 0.0 ], [ 110.226708102462695, -7.72297073704258, 0.0 ], [ 110.227354632435635, -7.723105315430836, 0.0 ], [ 110.227812001000075, -7.723228, 0.0 ], [ 110.228241947376802, -7.723290014392383, 0.0 ], [ 110.228346459000065, -7.72331176899992, 0.0 ], [ 110.228410089123642, -7.723314266738381, 0.0 ], [ 110.229261, -7.72343699999989, 0.0 ], [ 110.229669880239783, -7.723363718610933, 0.0 ], [ 110.23031188800006, -7.723388919999909, 0.0 ], [ 110.230737360554414, -7.723137736070075, 0.0 ], [ 110.23141600000011, -7.722801, 0.0 ], [ 110.231599659619008, -7.722628665236943, 0.0 ], [ 110.231775946000056, -7.722524591999981, 0.0 ], [ 110.231779824390458, -7.722459609821321, 0.0 ], [ 110.231789, -7.722451, 0.0 ], [ 110.231956000000125, -7.722059, 0.0 ], [ 110.231936, -7.721563, 0.0 ], [ 110.231874, -7.72113, 0.0 ], [ 110.23152599900007, -7.719354, 0.0 ], [ 110.231445, -7.718155999000011, 0.0 ], [ 110.231467, -7.71735100099993, 0.0 ], [ 110.231739000000104, -7.715907, 0.0 ], [ 110.231948001000077, -7.714731, 0.0 ], [ 110.232156, -7.714215, 0.0 ], [ 110.232488, -7.713741, 0.0 ], [ 110.23284999900001, -7.713455, 0.0 ], [ 110.232970926385804, -7.713383132378794, 0.0 ], [ 110.233933039000092, -7.713256543999904, 0.0 ], [ 110.234286679651703, -7.713288631224426, 0.0 ], [ 110.234705000000105, -7.713394, 0.0 ], [ 110.235471, -7.713519, 0.0 ], [ 110.236382, -7.7135, 0.0 ], [ 110.238719, -7.713112, 0.0 ], [ 110.240899001000031, -7.71165, 0.0 ], [ 110.241583, -7.71128, 0.0 ], [ 110.242475001000045, -7.710827, 0.0 ], [ 110.242616471601423, -7.710741973435866, 0.0 ], [ 110.242710911000117, -7.710694730999947, 0.0 ], [ 110.244375167999976, -7.710071585999902, 0.0 ], [ 110.246072904000115, -7.710120987999904, 0.0 ], [ 110.246877855224184, -7.710085861578222, 0.0 ], [ 110.247218, -7.710134001, 0.0 ], [ 110.247380672682084, -7.710063919654832, 0.0 ], [ 110.247454660000045, -7.710060690999889, 0.0 ], [ 110.247557175116256, -7.709987880286253, 0.0 ], [ 110.247601, -7.709969, 0.0 ], [ 110.248053, -7.710105, 0.0 ], [ 110.248249, -7.710072000999936, 0.0 ], [ 110.249070000000117, -7.710104, 0.0 ], [ 110.249298, -7.710189, 0.0 ], [ 110.249466, -7.710273, 0.0 ], [ 110.249598, -7.710357999999886, 0.0 ], [ 110.249593, -7.710599, 0.0 ], [ 110.249579, -7.710824, 0.0 ], [ 110.24947, -7.711076, 0.0 ], [ 110.249339, -7.711261, 0.0 ], [ 110.249314, -7.711383, 0.0 ], [ 110.248941000000102, -7.711574000999956, 0.0 ], [ 110.248626, -7.711732000999973, 0.0 ], [ 110.248779999000106, -7.712052, 0.0 ], [ 110.248864000000125, -7.712224998999908, 0.0 ], [ 110.24897, -7.712417, 0.0 ], [ 110.249023, -7.712522, 0.0 ], [ 110.249289, -7.712677998999908, 0.0 ], [ 110.24942199900002, -7.712821000999927, 0.0 ], [ 110.249461999000047, -7.712907, 0.0 ], [ 110.249385, -7.713224, 0.0 ], [ 110.249374, -7.713262, 0.0 ], [ 110.24936, -7.713357, 0.0 ], [ 110.249261, -7.713424, 0.0 ], [ 110.248664999000084, -7.71383, 0.0 ], [ 110.248618000000107, -7.713862000999907, 0.0 ], [ 110.248557, -7.71387, 0.0 ], [ 110.248313, -7.713924, 0.0 ], [ 110.247889, -7.714075000999944, 0.0 ], [ 110.24717, -7.713946, 0.0 ], [ 110.247080001000128, -7.713927, 0.0 ], [ 110.245958000000115, -7.714547, 0.0 ], [ 110.245539, -7.714347, 0.0 ], [ 110.245192999000054, -7.714331, 0.0 ], [ 110.244852001000083, -7.714251, 0.0 ], [ 110.24428, -7.714023999999899, 0.0 ], [ 110.24406, -7.713965, 0.0 ], [ 110.243953, -7.713955, 0.0 ], [ 110.243951, -7.714131, 0.0 ], [ 110.243952, -7.714177, 0.0 ], [ 110.243934, -7.714326, 0.0 ], [ 110.243885, -7.714429, 0.0 ], [ 110.243851999000029, -7.714472, 0.0 ], [ 110.243834, -7.714502, 0.0 ], [ 110.243697, -7.71483400099995, 0.0 ], [ 110.243645, -7.715012, 0.0 ], [ 110.243664000000109, -7.71509, 0.0 ], [ 110.243886999000082, -7.715232, 0.0 ], [ 110.244031, -7.715316, 0.0 ], [ 110.244178, -7.715422, 0.0 ], [ 110.244202000000129, -7.715441999999896, 0.0 ], [ 110.244201000000132, -7.715452, 0.0 ], [ 110.244036, -7.715769000999952, 0.0 ], [ 110.244013, -7.715851000999987, 0.0 ], [ 110.243968, -7.715916, 0.0 ], [ 110.243976, -7.715962, 0.0 ], [ 110.244156, -7.71609, 0.0 ], [ 110.244248000000113, -7.716174, 0.0 ], [ 110.244237, -7.716378000999981, 0.0 ], [ 110.244237, -7.716566999999898, 0.0 ], [ 110.24424900000011, -7.716648000999939, 0.0 ], [ 110.244076, -7.716681, 0.0 ], [ 110.243724001000103, -7.717132, 0.0 ], [ 110.243785001000077, -7.717178, 0.0 ], [ 110.243943000000101, -7.717313000999983, 0.0 ], [ 110.244259, -7.717327, 0.0 ], [ 110.244712, -7.717316, 0.0 ], [ 110.244778, -7.717268999999895, 0.0 ], [ 110.24481, -7.717256000999974, 0.0 ], [ 110.244917999000037, -7.717252, 0.0 ], [ 110.245436001000087, -7.717464, 0.0 ], [ 110.245574, -7.717535, 0.0 ], [ 110.245757, -7.717629, 0.0 ], [ 110.24588, -7.717714, 0.0 ], [ 110.246026, -7.71773, 0.0 ], [ 110.246127999000052, -7.717747, 0.0 ], [ 110.246405, -7.717924, 0.0 ], [ 110.246511, -7.717968, 0.0 ], [ 110.246833, -7.717896999999898, 0.0 ], [ 110.24712099900006, -7.717828, 0.0 ], [ 110.24744, -7.717794, 0.0 ], [ 110.24754, -7.717813, 0.0 ], [ 110.247434, -7.717955000999989, 0.0 ], [ 110.246935, -7.718624, 0.0 ], [ 110.246866, -7.718719998999958, 0.0 ], [ 110.2467, -7.718942, 0.0 ], [ 110.246439, -7.719281000999924, 0.0 ], [ 110.24638, -7.719378, 0.0 ], [ 110.246352, -7.719402, 0.0 ], [ 110.246223, -7.71955600099994, 0.0 ], [ 110.245929001000022, -7.719954, 0.0 ], [ 110.245238, -7.720906, 0.0 ], [ 110.245264001000066, -7.720879000999982, 0.0 ], [ 110.245539001000083, -7.72108, 0.0 ], [ 110.245658, -7.721169, 0.0 ], [ 110.245843, -7.721234000999956, 0.0 ], [ 110.246601, -7.721112000999899, 0.0 ], [ 110.247082, -7.721034000999929, 0.0 ], [ 110.247263, -7.720994, 0.0 ], [ 110.247323, -7.720978, 0.0 ], [ 110.2479920010001, -7.720609000999936, 0.0 ], [ 110.248505999000074, -7.720317, 0.0 ], [ 110.249052, -7.720017999999886, 0.0 ], [ 110.249143001000022, -7.719977, 0.0 ], [ 110.248988, -7.720628, 0.0 ], [ 110.248856, -7.721375, 0.0 ], [ 110.248801, -7.721663000999925, 0.0 ], [ 110.248787, -7.72201, 0.0 ], [ 110.248822000000118, -7.722402000999963, 0.0 ], [ 110.248966, -7.72278900100001, 0.0 ], [ 110.249047, -7.723217, 0.0 ], [ 110.249091, -7.723605000999935, 0.0 ], [ 110.249116999000094, -7.723886, 0.0 ], [ 110.249017, -7.724106, 0.0 ], [ 110.248978, -7.724189, 0.0 ], [ 110.248928, -7.724265, 0.0 ], [ 110.248235999000116, -7.725467, 0.0 ], [ 110.248221, -7.725497, 0.0 ], [ 110.247875001000097, -7.726127000999973, 0.0 ], [ 110.247689999000059, -7.726426, 0.0 ], [ 110.247591, -7.726608, 0.0 ], [ 110.247246000000104, -7.727234, 0.0 ], [ 110.246901, -7.727826000999951, 0.0 ], [ 110.246678999000082, -7.728207, 0.0 ], [ 110.246551001000057, -7.728444000999925, 0.0 ], [ 110.246551001000057, -7.728445, 0.0 ], [ 110.24639700100002, -7.728707998999919, 0.0 ], [ 110.246214, -7.729037998999956, 0.0 ], [ 110.245904, -7.72957, 0.0 ], [ 110.245702, -7.729924, 0.0 ], [ 110.245335, -7.730566, 0.0 ], [ 110.245288000000102, -7.730668, 0.0 ], [ 110.245123, -7.731000000999934, 0.0 ] ] ] ] } },
{ "type": "Feature", "properties": { "NAMOBJ": "Sendangrejo", "WADMKC": "Minggir", "WADMKK": "Kabupaten Sleman", "WADMPR": "DI Yogyakarta" }, "geometry": { "type": "MultiPolygon", "coordinates": [ [ [ [ 110.274656, -7.709594, 0.0 ], [ 110.274742, -7.709622, 0.0 ], [ 110.274831, -7.709651, 0.0 ], [ 110.274980000000127, -7.7097, 0.0 ], [ 110.275067, -7.709728000999984, 0.0 ], [ 110.275258, -7.70979, 0.0 ], [ 110.27562, -7.709909, 0.0 ], [ 110.27559, -7.710065999999884, 0.0 ], [ 110.275558, -7.710238, 0.0 ], [ 110.275815000000108, -7.71025, 0.0 ], [ 110.275993, -7.711751, 0.0 ], [ 110.275294, -7.711648, 0.0 ], [ 110.27529, -7.711688, 0.0 ], [ 110.275267, -7.712202, 0.0 ], [ 110.275471, -7.712298, 0.0 ], [ 110.275916, -7.712542, 0.0 ], [ 110.275984, -7.712889, 0.0 ], [ 110.276358000000101, -7.71217, 0.0 ], [ 110.276522, -7.71185, 0.0 ], [ 110.276644, -7.711643, 0.0 ], [ 110.276648000000108, -7.711633, 0.0 ], [ 110.276776, -7.711405000999918, 0.0 ], [ 110.276970000000105, -7.710957000999976, 0.0 ], [ 110.277214, -7.710978, 0.0 ], [ 110.277278, -7.710983, 0.0 ], [ 110.277350000000112, -7.71098, 0.0 ], [ 110.277373, -7.710981, 0.0 ], [ 110.277567, -7.710989, 0.0 ], [ 110.27831100000013, -7.711019, 0.0 ], [ 110.278859, -7.711047, 0.0 ], [ 110.279075, -7.711065, 0.0 ], [ 110.279440000000108, -7.711075, 0.0 ], [ 110.280349, -7.711116, 0.0 ], [ 110.280878, -7.711144999999899, 0.0 ], [ 110.281783, -7.711181, 0.0 ], [ 110.281669, -7.711467, 0.0 ], [ 110.28158, -7.711657, 0.0 ], [ 110.281387, -7.712021, 0.0 ], [ 110.280987, -7.712826, 0.0 ], [ 110.280802, -7.713266, 0.0 ], [ 110.280405000000101, -7.713989, 0.0 ], [ 110.280068000000114, -7.714742, 0.0 ], [ 110.279980000000108, -7.714903, 0.0 ], [ 110.279858, -7.715144, 0.0 ], [ 110.279848000000115, -7.715176, 0.0 ], [ 110.279738, -7.715403000999956, 0.0 ], [ 110.279593, -7.715685, 0.0 ], [ 110.27941, -7.716012, 0.0 ], [ 110.278783, -7.71732, 0.0 ], [ 110.278598, -7.717212, 0.0 ], [ 110.277834, -7.716814, 0.0 ], [ 110.277765, -7.716769, 0.0 ], [ 110.277562, -7.716659, 0.0 ], [ 110.276998, -7.716352, 0.0 ], [ 110.276959, -7.716337, 0.0 ], [ 110.276675, -7.716196, 0.0 ], [ 110.276572, -7.716137, 0.0 ], [ 110.276379, -7.716025, 0.0 ], [ 110.275781, -7.715702, 0.0 ], [ 110.275581, -7.71572, 0.0 ], [ 110.275316000000117, -7.715745, 0.0 ], [ 110.275236, -7.715718, 0.0 ], [ 110.27501, -7.715602, 0.0 ], [ 110.274837, -7.715297, 0.0 ], [ 110.27464500000012, -7.715068, 0.0 ], [ 110.274399000000102, -7.714943, 0.0 ], [ 110.274363, -7.714929, 0.0 ], [ 110.274309000000116, -7.714908, 0.0 ], [ 110.274147000000127, -7.715047, 0.0 ], [ 110.274002, -7.715567, 0.0 ], [ 110.273751, -7.715639, 0.0 ], [ 110.273406, -7.715615, 0.0 ], [ 110.273187, -7.715687, 0.0 ], [ 110.273096, -7.715909000999901, 0.0 ], [ 110.273048, -7.716327, 0.0 ], [ 110.273048, -7.716601, 0.0 ], [ 110.273125, -7.716778, 0.0 ], [ 110.27337, -7.716888, 0.0 ], [ 110.273671, -7.71676, 0.0 ], [ 110.273916, -7.71684, 0.0 ], [ 110.273900000000111, -7.71714, 0.0 ], [ 110.273704, -7.717361, 0.0 ], [ 110.273671, -7.717685000999943, 0.0 ], [ 110.27367, -7.717686, 0.0 ], [ 110.273644, -7.717754, 0.0 ], [ 110.273655, -7.717831, 0.0 ], [ 110.273634, -7.717976, 0.0 ], [ 110.27357, -7.718164, 0.0 ], [ 110.273506, -7.718358, 0.0 ], [ 110.273155000000116, -7.719608, 0.0 ], [ 110.273063, -7.719932, 0.0 ], [ 110.272980000000103, -7.720281, 0.0 ], [ 110.272949, -7.720407, 0.0 ], [ 110.272667, -7.721458, 0.0 ], [ 110.272582, -7.721725, 0.0 ], [ 110.272357, -7.722497, 0.0 ], [ 110.272287, -7.722732, 0.0 ], [ 110.27214600000012, -7.723221, 0.0 ], [ 110.271917, -7.724066, 0.0 ], [ 110.271705, -7.724815, 0.0 ], [ 110.273273000000103, -7.725116, 0.0 ], [ 110.273284, -7.725126, 0.0 ], [ 110.273354, -7.724932, 0.0 ], [ 110.273563000000124, -7.724392, 0.0 ], [ 110.275078, -7.724920000999937, 0.0 ], [ 110.275096, -7.724879, 0.0 ], [ 110.275782, -7.723473, 0.0 ], [ 110.275979, -7.723044, 0.0 ], [ 110.276183, -7.722653, 0.0 ], [ 110.277592, -7.723375, 0.0 ], [ 110.277648, -7.723399000999944, 0.0 ], [ 110.278118, -7.722444, 0.0 ], [ 110.278366, -7.721951, 0.0 ], [ 110.280492, -7.722804, 0.0 ], [ 110.280342, -7.723225, 0.0 ], [ 110.280253, -7.723475, 0.0 ], [ 110.280176, -7.723692, 0.0 ], [ 110.280115, -7.723863, 0.0 ], [ 110.280074, -7.72398, 0.0 ], [ 110.279964, -7.724197, 0.0 ], [ 110.279831, -7.724446, 0.0 ], [ 110.27971, -7.724671, 0.0 ], [ 110.279565, -7.724942, 0.0 ], [ 110.279393000000127, -7.725262999999895, 0.0 ], [ 110.279536, -7.725433, 0.0 ], [ 110.28031, -7.726018, 0.0 ], [ 110.280654, -7.726278, 0.0 ], [ 110.280847, -7.726468, 0.0 ], [ 110.281032, -7.726748, 0.0 ], [ 110.281183, -7.727042, 0.0 ], [ 110.281149000000113, -7.727067, 0.0 ], [ 110.281084, -7.727182000999957, 0.0 ], [ 110.280909, -7.727534, 0.0 ], [ 110.280766000000128, -7.727826000999951, 0.0 ], [ 110.280614, -7.72822, 0.0 ], [ 110.280576, -7.728511, 0.0 ], [ 110.280578, -7.728546, 0.0 ], [ 110.280571, -7.728775, 0.0 ], [ 110.280496, -7.729116, 0.0 ], [ 110.280488, -7.729125, 0.0 ], [ 110.280451, -7.729211, 0.0 ], [ 110.280366, -7.729313, 0.0 ], [ 110.280267, -7.729364, 0.0 ], [ 110.279869, -7.729439, 0.0 ], [ 110.279862, -7.729438, 0.0 ], [ 110.279749, -7.729404, 0.0 ], [ 110.279135, -7.729222999999898, 0.0 ], [ 110.279076000000103, -7.729272, 0.0 ], [ 110.279132, -7.729374, 0.0 ], [ 110.279275, -7.729765999999884, 0.0 ], [ 110.279277, -7.729773, 0.0 ], [ 110.279313, -7.729807999999895, 0.0 ], [ 110.279396000000105, -7.729836, 0.0 ], [ 110.279395000000108, -7.730009000999917, 0.0 ], [ 110.279373, -7.730765, 0.0 ], [ 110.279252, -7.731326, 0.0 ], [ 110.279176, -7.731503, 0.0 ], [ 110.279238, -7.731702, 0.0 ], [ 110.279585, -7.731902, 0.0 ], [ 110.279828, -7.732068, 0.0 ], [ 110.279942, -7.732318, 0.0 ], [ 110.279895, -7.732563, 0.0 ], [ 110.279753, -7.732740000999929, 0.0 ], [ 110.279661, -7.732856000999934, 0.0 ], [ 110.279551, -7.732994, 0.0 ], [ 110.279464, -7.733103, 0.0 ], [ 110.279332, -7.733268, 0.0 ], [ 110.279314, -7.733312, 0.0 ], [ 110.279203, -7.733477, 0.0 ], [ 110.278952, -7.733777, 0.0 ], [ 110.278907, -7.733844, 0.0 ], [ 110.278796, -7.734009, 0.0 ], [ 110.278641, -7.734302, 0.0 ], [ 110.278639, -7.734396, 0.0 ], [ 110.278687, -7.734465, 0.0 ], [ 110.278787, -7.73453, 0.0 ], [ 110.278956, -7.734626, 0.0 ], [ 110.275811, -7.7378, 0.0 ], [ 110.275424, -7.737849000999965, 0.0 ], [ 110.275126, -7.73788, 0.0 ], [ 110.275070000000113, -7.73788, 0.0 ], [ 110.275067, -7.737881, 0.0 ], [ 110.275028, -7.737841, 0.0 ], [ 110.275013000000101, -7.737825, 0.0 ], [ 110.274956, -7.737764, 0.0 ], [ 110.274834, -7.737779, 0.0 ], [ 110.274737, -7.737792, 0.0 ], [ 110.274628, -7.737806, 0.0 ], [ 110.2745, -7.737823, 0.0 ], [ 110.274235, -7.737682, 0.0 ], [ 110.274212, -7.737675, 0.0 ], [ 110.273895, -7.737465999999895, 0.0 ], [ 110.273663, -7.73730599999989, 0.0 ], [ 110.273413, -7.737203, 0.0 ], [ 110.273371, -7.737185, 0.0 ], [ 110.273344, -7.737171, 0.0 ], [ 110.273256, -7.737114, 0.0 ], [ 110.272852, -7.736817, 0.0 ], [ 110.272589, -7.736606, 0.0 ], [ 110.272196, -7.736373, 0.0 ], [ 110.2719290000001, -7.736208, 0.0 ], [ 110.271738000000113, -7.736054, 0.0 ], [ 110.271708, -7.735985, 0.0 ], [ 110.271529, -7.735864, 0.0 ], [ 110.270546, -7.735161, 0.0 ], [ 110.270404, -7.735082, 0.0 ], [ 110.26995, -7.734834, 0.0 ], [ 110.26991, -7.734814, 0.0 ], [ 110.269848, -7.734785, 0.0 ], [ 110.26982, -7.734785, 0.0 ], [ 110.269036, -7.734803, 0.0 ], [ 110.268471, -7.734812, 0.0 ], [ 110.268189, -7.734805, 0.0 ], [ 110.267828, -7.734813, 0.0 ], [ 110.267217, -7.734816, 0.0 ], [ 110.267032000000114, -7.734817, 0.0 ], [ 110.266745, -7.734819, 0.0 ], [ 110.26631500000012, -7.734858, 0.0 ], [ 110.26602200000012, -7.734848, 0.0 ], [ 110.265186, -7.734861, 0.0 ], [ 110.265118000000101, -7.73486, 0.0 ], [ 110.265041, -7.734859, 0.0 ], [ 110.265012, -7.734859, 0.0 ], [ 110.26478200000011, -7.734856, 0.0 ], [ 110.264193, -7.73486, 0.0 ], [ 110.264152000000109, -7.734852, 0.0 ], [ 110.26409, -7.735111, 0.0 ], [ 110.264002, -7.735390999999893, 0.0 ], [ 110.263967, -7.735519, 0.0 ], [ 110.264498, -7.735638999999896, 0.0 ], [ 110.264574, -7.735378, 0.0 ], [ 110.265183, -7.735263, 0.0 ], [ 110.265363, -7.735186, 0.0 ], [ 110.265805, -7.735137, 0.0 ], [ 110.26591, -7.735115, 0.0 ], [ 110.2661, -7.735168, 0.0 ], [ 110.266226, -7.735201, 0.0 ], [ 110.266216, -7.735242, 0.0 ], [ 110.266123, -7.735627, 0.0 ], [ 110.266114, -7.735707, 0.0 ], [ 110.266051, -7.735967, 0.0 ], [ 110.26602, -7.736091999999896, 0.0 ], [ 110.265517, -7.736136999999889, 0.0 ], [ 110.265207000000103, -7.736163, 0.0 ], [ 110.265181, -7.7361, 0.0 ], [ 110.265087, -7.736329, 0.0 ], [ 110.264972, -7.736443, 0.0 ], [ 110.264821, -7.73653, 0.0 ], [ 110.264656, -7.736632999999895, 0.0 ], [ 110.264564, -7.736758, 0.0 ], [ 110.264531, -7.736911, 0.0 ], [ 110.264559, -7.737033, 0.0 ], [ 110.264652, -7.737384, 0.0 ], [ 110.264617, -7.737578, 0.0 ], [ 110.264557, -7.737831, 0.0 ], [ 110.264617, -7.738023, 0.0 ], [ 110.264632, -7.738159, 0.0 ], [ 110.264589, -7.738271, 0.0 ], [ 110.26444200000013, -7.73848, 0.0 ], [ 110.264329000000103, -7.738555, 0.0 ], [ 110.264107000000124, -7.738709, 0.0 ], [ 110.263988, -7.738867, 0.0 ], [ 110.263819, -7.739183, 0.0 ], [ 110.263814000000124, -7.739288, 0.0 ], [ 110.263872, -7.739371, 0.0 ], [ 110.263999, -7.739442, 0.0 ], [ 110.264378, -7.73956, 0.0 ], [ 110.264604000000119, -7.739661, 0.0 ], [ 110.264652, -7.739756, 0.0 ], [ 110.264673, -7.739917001, 0.0 ], [ 110.264637, -7.740538, 0.0 ], [ 110.264629, -7.740598, 0.0 ], [ 110.264593, -7.740687, 0.0 ], [ 110.264517, -7.74086, 0.0 ], [ 110.263197, -7.740379, 0.0 ], [ 110.263525000000101, -7.739246, 0.0 ], [ 110.262895000000114, -7.739083, 0.0 ], [ 110.262588, -7.740175, 0.0 ], [ 110.262546, -7.740294, 0.0 ], [ 110.26242, -7.74078, 0.0 ], [ 110.262416000000101, -7.74081, 0.0 ], [ 110.262341, -7.741089999999897, 0.0 ], [ 110.262243, -7.74143, 0.0 ], [ 110.262242, -7.741434, 0.0 ], [ 110.262193000000124, -7.741572, 0.0 ], [ 110.262075, -7.741993, 0.0 ], [ 110.261939, -7.742515, 0.0 ], [ 110.261907, -7.742654, 0.0 ], [ 110.261900000000125, -7.742681, 0.0 ], [ 110.2618, -7.743031, 0.0 ], [ 110.261664, -7.743497, 0.0 ], [ 110.261614, -7.743720999999894, 0.0 ], [ 110.261564000000121, -7.743851, 0.0 ], [ 110.2613640000001, -7.74461, 0.0 ], [ 110.261363000000102, -7.744614, 0.0 ], [ 110.259759, -7.744006, 0.0 ], [ 110.259625, -7.7445, 0.0 ], [ 110.259501, -7.744949, 0.0 ], [ 110.259400000000127, -7.745296, 0.0 ], [ 110.259304, -7.745615, 0.0 ], [ 110.258494, -7.745258, 0.0 ], [ 110.258514, -7.745197, 0.0 ], [ 110.258582, -7.744947001, 0.0 ], [ 110.25868, -7.744763, 0.0 ], [ 110.258988, -7.744132, 0.0 ], [ 110.258926, -7.743907, 0.0 ], [ 110.259197000000114, -7.743477, 0.0 ], [ 110.259384, -7.743237, 0.0 ], [ 110.259327, -7.74285, 0.0 ], [ 110.259285, -7.74265, 0.0 ], [ 110.25933, -7.742413000999939, 0.0 ], [ 110.2596530000001, -7.741682, 0.0 ], [ 110.259639, -7.740771, 0.0 ], [ 110.259476, -7.740644, 0.0 ], [ 110.25951, -7.740423000999954, 0.0 ], [ 110.259718, -7.739858000999924, 0.0 ], [ 110.259899000000118, -7.739525, 0.0 ], [ 110.260085, -7.739403, 0.0 ], [ 110.260319, -7.739306, 0.0 ], [ 110.260624, -7.739242, 0.0 ], [ 110.260652, -7.739216, 0.0 ], [ 110.260677, -7.739178, 0.0 ], [ 110.260712, -7.7391, 0.0 ], [ 110.260728, -7.739054, 0.0 ], [ 110.260737, -7.739003, 0.0 ], [ 110.26072, -7.738954, 0.0 ], [ 110.260686, -7.738891, 0.0 ], [ 110.260647000000105, -7.738838999999899, 0.0 ], [ 110.260626, -7.738826, 0.0 ], [ 110.260573000000107, -7.738805000999928, 0.0 ], [ 110.260446, -7.738774, 0.0 ], [ 110.260349, -7.738769, 0.0 ], [ 110.260089, -7.738643, 0.0 ], [ 110.260057, -7.738834, 0.0 ], [ 110.259712, -7.738801, 0.0 ], [ 110.259513, -7.739195000999956, 0.0 ], [ 110.259076, -7.73912, 0.0 ], [ 110.258784, -7.738846, 0.0 ], [ 110.258891, -7.737739, 0.0 ], [ 110.259005, -7.737531, 0.0 ], [ 110.259091, -7.737361000999911, 0.0 ], [ 110.2591, -7.737268, 0.0 ], [ 110.259061, -7.737184, 0.0 ], [ 110.259, -7.737006, 0.0 ], [ 110.258995, -7.736945, 0.0 ], [ 110.259239, -7.736531, 0.0 ], [ 110.259312, -7.736446, 0.0 ], [ 110.258943, -7.73630900099991, 0.0 ], [ 110.258681, -7.735922, 0.0 ], [ 110.25861, -7.735817, 0.0 ], [ 110.258543000000103, -7.735803, 0.0 ], [ 110.258502, -7.735797, 0.0 ], [ 110.258457, -7.735804, 0.0 ], [ 110.258386, -7.735855, 0.0 ], [ 110.258254, -7.735983, 0.0 ], [ 110.258155, -7.736122, 0.0 ], [ 110.258044, -7.736303, 0.0 ], [ 110.25793, -7.736369, 0.0 ], [ 110.257792, -7.736327, 0.0 ], [ 110.257710000000102, -7.736071, 0.0 ], [ 110.257733, -7.735812, 0.0 ], [ 110.257655, -7.735636, 0.0 ], [ 110.257616, -7.735464, 0.0 ], [ 110.257676, -7.734952, 0.0 ], [ 110.257849, -7.73501, 0.0 ], [ 110.258235, -7.735145, 0.0 ], [ 110.258303, -7.735135, 0.0 ], [ 110.258322000000106, -7.735046, 0.0 ], [ 110.258417, -7.734912, 0.0 ], [ 110.258615000000106, -7.734697, 0.0 ], [ 110.258646, -7.734631000999983, 0.0 ], [ 110.258677, -7.734564, 0.0 ], [ 110.258686, -7.734381, 0.0 ], [ 110.258659000000108, -7.734235, 0.0 ], [ 110.258651, -7.734061, 0.0 ], [ 110.258673, -7.734013, 0.0 ], [ 110.258706, -7.733834, 0.0 ], [ 110.258719, -7.733597000999961, 0.0 ], [ 110.258838, -7.733401, 0.0 ], [ 110.259064, -7.733093, 0.0 ], [ 110.259491000000111, -7.732462, 0.0 ], [ 110.259529, -7.732405, 0.0 ], [ 110.259617, -7.732269, 0.0 ], [ 110.259692000000129, -7.732089, 0.0 ], [ 110.259727, -7.731684, 0.0 ], [ 110.259839, -7.731570000999934, 0.0 ], [ 110.259886, -7.731429999999897, 0.0 ], [ 110.259897, -7.731086, 0.0 ], [ 110.259873, -7.730855, 0.0 ], [ 110.259839, -7.730519, 0.0 ], [ 110.259825, -7.730241, 0.0 ], [ 110.259872000000101, -7.730033, 0.0 ], [ 110.259963, -7.729818, 0.0 ], [ 110.260335, -7.729419, 0.0 ], [ 110.260489, -7.729245, 0.0 ], [ 110.260628, -7.728992, 0.0 ], [ 110.260699, -7.728709, 0.0 ], [ 110.260246, -7.728666, 0.0 ], [ 110.260149000000112, -7.728787, 0.0 ], [ 110.259629, -7.728699, 0.0 ], [ 110.259431, -7.729153, 0.0 ], [ 110.259391, -7.729224999999886, 0.0 ], [ 110.259048, -7.729138, 0.0 ], [ 110.258973, -7.729125, 0.0 ], [ 110.259087, -7.728909, 0.0 ], [ 110.259202, -7.728595999999889, 0.0 ], [ 110.259201, -7.728315, 0.0 ], [ 110.259202, -7.728309, 0.0 ], [ 110.258882, -7.728144, 0.0 ], [ 110.258409000000114, -7.729152000999974, 0.0 ], [ 110.258188, -7.729581000999943, 0.0 ], [ 110.257827, -7.729847, 0.0 ], [ 110.257488000000109, -7.729683, 0.0 ], [ 110.257007, -7.729464000999943, 0.0 ], [ 110.256816000000114, -7.72922900099995, 0.0 ], [ 110.256677, -7.728887999999891, 0.0 ], [ 110.25638, -7.728549, 0.0 ], [ 110.256029, -7.72832, 0.0 ], [ 110.256005, -7.728308, 0.0 ], [ 110.255989, -7.728299, 0.0 ], [ 110.256058, -7.728171, 0.0 ], [ 110.256283, -7.728012, 0.0 ], [ 110.256978000000103, -7.728249, 0.0 ], [ 110.257434, -7.727806999999888, 0.0 ], [ 110.257563000000104, -7.727612, 0.0 ], [ 110.257998, -7.726787, 0.0 ], [ 110.258578, -7.725473, 0.0 ], [ 110.258442, -7.725479, 0.0 ], [ 110.258433, -7.72548, 0.0 ], [ 110.258357, -7.725493, 0.0 ], [ 110.258325, -7.725498, 0.0 ], [ 110.258319000000128, -7.725498, 0.0 ], [ 110.258295, -7.725499, 0.0 ], [ 110.258033, -7.725523, 0.0 ], [ 110.257322, -7.725592, 0.0 ], [ 110.257085, -7.725562, 0.0 ], [ 110.257073, -7.725559, 0.0 ], [ 110.257119, -7.725494, 0.0 ], [ 110.257129, -7.725478, 0.0 ], [ 110.257203, -7.725306999999894, 0.0 ], [ 110.257738000000103, -7.724369, 0.0 ], [ 110.258055, -7.723792, 0.0 ], [ 110.258482000000114, -7.723062, 0.0 ], [ 110.2587, -7.722663, 0.0 ], [ 110.259138, -7.721855, 0.0 ], [ 110.259398, -7.721418, 0.0 ], [ 110.259608000000114, -7.721054, 0.0 ], [ 110.259984000000131, -7.720377, 0.0 ], [ 110.259999, -7.720351, 0.0 ], [ 110.2601650000001, -7.720012, 0.0 ], [ 110.26036, -7.719677, 0.0 ], [ 110.260549, -7.719661, 0.0 ], [ 110.26072, -7.719606, 0.0 ], [ 110.26093800000011, -7.71935, 0.0 ], [ 110.26125, -7.718839, 0.0 ], [ 110.261491, -7.71834, 0.0 ], [ 110.261764, -7.717829, 0.0 ], [ 110.262184, -7.717865, 0.0 ], [ 110.262848, -7.717935, 0.0 ], [ 110.263052, -7.717681, 0.0 ], [ 110.263241, -7.717307, 0.0 ], [ 110.26341, -7.716984, 0.0 ], [ 110.26372, -7.716435, 0.0 ], [ 110.263833, -7.716031, 0.0 ], [ 110.264206, -7.715272, 0.0 ], [ 110.264605000000117, -7.714539, 0.0 ], [ 110.263952, -7.713772, 0.0 ], [ 110.263986, -7.713671, 0.0 ], [ 110.264028, -7.713562, 0.0 ], [ 110.264104, -7.713329, 0.0 ], [ 110.264225, -7.712891, 0.0 ], [ 110.264387, -7.712347, 0.0 ], [ 110.264429, -7.712208, 0.0 ], [ 110.264552, -7.71208, 0.0 ], [ 110.26509, -7.711641, 0.0 ], [ 110.265528000000103, -7.71165800099989, 0.0 ], [ 110.266135, -7.711682, 0.0 ], [ 110.26618, -7.711513, 0.0 ], [ 110.266233, -7.711463001, 0.0 ], [ 110.266332, -7.711368, 0.0 ], [ 110.266523, -7.711187, 0.0 ], [ 110.266798, -7.710925, 0.0 ], [ 110.267048, -7.710687, 0.0 ], [ 110.267397000000116, -7.710592, 0.0 ], [ 110.26754, -7.710088, 0.0 ], [ 110.267325, -7.709944, 0.0 ], [ 110.267388, -7.709701, 0.0 ], [ 110.268159, -7.709823, 0.0 ], [ 110.268209, -7.709831, 0.0 ], [ 110.26822, -7.70977, 0.0 ], [ 110.268238, -7.709669000999988, 0.0 ], [ 110.268258, -7.709556, 0.0 ], [ 110.268282, -7.709523999999892, 0.0 ], [ 110.268353, -7.709461, 0.0 ], [ 110.268456, -7.70937, 0.0 ], [ 110.268534, -7.709301, 0.0 ], [ 110.2691820000001, -7.708593, 0.0 ], [ 110.269546, -7.708819, 0.0 ], [ 110.269645000000125, -7.708911, 0.0 ], [ 110.270057000000108, -7.709298001000022, 0.0 ], [ 110.270223, -7.709431, 0.0 ], [ 110.270373, -7.709486, 0.0 ], [ 110.270482000000101, -7.709495, 0.0 ], [ 110.27106, -7.70915, 0.0 ], [ 110.271341, -7.709008, 0.0 ], [ 110.271698, -7.708894999999895, 0.0 ], [ 110.271841, -7.708850001, 0.0 ], [ 110.272618, -7.708830000999935, 0.0 ], [ 110.272873, -7.70886, 0.0 ], [ 110.273036, -7.708912, 0.0 ], [ 110.273146, -7.708991, 0.0 ], [ 110.273255, -7.709069999999898, 0.0 ], [ 110.273434000000108, -7.709168, 0.0 ], [ 110.273737, -7.70923, 0.0 ], [ 110.273825, -7.70923199999989, 0.0 ], [ 110.273956, -7.709237, 0.0 ], [ 110.274318, -7.709088, 0.0 ], [ 110.274425, -7.709044, 0.0 ], [ 110.274524, -7.709253, 0.0 ], [ 110.274607, -7.70953, 0.0 ], [ 110.274608, -7.709578, 0.0 ], [ 110.274656, -7.709594, 0.0 ] ] ] ] } },
{ "type": "Feature", "properties": { "NAMOBJ": "Sendangarum", "WADMKC": "Minggir", "WADMKK": "Kabupaten Sleman", "WADMPR": "DI Yogyakarta" }, "geometry": { "type": "MultiPolygon", "coordinates": [ [ [ [ 110.249089, -7.757471, 0.0 ], [ 110.248844, -7.757415, 0.0 ], [ 110.248628, -7.757364, 0.0 ], [ 110.248525, -7.757342, 0.0 ], [ 110.248501, -7.757328, 0.0 ], [ 110.247642, -7.75714, 0.0 ], [ 110.247623001000122, -7.757252, 0.0 ], [ 110.247103, -7.757133, 0.0 ], [ 110.246275, -7.756944, 0.0 ], [ 110.24622, -7.756932, 0.0 ], [ 110.245924, -7.756873999999893, 0.0 ], [ 110.245671001000076, -7.756829998999894, 0.0 ], [ 110.245626, -7.756829, 0.0 ], [ 110.245032001000055, -7.757013000999937, 0.0 ], [ 110.244821, -7.757079, 0.0 ], [ 110.244208, -7.75688, 0.0 ], [ 110.244161000000105, -7.756860000999978, 0.0 ], [ 110.244246000000118, -7.756566000999989, 0.0 ], [ 110.244222, -7.756445, 0.0 ], [ 110.244142, -7.756035, 0.0 ], [ 110.244122, -7.7559, 0.0 ], [ 110.244193, -7.755707000999969, 0.0 ], [ 110.244271001000058, -7.755548, 0.0 ], [ 110.244284, -7.755505, 0.0 ], [ 110.244333, -7.755463, 0.0 ], [ 110.244442, -7.755339000999985, 0.0 ], [ 110.244578001000065, -7.755129, 0.0 ], [ 110.244607, -7.755022, 0.0 ], [ 110.244559, -7.754895, 0.0 ], [ 110.244512999, -7.754802, 0.0 ], [ 110.244556, -7.754698, 0.0 ], [ 110.244675, -7.754595, 0.0 ], [ 110.24481, -7.754499, 0.0 ], [ 110.244937, -7.754222, 0.0 ], [ 110.245033, -7.753984, 0.0 ], [ 110.245102, -7.753904998999907, 0.0 ], [ 110.245292, -7.753824, 0.0 ], [ 110.245407, -7.753769, 0.0 ], [ 110.24547, -7.753685000999912, 0.0 ], [ 110.245484999000055, -7.753602, 0.0 ], [ 110.2454180000001, -7.753473, 0.0 ], [ 110.245356, -7.753330000999938, 0.0 ], [ 110.245383, -7.752846000999948, 0.0 ], [ 110.245452, -7.752727000999961, 0.0 ], [ 110.245544, -7.75260700099998, 0.0 ], [ 110.245571, -7.752492000999968, 0.0 ], [ 110.245565, -7.752372000999987, 0.0 ], [ 110.245755001000106, -7.752127, 0.0 ], [ 110.245769, -7.751804, 0.0 ], [ 110.245803, -7.751701, 0.0 ], [ 110.245869000000113, -7.751636, 0.0 ], [ 110.246181001000082, -7.751658, 0.0 ], [ 110.246254, -7.751649, 0.0 ], [ 110.246341999, -7.75142, 0.0 ], [ 110.246419999000054, -7.751309, 0.0 ], [ 110.246604, -7.751184, 0.0 ], [ 110.246691999000092, -7.751108000999942, 0.0 ], [ 110.246737, -7.751022, 0.0 ], [ 110.246744, -7.750924, 0.0 ], [ 110.246691001, -7.750822998999986, 0.0 ], [ 110.246637999000058, -7.750749, 0.0 ], [ 110.246647001000014, -7.750721998999978, 0.0 ], [ 110.246693999000072, -7.750588999999898, 0.0 ], [ 110.246730001000032, -7.750442, 0.0 ], [ 110.246502, -7.75004, 0.0 ], [ 110.246498097000128, -7.75, 0.0 ], [ 110.246497999000027, -7.749999, 0.0 ], [ 110.246473, -7.749706000999936, 0.0 ], [ 110.246373, -7.749478, 0.0 ], [ 110.246342999000078, -7.749402, 0.0 ], [ 110.246381999000022, -7.749325, 0.0 ], [ 110.246867, -7.749035, 0.0 ], [ 110.247012, -7.748919000999923, 0.0 ], [ 110.247051, -7.748838, 0.0 ], [ 110.247043999000084, -7.748748000999985, 0.0 ], [ 110.246942, -7.748634, 0.0 ], [ 110.246882, -7.74844, 0.0 ], [ 110.246853, -7.748385, 0.0 ], [ 110.246772, -7.748397, 0.0 ], [ 110.246593, -7.74838, 0.0 ], [ 110.246541, -7.748357, 0.0 ], [ 110.246574, -7.748278, 0.0 ], [ 110.246623, -7.748224000999883, 0.0 ], [ 110.246552001000055, -7.74812200099997, 0.0 ], [ 110.246510001000047, -7.748059, 0.0 ], [ 110.246513, -7.747978, 0.0 ], [ 110.246586, -7.747923000999936, 0.0 ], [ 110.246794, -7.747827, 0.0 ], [ 110.246844, -7.747783, 0.0 ], [ 110.246823, -7.747688, 0.0 ], [ 110.246806, -7.747627, 0.0 ], [ 110.246954000000102, -7.747571, 0.0 ], [ 110.24697, -7.747514, 0.0 ], [ 110.246923, -7.747409998999945, 0.0 ], [ 110.246854, -7.747326001000012, 0.0 ], [ 110.246820000000113, -7.747203, 0.0 ], [ 110.246832999000034, -7.747129000999966, 0.0 ], [ 110.247172, -7.74696, 0.0 ], [ 110.247313, -7.746896, 0.0 ], [ 110.247342, -7.746832001, 0.0 ], [ 110.247289000000109, -7.746695000999939, 0.0 ], [ 110.247213001000034, -7.746608, 0.0 ], [ 110.247083999000012, -7.746547, 0.0 ], [ 110.246997000000107, -7.746509999, 0.0 ], [ 110.246958001000067, -7.74643000099995, 0.0 ], [ 110.246962, -7.746331, 0.0 ], [ 110.247284, -7.745969, 0.0 ], [ 110.247335999000086, -7.745882000999906, 0.0 ], [ 110.247335001000096, -7.745803, 0.0 ], [ 110.247243000000111, -7.745681, 0.0 ], [ 110.247095, -7.745585, 0.0 ], [ 110.247018, -7.745515, 0.0 ], [ 110.246990999000047, -7.745219, 0.0 ], [ 110.247006, -7.745172, 0.0 ], [ 110.24703, -7.745094999999893, 0.0 ], [ 110.247086, -7.745031, 0.0 ], [ 110.24735, -7.745027, 0.0 ], [ 110.247421000000102, -7.745023000999975, 0.0 ], [ 110.247516, -7.744941, 0.0 ], [ 110.247543, -7.744829, 0.0 ], [ 110.247497, -7.744583, 0.0 ], [ 110.247451001000101, -7.744403, 0.0 ], [ 110.247555999000085, -7.744039, 0.0 ], [ 110.247563, -7.743816, 0.0 ], [ 110.247533, -7.743675000999907, 0.0 ], [ 110.247429, -7.743469, 0.0 ], [ 110.247415, -7.743398, 0.0 ], [ 110.247491000000124, -7.743307, 0.0 ], [ 110.247591, -7.743266, 0.0 ], [ 110.247669000000101, -7.743276, 0.0 ], [ 110.247809, -7.743336, 0.0 ], [ 110.247897, -7.743344000999965, 0.0 ], [ 110.247990000000101, -7.743264000999918, 0.0 ], [ 110.248006000000103, -7.743237, 0.0 ], [ 110.247924, -7.743131000999927, 0.0 ], [ 110.247817, -7.743034000999984, 0.0 ], [ 110.247683, -7.742935, 0.0 ], [ 110.247639, -7.742869, 0.0 ], [ 110.247692, -7.742771, 0.0 ], [ 110.24778300100003, -7.742707998999922, 0.0 ], [ 110.24813000100005, -7.742704, 0.0 ], [ 110.248214, -7.742683000999897, 0.0 ], [ 110.248341, -7.742558, 0.0 ], [ 110.248400000000103, -7.742442, 0.0 ], [ 110.24841, -7.742276, 0.0 ], [ 110.248236999000113, -7.741923999999891, 0.0 ], [ 110.248209000000102, -7.741841, 0.0 ], [ 110.248242, -7.741762999999892, 0.0 ], [ 110.248389999000068, -7.741733, 0.0 ], [ 110.248526999000035, -7.741714, 0.0 ], [ 110.248632, -7.741666000999949, 0.0 ], [ 110.248671, -7.741539998999915, 0.0 ], [ 110.248557, -7.741089999999897, 0.0 ], [ 110.248522, -7.740925, 0.0 ], [ 110.248524001000064, -7.740838, 0.0 ], [ 110.248578001000084, -7.740778998999922, 0.0 ], [ 110.248717001000045, -7.740693, 0.0 ], [ 110.248771, -7.740655000999965, 0.0 ], [ 110.24915, -7.740854, 0.0 ], [ 110.249226001000054, -7.740888, 0.0 ], [ 110.249300001000051, -7.740863, 0.0 ], [ 110.249362000000119, -7.740727, 0.0 ], [ 110.249374, -7.740653, 0.0 ], [ 110.249380000000102, -7.740614, 0.0 ], [ 110.249336, -7.740493, 0.0 ], [ 110.249278, -7.740403000999986, 0.0 ], [ 110.249179, -7.740372, 0.0 ], [ 110.249083, -7.74037, 0.0 ], [ 110.249009, -7.740316, 0.0 ], [ 110.248981, -7.740209998999916, 0.0 ], [ 110.249031, -7.740093, 0.0 ], [ 110.249129001000114, -7.739862998999982, 0.0 ], [ 110.249216, -7.739754, 0.0 ], [ 110.249367, -7.739696000999931, 0.0 ], [ 110.249467999, -7.739663000999954, 0.0 ], [ 110.249569000000108, -7.73954999899993, 0.0 ], [ 110.249682, -7.739216, 0.0 ], [ 110.249725, -7.739063998999953, 0.0 ], [ 110.249805, -7.738966, 0.0 ], [ 110.249945000000125, -7.738888, 0.0 ], [ 110.25, -7.738894, 0.0 ], [ 110.250530000000126, -7.73895, 0.0 ], [ 110.25063, -7.738949, 0.0 ], [ 110.250771, -7.738785000999961, 0.0 ], [ 110.250839, -7.738729, 0.0 ], [ 110.250946, -7.738651, 0.0 ], [ 110.250998, -7.738575, 0.0 ], [ 110.251012, -7.738124, 0.0 ], [ 110.250991, -7.737976, 0.0 ], [ 110.250779000000122, -7.737737, 0.0 ], [ 110.25069, -7.737593, 0.0 ], [ 110.250623, -7.737476, 0.0 ], [ 110.250524, -7.737376, 0.0 ], [ 110.250462, -7.737213, 0.0 ], [ 110.25044, -7.737021, 0.0 ], [ 110.250436, -7.73699, 0.0 ], [ 110.250485, -7.73681, 0.0 ], [ 110.250552, -7.73665, 0.0 ], [ 110.250571, -7.736554, 0.0 ], [ 110.250672, -7.736442, 0.0 ], [ 110.250739, -7.736436, 0.0 ], [ 110.250882, -7.736471, 0.0 ], [ 110.250981, -7.736461, 0.0 ], [ 110.251077, -7.736387000999969, 0.0 ], [ 110.251134, -7.736244, 0.0 ], [ 110.251194, -7.735872, 0.0 ], [ 110.251214, -7.735744, 0.0 ], [ 110.251299, -7.735433999999898, 0.0 ], [ 110.251779, -7.734791, 0.0 ], [ 110.251921, -7.734672, 0.0 ], [ 110.252134, -7.734648, 0.0 ], [ 110.252432, -7.734652, 0.0 ], [ 110.25256, -7.734668, 0.0 ], [ 110.25277, -7.734504, 0.0 ], [ 110.252895, -7.734444, 0.0 ], [ 110.252882, -7.734365, 0.0 ], [ 110.252721, -7.734183000999952, 0.0 ], [ 110.252525, -7.734137, 0.0 ], [ 110.252146, -7.734069, 0.0 ], [ 110.252269, -7.733905, 0.0 ], [ 110.252737000000124, -7.732947, 0.0 ], [ 110.252933, -7.733047, 0.0 ], [ 110.25304, -7.733101, 0.0 ], [ 110.253139, -7.733058, 0.0 ], [ 110.253326000000101, -7.732977, 0.0 ], [ 110.253289, -7.732721, 0.0 ], [ 110.253308, -7.732605, 0.0 ], [ 110.253354000000101, -7.732543, 0.0 ], [ 110.253607, -7.732508, 0.0 ], [ 110.253799, -7.732446, 0.0 ], [ 110.253934, -7.732348, 0.0 ], [ 110.254004, -7.732251, 0.0 ], [ 110.254016, -7.732135000999964, 0.0 ], [ 110.253944, -7.731893, 0.0 ], [ 110.253918, -7.731708, 0.0 ], [ 110.253945, -7.731601, 0.0 ], [ 110.254054, -7.731466, 0.0 ], [ 110.25431, -7.731303, 0.0 ], [ 110.254379, -7.731268, 0.0 ], [ 110.254454, -7.731312, 0.0 ], [ 110.255001, -7.731549, 0.0 ], [ 110.25507, -7.7319, 0.0 ], [ 110.254994, -7.732354, 0.0 ], [ 110.254948, -7.733171, 0.0 ], [ 110.254789, -7.733765, 0.0 ], [ 110.254325, -7.733596, 0.0 ], [ 110.254101, -7.734153, 0.0 ], [ 110.255158, -7.734702, 0.0 ], [ 110.255229, -7.734564, 0.0 ], [ 110.255338, -7.734332, 0.0 ], [ 110.255396, -7.734206, 0.0 ], [ 110.255507, -7.734015, 0.0 ], [ 110.257015, -7.734732, 0.0 ], [ 110.257676, -7.734952, 0.0 ], [ 110.257616, -7.735464, 0.0 ], [ 110.257655, -7.735636, 0.0 ], [ 110.257733, -7.735812, 0.0 ], [ 110.257710000000102, -7.736071, 0.0 ], [ 110.257792, -7.736327, 0.0 ], [ 110.25793, -7.736369, 0.0 ], [ 110.258044, -7.736303, 0.0 ], [ 110.258155, -7.736122, 0.0 ], [ 110.258254, -7.735983, 0.0 ], [ 110.258386, -7.735855, 0.0 ], [ 110.258457, -7.735804, 0.0 ], [ 110.258502, -7.735797, 0.0 ], [ 110.258543000000103, -7.735803, 0.0 ], [ 110.25861, -7.735817, 0.0 ], [ 110.258681, -7.735922, 0.0 ], [ 110.258943, -7.73630900099991, 0.0 ], [ 110.259312, -7.736446, 0.0 ], [ 110.259239, -7.736531, 0.0 ], [ 110.258995, -7.736945, 0.0 ], [ 110.259, -7.737006, 0.0 ], [ 110.259061, -7.737184, 0.0 ], [ 110.2591, -7.737268, 0.0 ], [ 110.259091, -7.737361000999911, 0.0 ], [ 110.259005, -7.737531, 0.0 ], [ 110.258891, -7.737739, 0.0 ], [ 110.258784, -7.738846, 0.0 ], [ 110.259076, -7.73912, 0.0 ], [ 110.259513, -7.739195000999956, 0.0 ], [ 110.259712, -7.738801, 0.0 ], [ 110.260057, -7.738834, 0.0 ], [ 110.260089, -7.738643, 0.0 ], [ 110.260349, -7.738769, 0.0 ], [ 110.260446, -7.738774, 0.0 ], [ 110.260573000000107, -7.738805000999928, 0.0 ], [ 110.260626, -7.738826, 0.0 ], [ 110.260647000000105, -7.738838999999899, 0.0 ], [ 110.260686, -7.738891, 0.0 ], [ 110.26072, -7.738954, 0.0 ], [ 110.260737, -7.739003, 0.0 ], [ 110.260728, -7.739054, 0.0 ], [ 110.260712, -7.7391, 0.0 ], [ 110.260677, -7.739178, 0.0 ], [ 110.260652, -7.739216, 0.0 ], [ 110.260624, -7.739242, 0.0 ], [ 110.260319, -7.739306, 0.0 ], [ 110.260085, -7.739403, 0.0 ], [ 110.259899000000118, -7.739525, 0.0 ], [ 110.259718, -7.739858000999924, 0.0 ], [ 110.25951, -7.740423000999954, 0.0 ], [ 110.259476, -7.740644, 0.0 ], [ 110.259639, -7.740771, 0.0 ], [ 110.2596530000001, -7.741682, 0.0 ], [ 110.25933, -7.742413000999939, 0.0 ], [ 110.259285, -7.74265, 0.0 ], [ 110.259327, -7.74285, 0.0 ], [ 110.259384, -7.743237, 0.0 ], [ 110.259197000000114, -7.743477, 0.0 ], [ 110.258926, -7.743907, 0.0 ], [ 110.258988, -7.744132, 0.0 ], [ 110.25868, -7.744763, 0.0 ], [ 110.258582, -7.744947001, 0.0 ], [ 110.258514, -7.745197, 0.0 ], [ 110.258494, -7.745258, 0.0 ], [ 110.259304, -7.745615, 0.0 ], [ 110.259400000000127, -7.745296, 0.0 ], [ 110.259501, -7.744949, 0.0 ], [ 110.259625, -7.7445, 0.0 ], [ 110.259759, -7.744006, 0.0 ], [ 110.261363000000102, -7.744614, 0.0 ], [ 110.261209, -7.745159, 0.0 ], [ 110.260884, -7.746286, 0.0 ], [ 110.260723, -7.746901, 0.0 ], [ 110.260517, -7.747601, 0.0 ], [ 110.260279000000111, -7.748468, 0.0 ], [ 110.260271, -7.748541, 0.0 ], [ 110.260183, -7.748862, 0.0 ], [ 110.260072, -7.749215999999894, 0.0 ], [ 110.259851, -7.749999000999932, 0.0 ], [ 110.259850718000024, -7.75, 0.0 ], [ 110.259584, -7.750945, 0.0 ], [ 110.259106, -7.752659, 0.0 ], [ 110.258948000000117, -7.753243, 0.0 ], [ 110.258756, -7.753875, 0.0 ], [ 110.258669, -7.754221, 0.0 ], [ 110.258279000000101, -7.755617, 0.0 ], [ 110.258103000000105, -7.756199, 0.0 ], [ 110.258074000000107, -7.756355, 0.0 ], [ 110.258061, -7.756401, 0.0 ], [ 110.258058, -7.756414000999936, 0.0 ], [ 110.2580320000001, -7.756519, 0.0 ], [ 110.258002, -7.756624999999897, 0.0 ], [ 110.257906, -7.756943, 0.0 ], [ 110.257893, -7.756993, 0.0 ], [ 110.257855000000106, -7.757143, 0.0 ], [ 110.257801, -7.757278, 0.0 ], [ 110.257763, -7.757432, 0.0 ], [ 110.257733, -7.757555, 0.0 ], [ 110.257646, -7.757841, 0.0 ], [ 110.257553, -7.758176, 0.0 ], [ 110.257539, -7.758227, 0.0 ], [ 110.257402, -7.758708, 0.0 ], [ 110.257156, -7.75956, 0.0 ], [ 110.256918, -7.75949, 0.0 ], [ 110.256704, -7.759435, 0.0 ], [ 110.256608, -7.759427, 0.0 ], [ 110.256156, -7.759311, 0.0 ], [ 110.255843, -7.759216, 0.0 ], [ 110.255814, -7.759209, 0.0 ], [ 110.255498, -7.759132, 0.0 ], [ 110.255419, -7.759121, 0.0 ], [ 110.2552400000001, -7.759066, 0.0 ], [ 110.255116, -7.75904, 0.0 ], [ 110.255007, -7.759017, 0.0 ], [ 110.25453, -7.758884, 0.0 ], [ 110.254171, -7.758784, 0.0 ], [ 110.254054, -7.758751, 0.0 ], [ 110.253732000000113, -7.75866, 0.0 ], [ 110.253372, -7.758561, 0.0 ], [ 110.252939, -7.758439, 0.0 ], [ 110.252776, -7.7584, 0.0 ], [ 110.252554, -7.758349, 0.0 ], [ 110.252276, -7.758281, 0.0 ], [ 110.252159, -7.758253, 0.0 ], [ 110.251276000000118, -7.758018, 0.0 ], [ 110.250755, -7.757846, 0.0 ], [ 110.250352, -7.757739, 0.0 ], [ 110.250199, -7.757724, 0.0 ], [ 110.25, -7.757671, 0.0 ], [ 110.249952, -7.757658, 0.0 ], [ 110.249753999000049, -7.757615, 0.0 ], [ 110.249328, -7.757525000999934, 0.0 ], [ 110.249089, -7.757471, 0.0 ] ] ] ] } },
{ "type": "Feature", "properties": { "NAMOBJ": "Sendangmulyo", "WADMKC": "Minggir", "WADMKK": "Kabupaten Sleman", "WADMPR": "DI Yogyakarta" }, "geometry": { "type": "MultiPolygon", "coordinates": [ [ [ [ 110.250192, -7.734242000999949, 0.0 ], [ 110.25, -7.734901, 0.0 ], [ 110.249896, -7.735285, 0.0 ], [ 110.248903, -7.737164, 0.0 ], [ 110.249445999000045, -7.73743, 0.0 ], [ 110.249546, -7.737479, 0.0 ], [ 110.249636001000056, -7.737548, 0.0 ], [ 110.249695999000039, -7.737573, 0.0 ], [ 110.249702, -7.737572, 0.0 ], [ 110.249741000000128, -7.737598998999974, 0.0 ], [ 110.25, -7.737791000999962, 0.0 ], [ 110.25044, -7.737021, 0.0 ], [ 110.250462, -7.737213, 0.0 ], [ 110.250524, -7.737376, 0.0 ], [ 110.250623, -7.737476, 0.0 ], [ 110.25069, -7.737593, 0.0 ], [ 110.250779000000122, -7.737737, 0.0 ], [ 110.250991, -7.737976, 0.0 ], [ 110.251012, -7.738124, 0.0 ], [ 110.250998, -7.738575, 0.0 ], [ 110.250946, -7.738651, 0.0 ], [ 110.250839, -7.738729, 0.0 ], [ 110.250771, -7.738785000999961, 0.0 ], [ 110.25063, -7.738949, 0.0 ], [ 110.250530000000126, -7.73895, 0.0 ], [ 110.25, -7.738894, 0.0 ], [ 110.249945000000125, -7.738888, 0.0 ], [ 110.249805, -7.738966, 0.0 ], [ 110.249725, -7.739063998999953, 0.0 ], [ 110.249682, -7.739216, 0.0 ], [ 110.249569000000108, -7.73954999899993, 0.0 ], [ 110.249467999, -7.739663000999954, 0.0 ], [ 110.249367, -7.739696000999931, 0.0 ], [ 110.249216, -7.739754, 0.0 ], [ 110.249129001000114, -7.739862998999982, 0.0 ], [ 110.249031, -7.740093, 0.0 ], [ 110.248981, -7.740209998999916, 0.0 ], [ 110.249009, -7.740316, 0.0 ], [ 110.249083, -7.74037, 0.0 ], [ 110.249179, -7.740372, 0.0 ], [ 110.249278, -7.740403000999986, 0.0 ], [ 110.249336, -7.740493, 0.0 ], [ 110.249380000000102, -7.740614, 0.0 ], [ 110.249374, -7.740653, 0.0 ], [ 110.249362000000119, -7.740727, 0.0 ], [ 110.249300001000051, -7.740863, 0.0 ], [ 110.249226001000054, -7.740888, 0.0 ], [ 110.24915, -7.740854, 0.0 ], [ 110.248771, -7.740655000999965, 0.0 ], [ 110.248717001000045, -7.740693, 0.0 ], [ 110.248578001000084, -7.740778998999922, 0.0 ], [ 110.248524001000064, -7.740838, 0.0 ], [ 110.248522, -7.740925, 0.0 ], [ 110.248557, -7.741089999999897, 0.0 ], [ 110.248671, -7.741539998999915, 0.0 ], [ 110.248632, -7.741666000999949, 0.0 ], [ 110.248526999000035, -7.741714, 0.0 ], [ 110.248389999000068, -7.741733, 0.0 ], [ 110.248242, -7.741762999999892, 0.0 ], [ 110.248209000000102, -7.741841, 0.0 ], [ 110.248236999000113, -7.741923999999891, 0.0 ], [ 110.24841, -7.742276, 0.0 ], [ 110.248400000000103, -7.742442, 0.0 ], [ 110.248341, -7.742558, 0.0 ], [ 110.248214, -7.742683000999897, 0.0 ], [ 110.24813000100005, -7.742704, 0.0 ], [ 110.24778300100003, -7.742707998999922, 0.0 ], [ 110.247692, -7.742771, 0.0 ], [ 110.247639, -7.742869, 0.0 ], [ 110.247683, -7.742935, 0.0 ], [ 110.247817, -7.743034000999984, 0.0 ], [ 110.247924, -7.743131000999927, 0.0 ], [ 110.248006000000103, -7.743237, 0.0 ], [ 110.247990000000101, -7.743264000999918, 0.0 ], [ 110.247897, -7.743344000999965, 0.0 ], [ 110.247809, -7.743336, 0.0 ], [ 110.247669000000101, -7.743276, 0.0 ], [ 110.247591, -7.743266, 0.0 ], [ 110.247491000000124, -7.743307, 0.0 ], [ 110.247415, -7.743398, 0.0 ], [ 110.247429, -7.743469, 0.0 ], [ 110.247533, -7.743675000999907, 0.0 ], [ 110.247563, -7.743816, 0.0 ], [ 110.247555999000085, -7.744039, 0.0 ], [ 110.247451001000101, -7.744403, 0.0 ], [ 110.247497, -7.744583, 0.0 ], [ 110.247543, -7.744829, 0.0 ], [ 110.247516, -7.744941, 0.0 ], [ 110.247421000000102, -7.745023000999975, 0.0 ], [ 110.24735, -7.745027, 0.0 ], [ 110.247086, -7.745031, 0.0 ], [ 110.24703, -7.745094999999893, 0.0 ], [ 110.247006, -7.745172, 0.0 ], [ 110.246990999000047, -7.745219, 0.0 ], [ 110.247018, -7.745515, 0.0 ], [ 110.247095, -7.745585, 0.0 ], [ 110.247243000000111, -7.745681, 0.0 ], [ 110.247335001000096, -7.745803, 0.0 ], [ 110.247335999000086, -7.745882000999906, 0.0 ], [ 110.247284, -7.745969, 0.0 ], [ 110.246962, -7.746331, 0.0 ], [ 110.246958001000067, -7.74643000099995, 0.0 ], [ 110.246997000000107, -7.746509999, 0.0 ], [ 110.247083999000012, -7.746547, 0.0 ], [ 110.247213001000034, -7.746608, 0.0 ], [ 110.247289000000109, -7.746695000999939, 0.0 ], [ 110.247342, -7.746832001, 0.0 ], [ 110.247313, -7.746896, 0.0 ], [ 110.247172, -7.74696, 0.0 ], [ 110.246832999000034, -7.747129000999966, 0.0 ], [ 110.246820000000113, -7.747203, 0.0 ], [ 110.246854, -7.747326001000012, 0.0 ], [ 110.246923, -7.747409998999945, 0.0 ], [ 110.24697, -7.747514, 0.0 ], [ 110.246954000000102, -7.747571, 0.0 ], [ 110.246806, -7.747627, 0.0 ], [ 110.246823, -7.747688, 0.0 ], [ 110.246844, -7.747783, 0.0 ], [ 110.246794, -7.747827, 0.0 ], [ 110.246586, -7.747923000999936, 0.0 ], [ 110.246513, -7.747978, 0.0 ], [ 110.246510001000047, -7.748059, 0.0 ], [ 110.246552001000055, -7.74812200099997, 0.0 ], [ 110.246623, -7.748224000999883, 0.0 ], [ 110.246574, -7.748278, 0.0 ], [ 110.246541, -7.748357, 0.0 ], [ 110.246593, -7.74838, 0.0 ], [ 110.246772, -7.748397, 0.0 ], [ 110.246853, -7.748385, 0.0 ], [ 110.246882, -7.74844, 0.0 ], [ 110.246942, -7.748634, 0.0 ], [ 110.247043999000084, -7.748748000999985, 0.0 ], [ 110.247051, -7.748838, 0.0 ], [ 110.247012, -7.748919000999923, 0.0 ], [ 110.246867, -7.749035, 0.0 ], [ 110.246381999000022, -7.749325, 0.0 ], [ 110.246342999000078, -7.749402, 0.0 ], [ 110.246373, -7.749478, 0.0 ], [ 110.246473, -7.749706000999936, 0.0 ], [ 110.246497999000027, -7.749999, 0.0 ], [ 110.246498097000128, -7.75, 0.0 ], [ 110.246502, -7.75004, 0.0 ], [ 110.246730001000032, -7.750442, 0.0 ], [ 110.246693999000072, -7.750588999999898, 0.0 ], [ 110.246647001000014, -7.750721998999978, 0.0 ], [ 110.246637999000058, -7.750749, 0.0 ], [ 110.246691001, -7.750822998999986, 0.0 ], [ 110.246744, -7.750924, 0.0 ], [ 110.246737, -7.751022, 0.0 ], [ 110.246691999000092, -7.751108000999942, 0.0 ], [ 110.246604, -7.751184, 0.0 ], [ 110.246419999000054, -7.751309, 0.0 ], [ 110.246341999, -7.75142, 0.0 ], [ 110.246254, -7.751649, 0.0 ], [ 110.246181001000082, -7.751658, 0.0 ], [ 110.245869000000113, -7.751636, 0.0 ], [ 110.245803, -7.751701, 0.0 ], [ 110.245769, -7.751804, 0.0 ], [ 110.245755001000106, -7.752127, 0.0 ], [ 110.245565, -7.752372000999987, 0.0 ], [ 110.245571, -7.752492000999968, 0.0 ], [ 110.245544, -7.75260700099998, 0.0 ], [ 110.245452, -7.752727000999961, 0.0 ], [ 110.245383, -7.752846000999948, 0.0 ], [ 110.245356, -7.753330000999938, 0.0 ], [ 110.2454180000001, -7.753473, 0.0 ], [ 110.245484999000055, -7.753602, 0.0 ], [ 110.24547, -7.753685000999912, 0.0 ], [ 110.245407, -7.753769, 0.0 ], [ 110.245292, -7.753824, 0.0 ], [ 110.245102, -7.753904998999907, 0.0 ], [ 110.245033, -7.753984, 0.0 ], [ 110.244937, -7.754222, 0.0 ], [ 110.24481, -7.754499, 0.0 ], [ 110.244675, -7.754595, 0.0 ], [ 110.244556, -7.754698, 0.0 ], [ 110.244512999, -7.754802, 0.0 ], [ 110.244559, -7.754895, 0.0 ], [ 110.244607, -7.755022, 0.0 ], [ 110.244578001000065, -7.755129, 0.0 ], [ 110.244442, -7.755339000999985, 0.0 ], [ 110.244333, -7.755463, 0.0 ], [ 110.244284, -7.755505, 0.0 ], [ 110.244271001000058, -7.755548, 0.0 ], [ 110.244193, -7.755707000999969, 0.0 ], [ 110.244122, -7.7559, 0.0 ], [ 110.244142, -7.756035, 0.0 ], [ 110.244222, -7.756445, 0.0 ], [ 110.244246000000118, -7.756566000999989, 0.0 ], [ 110.244161000000105, -7.756860000999978, 0.0 ], [ 110.24406, -7.756805000999957, 0.0 ], [ 110.243834, -7.756712999999895, 0.0 ], [ 110.24293, -7.756527, 0.0 ], [ 110.242369, -7.756411000999954, 0.0 ], [ 110.241919, -7.756299, 0.0 ], [ 110.241716001000043, -7.756231, 0.0 ], [ 110.241658001000047, -7.756219, 0.0 ], [ 110.240605001000048, -7.755852, 0.0 ], [ 110.240574999000046, -7.755844, 0.0 ], [ 110.240041999000098, -7.755699, 0.0 ], [ 110.239629, -7.755616998999894, 0.0 ], [ 110.23958, -7.755603, 0.0 ], [ 110.239544, -7.755587999999893, 0.0 ], [ 110.239537999000049, -7.755506, 0.0 ], [ 110.23952, -7.755504, 0.0 ], [ 110.239191, -7.755431, 0.0 ], [ 110.239015, -7.755403, 0.0 ], [ 110.238985001000032, -7.755403, 0.0 ], [ 110.23826, -7.75524, 0.0 ], [ 110.237893001000103, -7.755153, 0.0 ], [ 110.237786000000128, -7.755133999999899, 0.0 ], [ 110.237302, -7.755041, 0.0 ], [ 110.237273999000038, -7.755034, 0.0 ], [ 110.236781000000107, -7.754936, 0.0 ], [ 110.236662000000123, -7.754908, 0.0 ], [ 110.236303, -7.754817, 0.0 ], [ 110.23622, -7.754787, 0.0 ], [ 110.236036, -7.754755000999982, 0.0 ], [ 110.235497, -7.754615, 0.0 ], [ 110.235231, -7.754549999999895, 0.0 ], [ 110.234142, -7.754298, 0.0 ], [ 110.234063, -7.754274, 0.0 ], [ 110.2335530000001, -7.754146, 0.0 ], [ 110.233029, -7.754029, 0.0 ], [ 110.232531001, -7.753914, 0.0 ], [ 110.232016, -7.753795000999954, 0.0 ], [ 110.231581, -7.753695, 0.0 ], [ 110.23055, -7.753443, 0.0 ], [ 110.229818, -7.753263, 0.0 ], [ 110.229602, -7.753219, 0.0 ], [ 110.229336, -7.753131000999904, 0.0 ], [ 110.229236, -7.753095, 0.0 ], [ 110.22902, -7.753018, 0.0 ], [ 110.228838, -7.752966, 0.0 ], [ 110.228646, -7.752911, 0.0 ], [ 110.22816799900005, -7.752751999999898, 0.0 ], [ 110.227553, -7.752514000999923, 0.0 ], [ 110.227272, -7.7524, 0.0 ], [ 110.226951, -7.752277, 0.0 ], [ 110.226768999000029, -7.752225, 0.0 ], [ 110.226582001000097, -7.752224, 0.0 ], [ 110.226429999000047, -7.752269, 0.0 ], [ 110.225795, -7.752443, 0.0 ], [ 110.225503, -7.752536, 0.0 ], [ 110.224931, -7.75268, 0.0 ], [ 110.2239, -7.752949, 0.0 ], [ 110.223552, -7.753015, 0.0 ], [ 110.223154, -7.753042, 0.0 ], [ 110.223124, -7.753041998999912, 0.0 ], [ 110.223031, -7.753042, 0.0 ], [ 110.222805, -7.753067, 0.0 ], [ 110.222591000000108, -7.75307, 0.0 ], [ 110.222433, -7.753074, 0.0 ], [ 110.221825, -7.753077000999966, 0.0 ], [ 110.221328, -7.753097, 0.0 ], [ 110.221022, -7.753141, 0.0 ], [ 110.220611, -7.753283, 0.0 ], [ 110.22050899900006, -7.75332, 0.0 ], [ 110.220164000000111, -7.753428, 0.0 ], [ 110.220138, -7.753431000999946, 0.0 ], [ 110.219958000000119, -7.753487000999961, 0.0 ], [ 110.219506899152421, -7.753629405544473, 0.0 ], [ 110.21925274655861, -7.753468116641262, 0.0 ], [ 110.219142, -7.753376, 0.0 ], [ 110.218699, -7.752999, 0.0 ], [ 110.218289, -7.752751999999898, 0.0 ], [ 110.217977, -7.752473000999906, 0.0 ], [ 110.21778, -7.752063000999911, 0.0 ], [ 110.217731999000051, -7.751637000999924, 0.0 ], [ 110.217731999000051, -7.751391, 0.0 ], [ 110.217848, -7.751113, 0.0 ], [ 110.21825999900004, -7.750655, 0.0 ], [ 110.218268185136523, -7.750646871242896, 0.0 ], [ 110.219106171000064, -7.75007520299993, 0.0 ], [ 110.219116963422138, -7.750018834899965, 0.0 ], [ 110.219155932, -7.75, 0.0 ], [ 110.219157999000089, -7.749999, 0.0 ], [ 110.219294, -7.749469, 0.0 ], [ 110.219399, -7.748706, 0.0 ], [ 110.219463000000104, -7.747736, 0.0 ], [ 110.219319, -7.74703400100001, 0.0 ], [ 110.219009000000113, -7.746476, 0.0 ], [ 110.218638, -7.745773, 0.0 ], [ 110.21826599900001, -7.745153, 0.0 ], [ 110.217956000000115, -7.744759999999886, 0.0 ], [ 110.217234302743933, -7.744263896521943, 0.0 ], [ 110.217233407459645, -7.744263052474444, 0.0 ], [ 110.21789, -7.744346, 0.0 ], [ 110.218403, -7.744359, 0.0 ], [ 110.218995000000106, -7.744328, 0.0 ], [ 110.219461000000123, -7.744307, 0.0 ], [ 110.220074999000119, -7.744113, 0.0 ], [ 110.220275, -7.744090998999955, 0.0 ], [ 110.220481, -7.744018, 0.0 ], [ 110.220611, -7.743848000999922, 0.0 ], [ 110.220717, -7.743666, 0.0 ], [ 110.221021, -7.74352, 0.0 ], [ 110.221191999000084, -7.74348, 0.0 ], [ 110.221422000000103, -7.743468, 0.0 ], [ 110.221560999000062, -7.743417, 0.0 ], [ 110.221948, -7.743219, 0.0 ], [ 110.222031, -7.743167000999975, 0.0 ], [ 110.222096, -7.743022, 0.0 ], [ 110.222128, -7.742916, 0.0 ], [ 110.222187, -7.742863, 0.0 ], [ 110.222215, -7.742858, 0.0 ], [ 110.222236, -7.742851, 0.0 ], [ 110.222388, -7.742821000999946, 0.0 ], [ 110.222439, -7.742765, 0.0 ], [ 110.222467, -7.742688, 0.0 ], [ 110.222484, -7.742587000999947, 0.0 ], [ 110.222559, -7.742528, 0.0 ], [ 110.222778001000037, -7.74257, 0.0 ], [ 110.222871, -7.74258, 0.0 ], [ 110.223217, -7.742346999999896, 0.0 ], [ 110.223319, -7.742227000999915, 0.0 ], [ 110.223502, -7.741784, 0.0 ], [ 110.223579, -7.741599, 0.0 ], [ 110.223631, -7.741496001, 0.0 ], [ 110.223888, -7.741289, 0.0 ], [ 110.223967, -7.741183000999953, 0.0 ], [ 110.224014, -7.741118, 0.0 ], [ 110.22407799900013, -7.740912, 0.0 ], [ 110.224396, -7.740796, 0.0 ], [ 110.224523, -7.740731, 0.0 ], [ 110.224710000000101, -7.740514, 0.0 ], [ 110.224864, -7.740348, 0.0 ], [ 110.22502, -7.740248000999951, 0.0 ], [ 110.225133000000113, -7.740218, 0.0 ], [ 110.225206000000114, -7.740243000999982, 0.0 ], [ 110.225265, -7.740272, 0.0 ], [ 110.225381000000112, -7.740156, 0.0 ], [ 110.225458, -7.740094, 0.0 ], [ 110.225463, -7.740092, 0.0 ], [ 110.225933, -7.73966200099996, 0.0 ], [ 110.226309, -7.739217, 0.0 ], [ 110.226512999000064, -7.738946, 0.0 ], [ 110.226844, -7.738555998999932, 0.0 ], [ 110.227327999000096, -7.737932, 0.0 ], [ 110.227632000000114, -7.738171, 0.0 ], [ 110.227793001000109, -7.738302, 0.0 ], [ 110.227946, -7.738430999999892, 0.0 ], [ 110.228251, -7.738693, 0.0 ], [ 110.228396001000078, -7.738812, 0.0 ], [ 110.22843, -7.738839000999988, 0.0 ], [ 110.228532, -7.73891, 0.0 ], [ 110.229681, -7.739824, 0.0 ], [ 110.229857, -7.739963, 0.0 ], [ 110.230120999000079, -7.740194, 0.0 ], [ 110.230347, -7.740368, 0.0 ], [ 110.230534, -7.740478000999886, 0.0 ], [ 110.230614000000102, -7.74009399899991, 0.0 ], [ 110.230667999000048, -7.739858, 0.0 ], [ 110.230967, -7.738438, 0.0 ], [ 110.230993999000106, -7.738325, 0.0 ], [ 110.2310820000001, -7.737862, 0.0 ], [ 110.231158, -7.737507, 0.0 ], [ 110.231257, -7.737077, 0.0 ], [ 110.231611, -7.735405, 0.0 ], [ 110.231616, -7.735384, 0.0 ], [ 110.231437, -7.735249, 0.0 ], [ 110.231152999000116, -7.73501, 0.0 ], [ 110.231109001000021, -7.734977, 0.0 ], [ 110.231095, -7.734966, 0.0 ], [ 110.231798, -7.733524, 0.0 ], [ 110.232477999000054, -7.733359, 0.0 ], [ 110.232624, -7.732982, 0.0 ], [ 110.232959, -7.732521, 0.0 ], [ 110.233137001000046, -7.732277, 0.0 ], [ 110.233326, -7.732431, 0.0 ], [ 110.23346, -7.732273, 0.0 ], [ 110.233705, -7.732334, 0.0 ], [ 110.234415, -7.731114, 0.0 ], [ 110.234792000000112, -7.731201, 0.0 ], [ 110.234644, -7.731531001, 0.0 ], [ 110.234346001000077, -7.73215, 0.0 ], [ 110.235142001000028, -7.732403000999934, 0.0 ], [ 110.234969, -7.732857999000011, 0.0 ], [ 110.234795001000094, -7.733369, 0.0 ], [ 110.234868, -7.733463, 0.0 ], [ 110.235073, -7.733597, 0.0 ], [ 110.235263, -7.733625, 0.0 ], [ 110.235392, -7.733647, 0.0 ], [ 110.23574, -7.733389999999886, 0.0 ], [ 110.235857, -7.733338, 0.0 ], [ 110.23598500100006, -7.733343001, 0.0 ], [ 110.236062, -7.733345998999976, 0.0 ], [ 110.236133, -7.733094, 0.0 ], [ 110.236171, -7.732942, 0.0 ], [ 110.236297999000016, -7.732751, 0.0 ], [ 110.236351, -7.732679, 0.0 ], [ 110.236217, -7.73249, 0.0 ], [ 110.236104, -7.732276998999989, 0.0 ], [ 110.236022001, -7.732005, 0.0 ], [ 110.236013, -7.731957, 0.0 ], [ 110.236211000000111, -7.73204, 0.0 ], [ 110.2362560010001, -7.732057, 0.0 ], [ 110.236285, -7.731772, 0.0 ], [ 110.236249, -7.731453000999934, 0.0 ], [ 110.236197000000104, -7.73126, 0.0 ], [ 110.236211000000111, -7.731241, 0.0 ], [ 110.236397, -7.730977000999896, 0.0 ], [ 110.236545, -7.730786, 0.0 ], [ 110.236596, -7.730635998999926, 0.0 ], [ 110.236635999000015, -7.730505, 0.0 ], [ 110.236674, -7.730458998999936, 0.0 ], [ 110.236795000000114, -7.730468, 0.0 ], [ 110.237151001000072, -7.730525, 0.0 ], [ 110.237764, -7.730698, 0.0 ], [ 110.238499, -7.730799, 0.0 ], [ 110.23858, -7.730517998999932, 0.0 ], [ 110.238732, -7.73063, 0.0 ], [ 110.238969999000034, -7.730779, 0.0 ], [ 110.23906, -7.730866000999949, 0.0 ], [ 110.239381999000017, -7.731074, 0.0 ], [ 110.239576999000079, -7.73123, 0.0 ], [ 110.239211, -7.731762, 0.0 ], [ 110.238963, -7.732097, 0.0 ], [ 110.2388270000001, -7.732363, 0.0 ], [ 110.238833, -7.732371, 0.0 ], [ 110.23891100000013, -7.732424000999984, 0.0 ], [ 110.239366000000118, -7.732642999999896, 0.0 ], [ 110.239527, -7.732745, 0.0 ], [ 110.239681, -7.732846, 0.0 ], [ 110.239691, -7.732852, 0.0 ], [ 110.239855, -7.732953, 0.0 ], [ 110.240742, -7.733469, 0.0 ], [ 110.240858, -7.733523, 0.0 ], [ 110.241243, -7.733116, 0.0 ], [ 110.241482, -7.732847, 0.0 ], [ 110.241602999000108, -7.732744, 0.0 ], [ 110.241747000000117, -7.732611, 0.0 ], [ 110.242030999000079, -7.732298, 0.0 ], [ 110.242165, -7.732169000999935, 0.0 ], [ 110.242535000000132, -7.731773, 0.0 ], [ 110.24258300000011, -7.731726, 0.0 ], [ 110.242978, -7.732032, 0.0 ], [ 110.244037, -7.732853, 0.0 ], [ 110.244917, -7.731339, 0.0 ], [ 110.245123, -7.731000000999934, 0.0 ], [ 110.245288000000102, -7.730668, 0.0 ], [ 110.245335, -7.730566, 0.0 ], [ 110.245702, -7.729924, 0.0 ], [ 110.245931, -7.730116, 0.0 ], [ 110.246359, -7.730279, 0.0 ], [ 110.246699, -7.73025, 0.0 ], [ 110.246844, -7.730244001, 0.0 ], [ 110.246918, -7.73004, 0.0 ], [ 110.246946, -7.729925, 0.0 ], [ 110.247016, -7.729778, 0.0 ], [ 110.247237, -7.729489, 0.0 ], [ 110.2474220000001, -7.729288, 0.0 ], [ 110.24753, -7.729209, 0.0 ], [ 110.248063, -7.728578, 0.0 ], [ 110.249228, -7.729154, 0.0 ], [ 110.249249999000085, -7.72917, 0.0 ], [ 110.248619000000105, -7.73021, 0.0 ], [ 110.248591, -7.730248, 0.0 ], [ 110.248488, -7.730414, 0.0 ], [ 110.248339, -7.73067100099998, 0.0 ], [ 110.248309, -7.730712998999902, 0.0 ], [ 110.248114001000062, -7.730989, 0.0 ], [ 110.247939999000053, -7.731266, 0.0 ], [ 110.247731, -7.731572999, 0.0 ], [ 110.247642, -7.731916, 0.0 ], [ 110.247627001000097, -7.732270000999943, 0.0 ], [ 110.247759, -7.733095998999985, 0.0 ], [ 110.247795, -7.733749001000014, 0.0 ], [ 110.247728, -7.733874, 0.0 ], [ 110.24747, -7.73433, 0.0 ], [ 110.247366, -7.7345130009999, 0.0 ], [ 110.247430001000041, -7.734701, 0.0 ], [ 110.247592, -7.735054999999893, 0.0 ], [ 110.247917000000101, -7.735189, 0.0 ], [ 110.248613, -7.735057, 0.0 ], [ 110.24913, -7.734864000999988, 0.0 ], [ 110.249398001000074, -7.734386, 0.0 ], [ 110.249442999000067, -7.734289, 0.0 ], [ 110.249446, -7.734285, 0.0 ], [ 110.249586, -7.734024, 0.0 ], [ 110.249746001000091, -7.733731000999946, 0.0 ], [ 110.24986900100005, -7.733498, 0.0 ], [ 110.249999999333397, -7.73328800066664, 0.0 ], [ 110.25, -7.73330200033331, 0.0 ], [ 110.250393, -7.733655, 0.0 ], [ 110.250192, -7.734242000999949, 0.0 ] ] ] ] } },
{ "type": "Feature", "properties": { "NAMOBJ": "Sendangsari", "WADMKC": "Minggir", "WADMKK": "Kabupaten Sleman", "WADMPR": "DI Yogyakarta" }, "geometry": { "type": "MultiPolygon", "coordinates": [ [ [ [ 110.249636001000056, -7.737548, 0.0 ], [ 110.249546, -7.737479, 0.0 ], [ 110.249445999000045, -7.73743, 0.0 ], [ 110.248903, -7.737164, 0.0 ], [ 110.249896, -7.735285, 0.0 ], [ 110.25, -7.734901, 0.0 ], [ 110.250192, -7.734242000999949, 0.0 ], [ 110.250393, -7.733655, 0.0 ], [ 110.25, -7.73330200033331, 0.0 ], [ 110.249999999333397, -7.73328800066664, 0.0 ], [ 110.24986900100005, -7.733498, 0.0 ], [ 110.249746001000091, -7.733731000999946, 0.0 ], [ 110.249586, -7.734024, 0.0 ], [ 110.249446, -7.734285, 0.0 ], [ 110.249442999000067, -7.734289, 0.0 ], [ 110.249398001000074, -7.734386, 0.0 ], [ 110.24913, -7.734864000999988, 0.0 ], [ 110.248613, -7.735057, 0.0 ], [ 110.247917000000101, -7.735189, 0.0 ], [ 110.247592, -7.735054999999893, 0.0 ], [ 110.247430001000041, -7.734701, 0.0 ], [ 110.247366, -7.7345130009999, 0.0 ], [ 110.24747, -7.73433, 0.0 ], [ 110.247728, -7.733874, 0.0 ], [ 110.247795, -7.733749001000014, 0.0 ], [ 110.247759, -7.733095998999985, 0.0 ], [ 110.247627001000097, -7.732270000999943, 0.0 ], [ 110.247642, -7.731916, 0.0 ], [ 110.247731, -7.731572999, 0.0 ], [ 110.247939999000053, -7.731266, 0.0 ], [ 110.248114001000062, -7.730989, 0.0 ], [ 110.248309, -7.730712998999902, 0.0 ], [ 110.248339, -7.73067100099998, 0.0 ], [ 110.248488, -7.730414, 0.0 ], [ 110.248591, -7.730248, 0.0 ], [ 110.248619000000105, -7.73021, 0.0 ], [ 110.249249999000085, -7.72917, 0.0 ], [ 110.249228, -7.729154, 0.0 ], [ 110.248063, -7.728578, 0.0 ], [ 110.24753, -7.729209, 0.0 ], [ 110.2474220000001, -7.729288, 0.0 ], [ 110.247237, -7.729489, 0.0 ], [ 110.247016, -7.729778, 0.0 ], [ 110.246946, -7.729925, 0.0 ], [ 110.246918, -7.73004, 0.0 ], [ 110.246844, -7.730244001, 0.0 ], [ 110.246699, -7.73025, 0.0 ], [ 110.246359, -7.730279, 0.0 ], [ 110.245931, -7.730116, 0.0 ], [ 110.245702, -7.729924, 0.0 ], [ 110.245904, -7.72957, 0.0 ], [ 110.246214, -7.729037998999956, 0.0 ], [ 110.24639700100002, -7.728707998999919, 0.0 ], [ 110.246551001000057, -7.728445, 0.0 ], [ 110.246551001000057, -7.728444000999925, 0.0 ], [ 110.246678999000082, -7.728207, 0.0 ], [ 110.246901, -7.727826000999951, 0.0 ], [ 110.247246000000104, -7.727234, 0.0 ], [ 110.247591, -7.726608, 0.0 ], [ 110.247689999000059, -7.726426, 0.0 ], [ 110.247875001000097, -7.726127000999973, 0.0 ], [ 110.248221, -7.725497, 0.0 ], [ 110.248235999000116, -7.725467, 0.0 ], [ 110.248928, -7.724265, 0.0 ], [ 110.248978, -7.724189, 0.0 ], [ 110.249017, -7.724106, 0.0 ], [ 110.249116999000094, -7.723886, 0.0 ], [ 110.249091, -7.723605000999935, 0.0 ], [ 110.249047, -7.723217, 0.0 ], [ 110.248966, -7.72278900100001, 0.0 ], [ 110.248822000000118, -7.722402000999963, 0.0 ], [ 110.248787, -7.72201, 0.0 ], [ 110.248801, -7.721663000999925, 0.0 ], [ 110.248856, -7.721375, 0.0 ], [ 110.248988, -7.720628, 0.0 ], [ 110.249143001000022, -7.719977, 0.0 ], [ 110.249052, -7.720017999999886, 0.0 ], [ 110.248505999000074, -7.720317, 0.0 ], [ 110.2479920010001, -7.720609000999936, 0.0 ], [ 110.247323, -7.720978, 0.0 ], [ 110.247263, -7.720994, 0.0 ], [ 110.247082, -7.721034000999929, 0.0 ], [ 110.246601, -7.721112000999899, 0.0 ], [ 110.245843, -7.721234000999956, 0.0 ], [ 110.245658, -7.721169, 0.0 ], [ 110.245539001000083, -7.72108, 0.0 ], [ 110.245264001000066, -7.720879000999982, 0.0 ], [ 110.245238, -7.720906, 0.0 ], [ 110.245929001000022, -7.719954, 0.0 ], [ 110.246223, -7.71955600099994, 0.0 ], [ 110.246352, -7.719402, 0.0 ], [ 110.24638, -7.719378, 0.0 ], [ 110.246439, -7.719281000999924, 0.0 ], [ 110.2467, -7.718942, 0.0 ], [ 110.246866, -7.718719998999958, 0.0 ], [ 110.246935, -7.718624, 0.0 ], [ 110.247434, -7.717955000999989, 0.0 ], [ 110.24754, -7.717813, 0.0 ], [ 110.24744, -7.717794, 0.0 ], [ 110.24712099900006, -7.717828, 0.0 ], [ 110.246833, -7.717896999999898, 0.0 ], [ 110.246511, -7.717968, 0.0 ], [ 110.246405, -7.717924, 0.0 ], [ 110.246127999000052, -7.717747, 0.0 ], [ 110.246026, -7.71773, 0.0 ], [ 110.24588, -7.717714, 0.0 ], [ 110.245757, -7.717629, 0.0 ], [ 110.245574, -7.717535, 0.0 ], [ 110.245436001000087, -7.717464, 0.0 ], [ 110.244917999000037, -7.717252, 0.0 ], [ 110.24481, -7.717256000999974, 0.0 ], [ 110.244778, -7.717268999999895, 0.0 ], [ 110.244712, -7.717316, 0.0 ], [ 110.244259, -7.717327, 0.0 ], [ 110.243943000000101, -7.717313000999983, 0.0 ], [ 110.243785001000077, -7.717178, 0.0 ], [ 110.243724001000103, -7.717132, 0.0 ], [ 110.244076, -7.716681, 0.0 ], [ 110.24424900000011, -7.716648000999939, 0.0 ], [ 110.244237, -7.716566999999898, 0.0 ], [ 110.244237, -7.716378000999981, 0.0 ], [ 110.244248000000113, -7.716174, 0.0 ], [ 110.244156, -7.71609, 0.0 ], [ 110.243976, -7.715962, 0.0 ], [ 110.243968, -7.715916, 0.0 ], [ 110.244013, -7.715851000999987, 0.0 ], [ 110.244036, -7.715769000999952, 0.0 ], [ 110.244201000000132, -7.715452, 0.0 ], [ 110.244202000000129, -7.715441999999896, 0.0 ], [ 110.244178, -7.715422, 0.0 ], [ 110.244031, -7.715316, 0.0 ], [ 110.243886999000082, -7.715232, 0.0 ], [ 110.243664000000109, -7.71509, 0.0 ], [ 110.243645, -7.715012, 0.0 ], [ 110.243697, -7.71483400099995, 0.0 ], [ 110.243834, -7.714502, 0.0 ], [ 110.243851999000029, -7.714472, 0.0 ], [ 110.243885, -7.714429, 0.0 ], [ 110.243934, -7.714326, 0.0 ], [ 110.243952, -7.714177, 0.0 ], [ 110.243951, -7.714131, 0.0 ], [ 110.243953, -7.713955, 0.0 ], [ 110.24406, -7.713965, 0.0 ], [ 110.24428, -7.714023999999899, 0.0 ], [ 110.244852001000083, -7.714251, 0.0 ], [ 110.245192999000054, -7.714331, 0.0 ], [ 110.245539, -7.714347, 0.0 ], [ 110.245958000000115, -7.714547, 0.0 ], [ 110.247080001000128, -7.713927, 0.0 ], [ 110.24717, -7.713946, 0.0 ], [ 110.247889, -7.714075000999944, 0.0 ], [ 110.248313, -7.713924, 0.0 ], [ 110.248557, -7.71387, 0.0 ], [ 110.248618000000107, -7.713862000999907, 0.0 ], [ 110.248664999000084, -7.71383, 0.0 ], [ 110.249261, -7.713424, 0.0 ], [ 110.24936, -7.713357, 0.0 ], [ 110.249374, -7.713262, 0.0 ], [ 110.249385, -7.713224, 0.0 ], [ 110.249461999000047, -7.712907, 0.0 ], [ 110.24942199900002, -7.712821000999927, 0.0 ], [ 110.249289, -7.712677998999908, 0.0 ], [ 110.249023, -7.712522, 0.0 ], [ 110.24897, -7.712417, 0.0 ], [ 110.248864000000125, -7.712224998999908, 0.0 ], [ 110.248779999000106, -7.712052, 0.0 ], [ 110.248626, -7.711732000999973, 0.0 ], [ 110.248941000000102, -7.711574000999956, 0.0 ], [ 110.249314, -7.711383, 0.0 ], [ 110.249339, -7.711261, 0.0 ], [ 110.24947, -7.711076, 0.0 ], [ 110.249579, -7.710824, 0.0 ], [ 110.249593, -7.710599, 0.0 ], [ 110.249598, -7.710357999999886, 0.0 ], [ 110.249466, -7.710273, 0.0 ], [ 110.249298, -7.710189, 0.0 ], [ 110.249070000000117, -7.710104, 0.0 ], [ 110.248249, -7.710072000999936, 0.0 ], [ 110.248053, -7.710105, 0.0 ], [ 110.247601, -7.709969, 0.0 ], [ 110.248171, -7.709702, 0.0 ], [ 110.248822009255903, -7.709092239264461, 0.0 ], [ 110.249868420141581, -7.708542981231094, 0.0 ], [ 110.25, -7.708524142999941, 0.0 ], [ 110.250001, -7.708524, 0.0 ], [ 110.250389840270174, -7.708400899813885, 0.0 ], [ 110.251108642226257, -7.708438522790352, 0.0 ], [ 110.251604, -7.708535, 0.0 ], [ 110.252128978556442, -7.708549295936386, 0.0 ], [ 110.252301283000037, -7.708568649999982, 0.0 ], [ 110.252488609247351, -7.708526662043848, 0.0 ], [ 110.253114, -7.708453, 0.0 ], [ 110.253588438994456, -7.708280142381831, 0.0 ], [ 110.253666422000194, -7.708262662999889, 0.0 ], [ 110.253686827553793, -7.708244295387303, 0.0 ], [ 110.253759, -7.708218, 0.0 ], [ 110.254133, -7.707948, 0.0 ], [ 110.254422, -7.707678, 0.0 ], [ 110.254779, -7.707171, 0.0 ], [ 110.255341, -7.706326, 0.0 ], [ 110.255446090748123, -7.706173356877201, 0.0 ], [ 110.256000738000154, -7.706087211999925, 0.0 ], [ 110.256998586000122, -7.705835684999986, 0.0 ], [ 110.257388889, -7.705555552999989, 0.0 ], [ 110.259105795000124, -7.705450386999903, 0.0 ], [ 110.260444768000156, -7.70549794099993, 0.0 ], [ 110.261250001000164, -7.705583330999978, 0.0 ], [ 110.262883535000057, -7.705374384999921, 0.0 ], [ 110.263627362339562, -7.705660068225803, 0.0 ], [ 110.265032, -7.706254, 0.0 ], [ 110.265727, -7.706511, 0.0 ], [ 110.266101, -7.706682, 0.0 ], [ 110.267115, -7.7071, 0.0 ], [ 110.267692, -7.70725, 0.0 ], [ 110.267874, -7.707237, 0.0 ], [ 110.268193, -7.707817000999963, 0.0 ], [ 110.268511, -7.708092, 0.0 ], [ 110.2687430000001, -7.708321, 0.0 ], [ 110.268804, -7.708359, 0.0 ], [ 110.2691820000001, -7.708593, 0.0 ], [ 110.268534, -7.709301, 0.0 ], [ 110.268456, -7.70937, 0.0 ], [ 110.268353, -7.709461, 0.0 ], [ 110.268282, -7.709523999999892, 0.0 ], [ 110.268258, -7.709556, 0.0 ], [ 110.268238, -7.709669000999988, 0.0 ], [ 110.26822, -7.70977, 0.0 ], [ 110.268209, -7.709831, 0.0 ], [ 110.268159, -7.709823, 0.0 ], [ 110.267388, -7.709701, 0.0 ], [ 110.267325, -7.709944, 0.0 ], [ 110.26754, -7.710088, 0.0 ], [ 110.267397000000116, -7.710592, 0.0 ], [ 110.267048, -7.710687, 0.0 ], [ 110.266798, -7.710925, 0.0 ], [ 110.266523, -7.711187, 0.0 ], [ 110.266332, -7.711368, 0.0 ], [ 110.266233, -7.711463001, 0.0 ], [ 110.26618, -7.711513, 0.0 ], [ 110.266135, -7.711682, 0.0 ], [ 110.265528000000103, -7.71165800099989, 0.0 ], [ 110.26509, -7.711641, 0.0 ], [ 110.264552, -7.71208, 0.0 ], [ 110.264429, -7.712208, 0.0 ], [ 110.264387, -7.712347, 0.0 ], [ 110.264225, -7.712891, 0.0 ], [ 110.264104, -7.713329, 0.0 ], [ 110.264028, -7.713562, 0.0 ], [ 110.263986, -7.713671, 0.0 ], [ 110.263952, -7.713772, 0.0 ], [ 110.264605000000117, -7.714539, 0.0 ], [ 110.264206, -7.715272, 0.0 ], [ 110.263833, -7.716031, 0.0 ], [ 110.26372, -7.716435, 0.0 ], [ 110.26341, -7.716984, 0.0 ], [ 110.263241, -7.717307, 0.0 ], [ 110.263052, -7.717681, 0.0 ], [ 110.262848, -7.717935, 0.0 ], [ 110.262184, -7.717865, 0.0 ], [ 110.261764, -7.717829, 0.0 ], [ 110.261491, -7.71834, 0.0 ], [ 110.26125, -7.718839, 0.0 ], [ 110.26093800000011, -7.71935, 0.0 ], [ 110.26072, -7.719606, 0.0 ], [ 110.260549, -7.719661, 0.0 ], [ 110.26036, -7.719677, 0.0 ], [ 110.2601650000001, -7.720012, 0.0 ], [ 110.259999, -7.720351, 0.0 ], [ 110.259984000000131, -7.720377, 0.0 ], [ 110.259608000000114, -7.721054, 0.0 ], [ 110.259398, -7.721418, 0.0 ], [ 110.259138, -7.721855, 0.0 ], [ 110.2587, -7.722663, 0.0 ], [ 110.258482000000114, -7.723062, 0.0 ], [ 110.258055, -7.723792, 0.0 ], [ 110.257738000000103, -7.724369, 0.0 ], [ 110.257203, -7.725306999999894, 0.0 ], [ 110.257129, -7.725478, 0.0 ], [ 110.257119, -7.725494, 0.0 ], [ 110.257073, -7.725559, 0.0 ], [ 110.257085, -7.725562, 0.0 ], [ 110.257322, -7.725592, 0.0 ], [ 110.258033, -7.725523, 0.0 ], [ 110.258295, -7.725499, 0.0 ], [ 110.258319000000128, -7.725498, 0.0 ], [ 110.258325, -7.725498, 0.0 ], [ 110.258357, -7.725493, 0.0 ], [ 110.258433, -7.72548, 0.0 ], [ 110.258442, -7.725479, 0.0 ], [ 110.258578, -7.725473, 0.0 ], [ 110.257998, -7.726787, 0.0 ], [ 110.257563000000104, -7.727612, 0.0 ], [ 110.257434, -7.727806999999888, 0.0 ], [ 110.256978000000103, -7.728249, 0.0 ], [ 110.256283, -7.728012, 0.0 ], [ 110.256058, -7.728171, 0.0 ], [ 110.255989, -7.728299, 0.0 ], [ 110.256005, -7.728308, 0.0 ], [ 110.256029, -7.72832, 0.0 ], [ 110.25638, -7.728549, 0.0 ], [ 110.256677, -7.728887999999891, 0.0 ], [ 110.256816000000114, -7.72922900099995, 0.0 ], [ 110.257007, -7.729464000999943, 0.0 ], [ 110.257488000000109, -7.729683, 0.0 ], [ 110.257827, -7.729847, 0.0 ], [ 110.258188, -7.729581000999943, 0.0 ], [ 110.258409000000114, -7.729152000999974, 0.0 ], [ 110.258882, -7.728144, 0.0 ], [ 110.259202, -7.728309, 0.0 ], [ 110.259201, -7.728315, 0.0 ], [ 110.259202, -7.728595999999889, 0.0 ], [ 110.259087, -7.728909, 0.0 ], [ 110.258973, -7.729125, 0.0 ], [ 110.259048, -7.729138, 0.0 ], [ 110.259391, -7.729224999999886, 0.0 ], [ 110.259431, -7.729153, 0.0 ], [ 110.259629, -7.728699, 0.0 ], [ 110.260149000000112, -7.728787, 0.0 ], [ 110.260246, -7.728666, 0.0 ], [ 110.260699, -7.728709, 0.0 ], [ 110.260628, -7.728992, 0.0 ], [ 110.260489, -7.729245, 0.0 ], [ 110.260335, -7.729419, 0.0 ], [ 110.259963, -7.729818, 0.0 ], [ 110.259872000000101, -7.730033, 0.0 ], [ 110.259825, -7.730241, 0.0 ], [ 110.259839, -7.730519, 0.0 ], [ 110.259873, -7.730855, 0.0 ], [ 110.259897, -7.731086, 0.0 ], [ 110.259886, -7.731429999999897, 0.0 ], [ 110.259839, -7.731570000999934, 0.0 ], [ 110.259727, -7.731684, 0.0 ], [ 110.259692000000129, -7.732089, 0.0 ], [ 110.259617, -7.732269, 0.0 ], [ 110.259529, -7.732405, 0.0 ], [ 110.259491000000111, -7.732462, 0.0 ], [ 110.259064, -7.733093, 0.0 ], [ 110.258838, -7.733401, 0.0 ], [ 110.258719, -7.733597000999961, 0.0 ], [ 110.258706, -7.733834, 0.0 ], [ 110.258673, -7.734013, 0.0 ], [ 110.258651, -7.734061, 0.0 ], [ 110.258659000000108, -7.734235, 0.0 ], [ 110.258686, -7.734381, 0.0 ], [ 110.258677, -7.734564, 0.0 ], [ 110.258646, -7.734631000999983, 0.0 ], [ 110.258615000000106, -7.734697, 0.0 ], [ 110.258417, -7.734912, 0.0 ], [ 110.258322000000106, -7.735046, 0.0 ], [ 110.258303, -7.735135, 0.0 ], [ 110.258235, -7.735145, 0.0 ], [ 110.257849, -7.73501, 0.0 ], [ 110.257676, -7.734952, 0.0 ], [ 110.257015, -7.734732, 0.0 ], [ 110.255507, -7.734015, 0.0 ], [ 110.255396, -7.734206, 0.0 ], [ 110.255338, -7.734332, 0.0 ], [ 110.255229, -7.734564, 0.0 ], [ 110.255158, -7.734702, 0.0 ], [ 110.254101, -7.734153, 0.0 ], [ 110.254325, -7.733596, 0.0 ], [ 110.254789, -7.733765, 0.0 ], [ 110.254948, -7.733171, 0.0 ], [ 110.254994, -7.732354, 0.0 ], [ 110.25507, -7.7319, 0.0 ], [ 110.255001, -7.731549, 0.0 ], [ 110.254454, -7.731312, 0.0 ], [ 110.254379, -7.731268, 0.0 ], [ 110.25431, -7.731303, 0.0 ], [ 110.254054, -7.731466, 0.0 ], [ 110.253945, -7.731601, 0.0 ], [ 110.253918, -7.731708, 0.0 ], [ 110.253944, -7.731893, 0.0 ], [ 110.254016, -7.732135000999964, 0.0 ], [ 110.254004, -7.732251, 0.0 ], [ 110.253934, -7.732348, 0.0 ], [ 110.253799, -7.732446, 0.0 ], [ 110.253607, -7.732508, 0.0 ], [ 110.253354000000101, -7.732543, 0.0 ], [ 110.253308, -7.732605, 0.0 ], [ 110.253289, -7.732721, 0.0 ], [ 110.253326000000101, -7.732977, 0.0 ], [ 110.253139, -7.733058, 0.0 ], [ 110.25304, -7.733101, 0.0 ], [ 110.252933, -7.733047, 0.0 ], [ 110.252737000000124, -7.732947, 0.0 ], [ 110.252269, -7.733905, 0.0 ], [ 110.252146, -7.734069, 0.0 ], [ 110.252525, -7.734137, 0.0 ], [ 110.252721, -7.734183000999952, 0.0 ], [ 110.252882, -7.734365, 0.0 ], [ 110.252895, -7.734444, 0.0 ], [ 110.25277, -7.734504, 0.0 ], [ 110.25256, -7.734668, 0.0 ], [ 110.252432, -7.734652, 0.0 ], [ 110.252134, -7.734648, 0.0 ], [ 110.251921, -7.734672, 0.0 ], [ 110.251779, -7.734791, 0.0 ], [ 110.251299, -7.735433999999898, 0.0 ], [ 110.251214, -7.735744, 0.0 ], [ 110.251194, -7.735872, 0.0 ], [ 110.251134, -7.736244, 0.0 ], [ 110.251077, -7.736387000999969, 0.0 ], [ 110.250981, -7.736461, 0.0 ], [ 110.250882, -7.736471, 0.0 ], [ 110.250739, -7.736436, 0.0 ], [ 110.250672, -7.736442, 0.0 ], [ 110.250571, -7.736554, 0.0 ], [ 110.250552, -7.73665, 0.0 ], [ 110.250485, -7.73681, 0.0 ], [ 110.250436, -7.73699, 0.0 ], [ 110.25044, -7.737021, 0.0 ], [ 110.25, -7.737791000999962, 0.0 ], [ 110.249741000000128, -7.737598998999974, 0.0 ], [ 110.249702, -7.737572, 0.0 ], [ 110.249695999000039, -7.737573, 0.0 ], [ 110.249636001000056, -7.737548, 0.0 ] ] ] ] } },
{ "type": "Feature", "properties": { "NAMOBJ": "Pondokrejo", "WADMKC": "Tempel", "WADMKK": "Kabupaten Sleman", "WADMPR": "DI Yogyakarta" }, "geometry": { "type": "MultiPolygon", "coordinates": [ [ [ [ 110.314062, -7.658147, 0.0 ], [ 110.314237, -7.658248, 0.0 ], [ 110.314364, -7.658538, 0.0 ], [ 110.314309, -7.658642, 0.0 ], [ 110.314000000000121, -7.658935, 0.0 ], [ 110.313958000000113, -7.659057, 0.0 ], [ 110.314204, -7.659367, 0.0 ], [ 110.314344, -7.65961, 0.0 ], [ 110.31437, -7.659758, 0.0 ], [ 110.314177000000115, -7.659964, 0.0 ], [ 110.313938, -7.660242, 0.0 ], [ 110.313273, -7.660938, 0.0 ], [ 110.313515, -7.661127, 0.0 ], [ 110.313699, -7.661323, 0.0 ], [ 110.314004, -7.661597000999933, 0.0 ], [ 110.313809, -7.66198, 0.0 ], [ 110.313405, -7.662506, 0.0 ], [ 110.313035, -7.663075, 0.0 ], [ 110.312851, -7.663407, 0.0 ], [ 110.312776, -7.663632, 0.0 ], [ 110.313064, -7.663935, 0.0 ], [ 110.313757, -7.664098, 0.0 ], [ 110.314333, -7.664251, 0.0 ], [ 110.314594, -7.66436, 0.0 ], [ 110.314773, -7.664382, 0.0 ], [ 110.314869, -7.664383, 0.0 ], [ 110.315671, -7.663545, 0.0 ], [ 110.315872000000113, -7.663314000999979, 0.0 ], [ 110.316057, -7.663227, 0.0 ], [ 110.316812, -7.663561, 0.0 ], [ 110.317216000000116, -7.663981, 0.0 ], [ 110.316876, -7.664185, 0.0 ], [ 110.316693, -7.664505, 0.0 ], [ 110.316133, -7.664944, 0.0 ], [ 110.31753, -7.665933, 0.0 ], [ 110.317244, -7.666277, 0.0 ], [ 110.317137, -7.666406, 0.0 ], [ 110.317053, -7.666512000999905, 0.0 ], [ 110.317618, -7.667324, 0.0 ], [ 110.317507, -7.667491, 0.0 ], [ 110.317302, -7.667815, 0.0 ], [ 110.316931, -7.668247, 0.0 ], [ 110.316481, -7.66874, 0.0 ], [ 110.316327000000101, -7.669118, 0.0 ], [ 110.316227, -7.669506, 0.0 ], [ 110.316174, -7.670269, 0.0 ], [ 110.315988, -7.670674, 0.0 ], [ 110.315754000000126, -7.671094, 0.0 ], [ 110.315497, -7.671288, 0.0 ], [ 110.315305, -7.671276, 0.0 ], [ 110.314552, -7.671035, 0.0 ], [ 110.313436, -7.670715, 0.0 ], [ 110.313091, -7.670704, 0.0 ], [ 110.312964000000107, -7.670854, 0.0 ], [ 110.312372, -7.672092, 0.0 ], [ 110.311952, -7.671959, 0.0 ], [ 110.311417000000105, -7.672108, 0.0 ], [ 110.310949, -7.672584, 0.0 ], [ 110.310895, -7.672654, 0.0 ], [ 110.310622, -7.673003, 0.0 ], [ 110.310454, -7.673202, 0.0 ], [ 110.310318, -7.673356, 0.0 ], [ 110.309281, -7.672313, 0.0 ], [ 110.309209000000109, -7.67224, 0.0 ], [ 110.309145, -7.672186, 0.0 ], [ 110.309141, -7.672182, 0.0 ], [ 110.308815, -7.672504, 0.0 ], [ 110.308474, -7.672842, 0.0 ], [ 110.308062, -7.673393, 0.0 ], [ 110.308064, -7.673546, 0.0 ], [ 110.307821, -7.673469, 0.0 ], [ 110.307662, -7.673418, 0.0 ], [ 110.307361, -7.673323, 0.0 ], [ 110.307079, -7.673233, 0.0 ], [ 110.307011, -7.673666, 0.0 ], [ 110.306871, -7.673873, 0.0 ], [ 110.306824, -7.673939, 0.0 ], [ 110.30675, -7.67439, 0.0 ], [ 110.306778, -7.674808, 0.0 ], [ 110.306715, -7.67494, 0.0 ], [ 110.306618, -7.675258, 0.0 ], [ 110.306571, -7.675412, 0.0 ], [ 110.30641700000011, -7.675595, 0.0 ], [ 110.306357, -7.675377, 0.0 ], [ 110.306245, -7.674934, 0.0 ], [ 110.305963000000119, -7.673939, 0.0 ], [ 110.305933, -7.673884000999955, 0.0 ], [ 110.305795, -7.674015, 0.0 ], [ 110.305708, -7.67412, 0.0 ], [ 110.305454, -7.674421, 0.0 ], [ 110.305362, -7.674521, 0.0 ], [ 110.304685, -7.675196, 0.0 ], [ 110.304641, -7.675246, 0.0 ], [ 110.304298000000117, -7.674826, 0.0 ], [ 110.304084, -7.674537999999888, 0.0 ], [ 110.303766, -7.674182, 0.0 ], [ 110.303478, -7.673895, 0.0 ], [ 110.304232, -7.672962, 0.0 ], [ 110.304387000000105, -7.672814, 0.0 ], [ 110.303783, -7.672265000999936, 0.0 ], [ 110.303615, -7.672133, 0.0 ], [ 110.30403, -7.671712, 0.0 ], [ 110.305122, -7.670516, 0.0 ], [ 110.30531, -7.670317, 0.0 ], [ 110.305135, -7.670129, 0.0 ], [ 110.304996, -7.669979, 0.0 ], [ 110.304915, -7.669922, 0.0 ], [ 110.304862, -7.669857, 0.0 ], [ 110.304757, -7.669872, 0.0 ], [ 110.304642, -7.670116, 0.0 ], [ 110.304532, -7.670129, 0.0 ], [ 110.304304, -7.670088, 0.0 ], [ 110.30413500000013, -7.669999, 0.0 ], [ 110.303905, -7.669875999999888, 0.0 ], [ 110.303744, -7.669999, 0.0 ], [ 110.303696, -7.670111, 0.0 ], [ 110.3035840000001, -7.67049100099997, 0.0 ], [ 110.303477, -7.670544, 0.0 ], [ 110.303209, -7.670639, 0.0 ], [ 110.30286, -7.670527, 0.0 ], [ 110.302507, -7.670178000999918, 0.0 ], [ 110.302215, -7.669984000999943, 0.0 ], [ 110.301944, -7.669853, 0.0 ], [ 110.301763, -7.66978, 0.0 ], [ 110.301531, -7.669677, 0.0 ], [ 110.301316, -7.669768, 0.0 ], [ 110.300902, -7.669834, 0.0 ], [ 110.30066, -7.669807, 0.0 ], [ 110.300429, -7.669742, 0.0 ], [ 110.300214, -7.669569, 0.0 ], [ 110.299584, -7.669019, 0.0 ], [ 110.299492, -7.668937, 0.0 ], [ 110.299224, -7.668699, 0.0 ], [ 110.29899, -7.669041999999894, 0.0 ], [ 110.298765, -7.669362, 0.0 ], [ 110.298698, -7.669439, 0.0 ], [ 110.298612, -7.66945, 0.0 ], [ 110.298291, -7.669286, 0.0 ], [ 110.298082, -7.669185, 0.0 ], [ 110.298032, -7.669167, 0.0 ], [ 110.297779, -7.669045, 0.0 ], [ 110.297535, -7.668919, 0.0 ], [ 110.297487, -7.668897, 0.0 ], [ 110.2974320000001, -7.668815, 0.0 ], [ 110.297381, -7.668709, 0.0 ], [ 110.297756, -7.668321, 0.0 ], [ 110.297938, -7.668161, 0.0 ], [ 110.298055, -7.667975000999984, 0.0 ], [ 110.298114, -7.667711999999895, 0.0 ], [ 110.298153, -7.667502, 0.0 ], [ 110.298218000000119, -7.667375, 0.0 ], [ 110.298316, -7.667302, 0.0 ], [ 110.298591, -7.667249, 0.0 ], [ 110.298797, -7.667241, 0.0 ], [ 110.298879, -7.667129, 0.0 ], [ 110.29896, -7.666960000999936, 0.0 ], [ 110.298939, -7.666953, 0.0 ], [ 110.2989, -7.666934, 0.0 ], [ 110.298495, -7.666746001, 0.0 ], [ 110.298467000000116, -7.666738, 0.0 ], [ 110.298124, -7.666627, 0.0 ], [ 110.298046, -7.666673, 0.0 ], [ 110.297833, -7.666897, 0.0 ], [ 110.297588, -7.666925, 0.0 ], [ 110.297413, -7.666814, 0.0 ], [ 110.297164722934724, -7.666584591991612, 0.0 ], [ 110.297164758000093, -7.66658456799987, 0.0 ], [ 110.297164926000107, -7.666584452999949, 0.0 ], [ 110.297218339, -7.666545837999951, 0.0 ], [ 110.297506073655924, -7.666296250684336, 0.0 ], [ 110.297533, -7.666273, 0.0 ], [ 110.29767876268744, -7.666102746820471, 0.0 ], [ 110.298027030000029, -7.665697541999929, 0.0 ], [ 110.298103317000127, -7.665610784999945, 0.0 ], [ 110.298103343276438, -7.665610733483554, 0.0 ], [ 110.298104, -7.66561, 0.0 ], [ 110.298122732592816, -7.665572719464421, 0.0 ], [ 110.298309328000116, -7.665206886999922, 0.0 ], [ 110.298334975762074, -7.665110083435646, 0.0 ], [ 110.298349000000115, -7.665062, 0.0 ], [ 110.298364309400711, -7.665037858252834, 0.0 ], [ 110.298385639000216, -7.665006146999922, 0.0 ], [ 110.298400872000059, -7.664980854999961, 0.0 ], [ 110.298706045000174, -7.664915520999973, 0.0 ], [ 110.299125659000069, -7.664786788999979, 0.0 ], [ 110.299545298000155, -7.664756273999942, 0.0 ], [ 110.299659741000028, -7.664727668999973, 0.0 ], [ 110.299684229087319, -7.664707632814729, 0.0 ], [ 110.299747, -7.664658, 0.0 ], [ 110.299784, -7.664526, 0.0 ], [ 110.299771546487122, -7.664336083927694, 0.0 ], [ 110.299758925999981, -7.664100616999871, 0.0 ], [ 110.299758925999981, -7.664031284002217, 0.0 ], [ 110.299763, -7.663937, 0.0 ], [ 110.299899250123673, -7.663723102688948, 0.0 ], [ 110.299949656000123, -7.663645723999892, 0.0 ], [ 110.300117487000065, -7.663406344999981, 0.0 ], [ 110.300184909967371, -7.663228385345768, 0.0 ], [ 110.30021, -7.663165, 0.0 ], [ 110.300214, -7.663152, 0.0 ], [ 110.300215390452266, -7.663147933583183, 0.0 ], [ 110.300216672000019, -7.663144551, 0.0 ], [ 110.300270085000079, -7.662997706999921, 0.0 ], [ 110.300331115000162, -7.662857996999907, 0.0 ], [ 110.300376887000127, -7.662495107999902, 0.0 ], [ 110.300376869323784, -7.662495031206042, 0.0 ], [ 110.300377, -7.662494, 0.0 ], [ 110.300368949561957, -7.662460624225222, 0.0 ], [ 110.300331115000162, -7.662296253999969, 0.0 ], [ 110.300300600000028, -7.662178957999945, 0.0 ], [ 110.300350468494258, -7.662006530797296, 0.0 ], [ 110.300395, -7.661861, 0.0 ], [ 110.300500459583674, -7.661522333399031, 0.0 ], [ 110.300590515000124, -7.661239575999936, 0.0 ], [ 110.300811782999958, -7.66052625099989, 0.0 ], [ 110.300872813000041, -7.660334094999978, 0.0 ], [ 110.300880429000131, -7.660307375999899, 0.0 ], [ 110.300956715999959, -7.660158621999937, 0.0 ], [ 110.301155087000126, -7.660026044999892, 0.0 ], [ 110.30121050396545, -7.659993352536222, 0.0 ], [ 110.30128, -7.659953, 0.0 ], [ 110.301478668492038, -7.659551272552225, 0.0 ], [ 110.301643372000115, -7.659222093999897, 0.0 ], [ 110.301668802685583, -7.659179171566556, 0.0 ], [ 110.301708, -7.659118, 0.0 ], [ 110.301762661136195, -7.65906913625707, 0.0 ], [ 110.301841742000178, -7.659001332999928, 0.0 ], [ 110.301886175094538, -7.658931451406083, 0.0 ], [ 110.301937, -7.658856, 0.0 ], [ 110.302157, -7.658162, 0.0 ], [ 110.302211, -7.657951000999976, 0.0 ], [ 110.302287045741537, -7.657748641348718, 0.0 ], [ 110.302330003000165, -7.657638056999929, 0.0 ], [ 110.30242895006387, -7.657368746925599, 0.0 ], [ 110.302484, -7.657221, 0.0 ], [ 110.302599615088909, -7.656996043509292, 0.0 ], [ 110.302612325000084, -7.656971421999927, 0.0 ], [ 110.302627166483859, -7.656944746702756, 0.0 ], [ 110.302705, -7.656806, 0.0 ], [ 110.302791, -7.656473, 0.0 ], [ 110.302803899428227, -7.656424498149896, 0.0 ], [ 110.302818312000156, -7.656379672, 0.0 ], [ 110.302886983000064, -7.656174627999903, 0.0 ], [ 110.302965917302458, -7.656069620737195, 0.0 ], [ 110.302995, -7.656032, 0.0 ], [ 110.303005669028536, -7.6560259097628, 0.0 ], [ 110.303237927000154, -7.655896173999867, 0.0 ], [ 110.303367627000043, -7.655763596999911, 0.0 ], [ 110.303527818000063, -7.655587181999881, 0.0 ], [ 110.303737730366137, -7.655430545336419, 0.0 ], [ 110.303906, -7.655307, 0.0 ], [ 110.303959135702868, -7.655245008346736, 0.0 ], [ 110.303977971000094, -7.655224292999964, 0.0 ], [ 110.304016127000054, -7.65508552499994, 0.0 ], [ 110.304039001, -7.654981116999917, 0.0 ], [ 110.304056714054127, -7.654961740898127, 0.0 ], [ 110.304103503215572, -7.654913512070173, 0.0 ], [ 110.304458640000163, -7.654827092999962, 0.0 ], [ 110.304460207556744, -7.654826193116417, 0.0 ], [ 110.304461000000103, -7.654826, 0.0 ], [ 110.304522664051916, -7.654790338861563, 0.0 ], [ 110.304542543000181, -7.654778926999974, 0.0 ], [ 110.304588316000064, -7.654753174999975, 0.0 ], [ 110.304832454109075, -7.654641601384384, 0.0 ], [ 110.305389414000089, -7.654444182999988, 0.0 ], [ 110.305393109000121, -7.654442935999974, 0.0 ], [ 110.305427545000128, -7.654431318999901, 0.0 ], [ 110.30570220200012, -7.654403173999881, 0.0 ], [ 110.305809027999985, -7.654389366999894, 0.0 ], [ 110.306060812000041, -7.654124719999935, 0.0 ], [ 110.306190488000112, -7.653999299999949, 0.0 ], [ 110.306388858000091, -7.653878667999916, 0.0 ], [ 110.306541456000019, -7.653830017999976, 0.0 ], [ 110.306694030000116, -7.653838141999938, 0.0 ], [ 110.306884784, -7.653919675999934, 0.0 ], [ 110.307075489000056, -7.654012671999901, 0.0 ], [ 110.30708582655798, -7.653993959951368, 0.0 ], [ 110.307149647961523, -7.653901998820746, 0.0 ], [ 110.307296758000163, -7.653694586999961, 0.0 ], [ 110.307411200000033, -7.65355202399989, 0.0 ], [ 110.307678217000017, -7.653423749999934, 0.0 ], [ 110.30785368900014, -7.653282613999892, 0.0 ], [ 110.308065756717482, -7.653173692410899, 0.0 ], [ 110.308099407632781, -7.653156799381168, 0.0 ], [ 110.308280944999964, -7.653108567999968, 0.0 ], [ 110.308441159000083, -7.653124792999979, 0.0 ], [ 110.30860137400019, -7.653153880999898, 0.0 ], [ 110.308753972000119, -7.653124792999979, 0.0 ], [ 110.309043822500868, -7.652957842440291, 0.0 ], [ 110.309077, -7.652939000999972, 0.0 ], [ 110.309399, -7.652747, 0.0 ], [ 110.309548243108026, -7.652580557872081, 0.0 ], [ 110.3096694890001, -7.652448146999948, 0.0 ], [ 110.309818555000092, -7.652279546999942, 0.0 ], [ 110.309822087000114, -7.652275552999878, 0.0 ], [ 110.309822464236049, -7.652275122630272, 0.0 ], [ 110.310646, -7.652541999999897, 0.0 ], [ 110.310927, -7.652661, 0.0 ], [ 110.311379, -7.652871, 0.0 ], [ 110.311483, -7.652928, 0.0 ], [ 110.311524, -7.652934, 0.0 ], [ 110.311783, -7.653062, 0.0 ], [ 110.311968, -7.653164, 0.0 ], [ 110.31299, -7.653465000999972, 0.0 ], [ 110.313171, -7.65353, 0.0 ], [ 110.313207, -7.653546, 0.0 ], [ 110.313298000000131, -7.653545, 0.0 ], [ 110.31337400000011, -7.65356300099991, 0.0 ], [ 110.313956, -7.653722, 0.0 ], [ 110.314311000000103, -7.65387, 0.0 ], [ 110.31451, -7.654076, 0.0 ], [ 110.314516, -7.654340999999889, 0.0 ], [ 110.314505, -7.654837999999888, 0.0 ], [ 110.3144, -7.655038, 0.0 ], [ 110.314216, -7.655341, 0.0 ], [ 110.313968, -7.6556, 0.0 ], [ 110.313652, -7.655966, 0.0 ], [ 110.313504000000123, -7.65612, 0.0 ], [ 110.313149, -7.656495, 0.0 ], [ 110.313042, -7.656607, 0.0 ], [ 110.313139, -7.656768, 0.0 ], [ 110.313455, -7.657038, 0.0 ], [ 110.314279, -7.657845, 0.0 ], [ 110.314062, -7.658147, 0.0 ] ] ] ] } },
{ "type": "Feature", "properties": { "NAMOBJ": "Mororejo", "WADMKC": "Tempel", "WADMKK": "Kabupaten Sleman", "WADMPR": "DI Yogyakarta" }, "geometry": { "type": "MultiPolygon", "coordinates": [ [ [ [ 110.319348, -7.659661, 0.0 ], [ 110.319864, -7.660175, 0.0 ], [ 110.32050300000013, -7.660754, 0.0 ], [ 110.320673, -7.660922, 0.0 ], [ 110.320806, -7.66112, 0.0 ], [ 110.321044000000128, -7.661209999999887, 0.0 ], [ 110.32114, -7.661198, 0.0 ], [ 110.321362, -7.660993000999962, 0.0 ], [ 110.321503, -7.660875, 0.0 ], [ 110.321649, -7.66083, 0.0 ], [ 110.32189, -7.661025, 0.0 ], [ 110.322411, -7.661489, 0.0 ], [ 110.323215, -7.662159, 0.0 ], [ 110.323276, -7.662292, 0.0 ], [ 110.323370000000111, -7.662591, 0.0 ], [ 110.323164000000119, -7.662756, 0.0 ], [ 110.322541, -7.663234, 0.0 ], [ 110.321939, -7.663705, 0.0 ], [ 110.321699, -7.663981, 0.0 ], [ 110.321725, -7.66422, 0.0 ], [ 110.32205, -7.664608, 0.0 ], [ 110.322541, -7.665125999999891, 0.0 ], [ 110.323533, -7.666337000999903, 0.0 ], [ 110.324245000000118, -7.667032, 0.0 ], [ 110.324512, -7.667405, 0.0 ], [ 110.32457, -7.667553, 0.0 ], [ 110.324504, -7.667691, 0.0 ], [ 110.324435, -7.667937, 0.0 ], [ 110.324428, -7.668191, 0.0 ], [ 110.324468, -7.668436, 0.0 ], [ 110.324564, -7.668916, 0.0 ], [ 110.324548, -7.66896, 0.0 ], [ 110.324792, -7.669664, 0.0 ], [ 110.325038, -7.66972, 0.0 ], [ 110.325468, -7.669839, 0.0 ], [ 110.325591000000117, -7.669879, 0.0 ], [ 110.326252, -7.670066, 0.0 ], [ 110.326333, -7.670079999999892, 0.0 ], [ 110.326342, -7.670227, 0.0 ], [ 110.326355, -7.670644, 0.0 ], [ 110.326485, -7.67132900099994, 0.0 ], [ 110.327028, -7.672171, 0.0 ], [ 110.327197, -7.672302, 0.0 ], [ 110.3274, -7.672407, 0.0 ], [ 110.327567, -7.672057, 0.0 ], [ 110.327616, -7.672065, 0.0 ], [ 110.327664000000127, -7.672055, 0.0 ], [ 110.327737, -7.672047, 0.0 ], [ 110.327846, -7.672118, 0.0 ], [ 110.32792, -7.672199, 0.0 ], [ 110.327945, -7.67252, 0.0 ], [ 110.328074, -7.672764, 0.0 ], [ 110.328155, -7.672917, 0.0 ], [ 110.328184, -7.672971, 0.0 ], [ 110.328216, -7.673016, 0.0 ], [ 110.328315, -7.673116, 0.0 ], [ 110.32846, -7.673264, 0.0 ], [ 110.32861, -7.673418, 0.0 ], [ 110.328781, -7.673592, 0.0 ], [ 110.328837000000107, -7.673649000999962, 0.0 ], [ 110.329121, -7.673881, 0.0 ], [ 110.329428, -7.674047, 0.0 ], [ 110.329592, -7.674089, 0.0 ], [ 110.329669000000109, -7.674112, 0.0 ], [ 110.329805, -7.674153, 0.0 ], [ 110.329933, -7.674192, 0.0 ], [ 110.330024, -7.674142, 0.0 ], [ 110.330171, -7.673944, 0.0 ], [ 110.330371, -7.673589, 0.0 ], [ 110.330644, -7.673129, 0.0 ], [ 110.33098, -7.672722, 0.0 ], [ 110.331264, -7.672513, 0.0 ], [ 110.331793, -7.672429, 0.0 ], [ 110.333536, -7.67362, 0.0 ], [ 110.332914000000102, -7.674274000999983, 0.0 ], [ 110.332419, -7.674811, 0.0 ], [ 110.332001, -7.675378, 0.0 ], [ 110.331783, -7.675598, 0.0 ], [ 110.331784, -7.675652, 0.0 ], [ 110.331696, -7.675775001, 0.0 ], [ 110.331482, -7.675949, 0.0 ], [ 110.331212, -7.676234, 0.0 ], [ 110.330655, -7.677056, 0.0 ], [ 110.330536, -7.677245, 0.0 ], [ 110.33044, -7.677323, 0.0 ], [ 110.330155, -7.67749, 0.0 ], [ 110.330021, -7.677661, 0.0 ], [ 110.32998, -7.677744, 0.0 ], [ 110.329876, -7.678092, 0.0 ], [ 110.329856, -7.678505000999937, 0.0 ], [ 110.32991400000013, -7.678672, 0.0 ], [ 110.330089, -7.679098, 0.0 ], [ 110.330039, -7.679225, 0.0 ], [ 110.329917000000108, -7.679371, 0.0 ], [ 110.329754, -7.679431, 0.0 ], [ 110.329593, -7.679522, 0.0 ], [ 110.329243000000119, -7.679821, 0.0 ], [ 110.329181, -7.679977, 0.0 ], [ 110.329172000000113, -7.68016, 0.0 ], [ 110.329142, -7.680308, 0.0 ], [ 110.329069, -7.680367, 0.0 ], [ 110.328697, -7.680504, 0.0 ], [ 110.328387, -7.680609, 0.0 ], [ 110.328366, -7.680624, 0.0 ], [ 110.328299, -7.680602, 0.0 ], [ 110.328186, -7.680564, 0.0 ], [ 110.328152, -7.680553000999925, 0.0 ], [ 110.327012, -7.680216, 0.0 ], [ 110.326827, -7.680162, 0.0 ], [ 110.326787000000124, -7.680144001000013, 0.0 ], [ 110.326479, -7.680048, 0.0 ], [ 110.326208, -7.679964, 0.0 ], [ 110.325736, -7.68033, 0.0 ], [ 110.325281, -7.680846000999921, 0.0 ], [ 110.325207, -7.680947, 0.0 ], [ 110.324598, -7.680774, 0.0 ], [ 110.322461, -7.679795, 0.0 ], [ 110.32241, -7.67972, 0.0 ], [ 110.322462000000115, -7.679555, 0.0 ], [ 110.32254, -7.679442000999927, 0.0 ], [ 110.322800000000115, -7.679396, 0.0 ], [ 110.322895, -7.679371, 0.0 ], [ 110.323021, -7.679274, 0.0 ], [ 110.323074, -7.67914, 0.0 ], [ 110.323082, -7.679051000999905, 0.0 ], [ 110.322475, -7.678842, 0.0 ], [ 110.320098000000101, -7.677697, 0.0 ], [ 110.319942, -7.67786, 0.0 ], [ 110.319777, -7.678019, 0.0 ], [ 110.319078, -7.678714, 0.0 ], [ 110.318967, -7.67882, 0.0 ], [ 110.318808, -7.678968, 0.0 ], [ 110.318546000000111, -7.679198999999894, 0.0 ], [ 110.318512, -7.679238, 0.0 ], [ 110.318259, -7.679511, 0.0 ], [ 110.31777, -7.679215, 0.0 ], [ 110.317609, -7.679119, 0.0 ], [ 110.317254, -7.678919, 0.0 ], [ 110.317219, -7.678902, 0.0 ], [ 110.317117, -7.678855, 0.0 ], [ 110.317001, -7.679155, 0.0 ], [ 110.316278, -7.678981, 0.0 ], [ 110.315267, -7.678268, 0.0 ], [ 110.315132, -7.678482, 0.0 ], [ 110.314909, -7.678824, 0.0 ], [ 110.314781, -7.678995999999884, 0.0 ], [ 110.313364, -7.677907, 0.0 ], [ 110.31316, -7.678191, 0.0 ], [ 110.312881, -7.678546, 0.0 ], [ 110.31139, -7.677262, 0.0 ], [ 110.311754, -7.676825, 0.0 ], [ 110.312552, -7.675816, 0.0 ], [ 110.312651, -7.675694, 0.0 ], [ 110.312756, -7.675563, 0.0 ], [ 110.31282, -7.675474, 0.0 ], [ 110.312853, -7.675451, 0.0 ], [ 110.312921000000102, -7.675377, 0.0 ], [ 110.312983, -7.67531, 0.0 ], [ 110.313062, -7.675195, 0.0 ], [ 110.31404, -7.67399699999989, 0.0 ], [ 110.313588, -7.67374, 0.0 ], [ 110.313333, -7.673612, 0.0 ], [ 110.313097, -7.673692, 0.0 ], [ 110.312866, -7.673785, 0.0 ], [ 110.312551, -7.6744, 0.0 ], [ 110.312279, -7.674849, 0.0 ], [ 110.311949, -7.675499, 0.0 ], [ 110.311878, -7.675575, 0.0 ], [ 110.311562, -7.675962, 0.0 ], [ 110.311239, -7.67625, 0.0 ], [ 110.311112, -7.676529, 0.0 ], [ 110.311029, -7.676759, 0.0 ], [ 110.31096100000012, -7.676988, 0.0 ], [ 110.310915, -7.677191, 0.0 ], [ 110.310887, -7.677336000999937, 0.0 ], [ 110.310863, -7.677458999999899, 0.0 ], [ 110.310787, -7.677553, 0.0 ], [ 110.310472, -7.677856, 0.0 ], [ 110.310341, -7.678089, 0.0 ], [ 110.310202, -7.678162999999884, 0.0 ], [ 110.310025, -7.678271000999938, 0.0 ], [ 110.309946, -7.678389000999932, 0.0 ], [ 110.30993, -7.678413, 0.0 ], [ 110.309855, -7.678365999999894, 0.0 ], [ 110.309789, -7.678389000999932, 0.0 ], [ 110.309553, -7.678643, 0.0 ], [ 110.309287, -7.678851, 0.0 ], [ 110.309093000000104, -7.678937, 0.0 ], [ 110.308919, -7.678972, 0.0 ], [ 110.308728000000102, -7.678933, 0.0 ], [ 110.308363, -7.678859, 0.0 ], [ 110.308300000000131, -7.678466000999908, 0.0 ], [ 110.30834, -7.677822, 0.0 ], [ 110.308122, -7.677642, 0.0 ], [ 110.307578, -7.678068, 0.0 ], [ 110.307175000000129, -7.678466000999908, 0.0 ], [ 110.306959000000106, -7.67866200099996, 0.0 ], [ 110.306544, -7.67855, 0.0 ], [ 110.306383, -7.678365999999894, 0.0 ], [ 110.306272, -7.678234, 0.0 ], [ 110.305917, -7.677802, 0.0 ], [ 110.305703, -7.677508, 0.0 ], [ 110.305681, -7.677051, 0.0 ], [ 110.305766, -7.676845, 0.0 ], [ 110.305826, -7.676701, 0.0 ], [ 110.3060100000001, -7.676253, 0.0 ], [ 110.306208, -7.675875, 0.0 ], [ 110.306416, -7.675596, 0.0 ], [ 110.30641700000011, -7.675595, 0.0 ], [ 110.306571, -7.675412, 0.0 ], [ 110.306618, -7.675258, 0.0 ], [ 110.306715, -7.67494, 0.0 ], [ 110.306778, -7.674808, 0.0 ], [ 110.30675, -7.67439, 0.0 ], [ 110.306824, -7.673939, 0.0 ], [ 110.306871, -7.673873, 0.0 ], [ 110.307011, -7.673666, 0.0 ], [ 110.307079, -7.673233, 0.0 ], [ 110.307361, -7.673323, 0.0 ], [ 110.307662, -7.673418, 0.0 ], [ 110.307821, -7.673469, 0.0 ], [ 110.308064, -7.673546, 0.0 ], [ 110.308062, -7.673393, 0.0 ], [ 110.308474, -7.672842, 0.0 ], [ 110.308815, -7.672504, 0.0 ], [ 110.309141, -7.672182, 0.0 ], [ 110.309145, -7.672186, 0.0 ], [ 110.309209000000109, -7.67224, 0.0 ], [ 110.309281, -7.672313, 0.0 ], [ 110.310318, -7.673356, 0.0 ], [ 110.310454, -7.673202, 0.0 ], [ 110.310622, -7.673003, 0.0 ], [ 110.310895, -7.672654, 0.0 ], [ 110.310949, -7.672584, 0.0 ], [ 110.311417000000105, -7.672108, 0.0 ], [ 110.311952, -7.671959, 0.0 ], [ 110.312372, -7.672092, 0.0 ], [ 110.312964000000107, -7.670854, 0.0 ], [ 110.313091, -7.670704, 0.0 ], [ 110.313436, -7.670715, 0.0 ], [ 110.314552, -7.671035, 0.0 ], [ 110.315305, -7.671276, 0.0 ], [ 110.315497, -7.671288, 0.0 ], [ 110.315754000000126, -7.671094, 0.0 ], [ 110.315988, -7.670674, 0.0 ], [ 110.316174, -7.670269, 0.0 ], [ 110.316227, -7.669506, 0.0 ], [ 110.316327000000101, -7.669118, 0.0 ], [ 110.316481, -7.66874, 0.0 ], [ 110.316931, -7.668247, 0.0 ], [ 110.317302, -7.667815, 0.0 ], [ 110.317507, -7.667491, 0.0 ], [ 110.317618, -7.667324, 0.0 ], [ 110.317053, -7.666512000999905, 0.0 ], [ 110.317137, -7.666406, 0.0 ], [ 110.317244, -7.666277, 0.0 ], [ 110.31753, -7.665933, 0.0 ], [ 110.316133, -7.664944, 0.0 ], [ 110.316693, -7.664505, 0.0 ], [ 110.316876, -7.664185, 0.0 ], [ 110.317216000000116, -7.663981, 0.0 ], [ 110.316812, -7.663561, 0.0 ], [ 110.316057, -7.663227, 0.0 ], [ 110.315872000000113, -7.663314000999979, 0.0 ], [ 110.315671, -7.663545, 0.0 ], [ 110.314869, -7.664383, 0.0 ], [ 110.314773, -7.664382, 0.0 ], [ 110.314594, -7.66436, 0.0 ], [ 110.314333, -7.664251, 0.0 ], [ 110.313757, -7.664098, 0.0 ], [ 110.313064, -7.663935, 0.0 ], [ 110.312776, -7.663632, 0.0 ], [ 110.312851, -7.663407, 0.0 ], [ 110.313035, -7.663075, 0.0 ], [ 110.313405, -7.662506, 0.0 ], [ 110.313809, -7.66198, 0.0 ], [ 110.314004, -7.661597000999933, 0.0 ], [ 110.313699, -7.661323, 0.0 ], [ 110.313515, -7.661127, 0.0 ], [ 110.313273, -7.660938, 0.0 ], [ 110.313938, -7.660242, 0.0 ], [ 110.314177000000115, -7.659964, 0.0 ], [ 110.31437, -7.659758, 0.0 ], [ 110.314344, -7.65961, 0.0 ], [ 110.314204, -7.659367, 0.0 ], [ 110.313958000000113, -7.659057, 0.0 ], [ 110.314000000000121, -7.658935, 0.0 ], [ 110.314309, -7.658642, 0.0 ], [ 110.314364, -7.658538, 0.0 ], [ 110.314237, -7.658248, 0.0 ], [ 110.314062, -7.658147, 0.0 ], [ 110.314279, -7.657845, 0.0 ], [ 110.314734, -7.658352, 0.0 ], [ 110.315, -7.658677, 0.0 ], [ 110.31525, -7.658862, 0.0 ], [ 110.315258000000114, -7.658849, 0.0 ], [ 110.315334, -7.658491, 0.0 ], [ 110.315391, -7.658382, 0.0 ], [ 110.315471, -7.658307, 0.0 ], [ 110.315668000000116, -7.658318, 0.0 ], [ 110.315815, -7.658538, 0.0 ], [ 110.316044, -7.658781, 0.0 ], [ 110.316184, -7.658903, 0.0 ], [ 110.31643, -7.659053, 0.0 ], [ 110.316748000000118, -7.659104, 0.0 ], [ 110.317012, -7.6592, 0.0 ], [ 110.317438, -7.659691, 0.0 ], [ 110.317845, -7.660153, 0.0 ], [ 110.318351, -7.660671, 0.0 ], [ 110.318796000000106, -7.660227, 0.0 ], [ 110.319284, -7.659731, 0.0 ], [ 110.319348, -7.659661, 0.0 ] ] ] ] } },
{ "type": "Feature", "properties": { "NAMOBJ": "Banyurejo", "WADMKC": "Tempel", "WADMKK": "Kabupaten Sleman", "WADMPR": "DI Yogyakarta" }, "geometry": { "type": "MultiPolygon", "coordinates": [ [ [ [ 110.290143, -7.688346, 0.0 ], [ 110.29009400000011, -7.68859, 0.0 ], [ 110.289592, -7.688974, 0.0 ], [ 110.289254, -7.689306, 0.0 ], [ 110.28915, -7.689516, 0.0 ], [ 110.289118, -7.689638, 0.0 ], [ 110.289121, -7.689775, 0.0 ], [ 110.28921, -7.689931, 0.0 ], [ 110.28930200000012, -7.690015, 0.0 ], [ 110.289316, -7.690032, 0.0 ], [ 110.289709, -7.690363001, 0.0 ], [ 110.289702, -7.690479001, 0.0 ], [ 110.289474, -7.690863, 0.0 ], [ 110.289251, -7.691168, 0.0 ], [ 110.289148, -7.691422, 0.0 ], [ 110.288955, -7.691649001, 0.0 ], [ 110.288908, -7.691838, 0.0 ], [ 110.288913, -7.692045, 0.0 ], [ 110.288986, -7.692178, 0.0 ], [ 110.289074, -7.692233, 0.0 ], [ 110.289291, -7.692354, 0.0 ], [ 110.289414, -7.692425, 0.0 ], [ 110.2895240000001, -7.692482, 0.0 ], [ 110.289628, -7.692294000999979, 0.0 ], [ 110.289621, -7.691991, 0.0 ], [ 110.289625, -7.691733, 0.0 ], [ 110.289731, -7.691367, 0.0 ], [ 110.289856, -7.691212, 0.0 ], [ 110.290018000000117, -7.691035999999897, 0.0 ], [ 110.290262, -7.690944, 0.0 ], [ 110.290436, -7.691027, 0.0 ], [ 110.290557, -7.691075, 0.0 ], [ 110.290675, -7.691164, 0.0 ], [ 110.290777, -7.691252, 0.0 ], [ 110.290797, -7.691274, 0.0 ], [ 110.291, -7.691448, 0.0 ], [ 110.291408, -7.691776, 0.0 ], [ 110.291458, -7.691815, 0.0 ], [ 110.291755, -7.692078, 0.0 ], [ 110.291209, -7.692706, 0.0 ], [ 110.291661, -7.693065, 0.0 ], [ 110.292024, -7.693302, 0.0 ], [ 110.292392, -7.693632, 0.0 ], [ 110.292941, -7.693981, 0.0 ], [ 110.292971000000122, -7.693934, 0.0 ], [ 110.293372, -7.693455, 0.0 ], [ 110.293424000000115, -7.693395, 0.0 ], [ 110.293561, -7.693233, 0.0 ], [ 110.29365, -7.693279, 0.0 ], [ 110.294059, -7.693581000999885, 0.0 ], [ 110.295214, -7.693855, 0.0 ], [ 110.295197, -7.694177, 0.0 ], [ 110.295714, -7.694304, 0.0 ], [ 110.295687, -7.694203, 0.0 ], [ 110.295793, -7.694036, 0.0 ], [ 110.295877, -7.693922, 0.0 ], [ 110.2957940000001, -7.693358, 0.0 ], [ 110.295788, -7.693154999999898, 0.0 ], [ 110.295902, -7.69289800099995, 0.0 ], [ 110.296108, -7.692739, 0.0 ], [ 110.296335, -7.692642, 0.0 ], [ 110.296418, -7.692609, 0.0 ], [ 110.296615, -7.692156, 0.0 ], [ 110.296668, -7.69206000099998, 0.0 ], [ 110.29669, -7.692019, 0.0 ], [ 110.296785, -7.691936, 0.0 ], [ 110.296947, -7.6919, 0.0 ], [ 110.297237, -7.691939, 0.0 ], [ 110.297542, -7.691989, 0.0 ], [ 110.297639, -7.691979, 0.0 ], [ 110.297993, -7.692038, 0.0 ], [ 110.298387, -7.69237, 0.0 ], [ 110.298649, -7.692767, 0.0 ], [ 110.298648, -7.692829, 0.0 ], [ 110.298642000000115, -7.693115, 0.0 ], [ 110.298553000000126, -7.693171000999978, 0.0 ], [ 110.298228, -7.693482, 0.0 ], [ 110.29805, -7.693645, 0.0 ], [ 110.297122, -7.694544, 0.0 ], [ 110.296905, -7.694764, 0.0 ], [ 110.297072, -7.695019, 0.0 ], [ 110.297306, -7.69517, 0.0 ], [ 110.297547000000108, -7.695394000999968, 0.0 ], [ 110.297832, -7.695576, 0.0 ], [ 110.298071, -7.695685, 0.0 ], [ 110.298135, -7.695634, 0.0 ], [ 110.297918, -7.695367, 0.0 ], [ 110.297852, -7.695278, 0.0 ], [ 110.297847, -7.695164, 0.0 ], [ 110.297858, -7.695055, 0.0 ], [ 110.297756, -7.694895, 0.0 ], [ 110.297713, -7.694817, 0.0 ], [ 110.297736, -7.694717, 0.0 ], [ 110.297931, -7.694483, 0.0 ], [ 110.298263000000105, -7.694236, 0.0 ], [ 110.298408, -7.694025, 0.0 ], [ 110.298502, -7.693903, 0.0 ], [ 110.298571, -7.693879, 0.0 ], [ 110.298609, -7.693862, 0.0 ], [ 110.298698, -7.693822, 0.0 ], [ 110.299123, -7.693313, 0.0 ], [ 110.299283, -7.693278, 0.0 ], [ 110.299606, -7.693471, 0.0 ], [ 110.300009, -7.693886, 0.0 ], [ 110.300087, -7.694104, 0.0 ], [ 110.300035, -7.694364, 0.0 ], [ 110.299794, -7.694586, 0.0 ], [ 110.299787, -7.694597, 0.0 ], [ 110.299764, -7.694656, 0.0 ], [ 110.299593000000101, -7.694746, 0.0 ], [ 110.299548000000115, -7.694822999999886, 0.0 ], [ 110.299274, -7.695518, 0.0 ], [ 110.29913700000013, -7.69567, 0.0 ], [ 110.299003, -7.695755, 0.0 ], [ 110.298814, -7.695807, 0.0 ], [ 110.298796, -7.695808, 0.0 ], [ 110.298702, -7.695953, 0.0 ], [ 110.298716000000113, -7.696085, 0.0 ], [ 110.298838, -7.696134, 0.0 ], [ 110.299012, -7.696145, 0.0 ], [ 110.299169000000106, -7.695984, 0.0 ], [ 110.2994, -7.695787, 0.0 ], [ 110.299634000000125, -7.695526, 0.0 ], [ 110.299685, -7.695477, 0.0 ], [ 110.300113, -7.695562, 0.0 ], [ 110.300505, -7.695414000999936, 0.0 ], [ 110.3006460000001, -7.695387, 0.0 ], [ 110.300706, -7.695432, 0.0 ], [ 110.3010850000001, -7.694945000999944, 0.0 ], [ 110.301178, -7.694971, 0.0 ], [ 110.301185000000117, -7.694971, 0.0 ], [ 110.301364, -7.694945000999944, 0.0 ], [ 110.301508, -7.694886, 0.0 ], [ 110.301764, -7.69457, 0.0 ], [ 110.301908, -7.694407, 0.0 ], [ 110.301974000000115, -7.694358, 0.0 ], [ 110.302142, -7.694403, 0.0 ], [ 110.302368, -7.694528, 0.0 ], [ 110.302952, -7.69522, 0.0 ], [ 110.302699, -7.695226, 0.0 ], [ 110.302605, -7.69533, 0.0 ], [ 110.302543, -7.695399, 0.0 ], [ 110.302395, -7.695564, 0.0 ], [ 110.302233, -7.695744, 0.0 ], [ 110.302025, -7.695975, 0.0 ], [ 110.301817, -7.696206, 0.0 ], [ 110.301719, -7.696315, 0.0 ], [ 110.301461, -7.696656, 0.0 ], [ 110.301389000000114, -7.696724, 0.0 ], [ 110.301045, -7.697066, 0.0 ], [ 110.300581, -7.697628, 0.0 ], [ 110.300176000000121, -7.69807, 0.0 ], [ 110.299905, -7.698445999999894, 0.0 ], [ 110.299391, -7.698497, 0.0 ], [ 110.298629000000105, -7.698586, 0.0 ], [ 110.298493, -7.698605999999899, 0.0 ], [ 110.298389, -7.698622, 0.0 ], [ 110.298184, -7.698595, 0.0 ], [ 110.298102000000114, -7.698549, 0.0 ], [ 110.297973, -7.698492, 0.0 ], [ 110.297845, -7.6985, 0.0 ], [ 110.29771, -7.698568, 0.0 ], [ 110.297575, -7.698705, 0.0 ], [ 110.297067, -7.699234999999895, 0.0 ], [ 110.296778, -7.699367, 0.0 ], [ 110.29668, -7.699431000999947, 0.0 ], [ 110.296583, -7.699565, 0.0 ], [ 110.296516, -7.699621, 0.0 ], [ 110.296446, -7.699648, 0.0 ], [ 110.296498, -7.699721, 0.0 ], [ 110.296513, -7.699741, 0.0 ], [ 110.296586, -7.699822, 0.0 ], [ 110.297074, -7.700368, 0.0 ], [ 110.297147, -7.700481, 0.0 ], [ 110.297177, -7.700519, 0.0 ], [ 110.297489, -7.700841, 0.0 ], [ 110.297671, -7.701034, 0.0 ], [ 110.297964, -7.701334, 0.0 ], [ 110.298201, -7.701574, 0.0 ], [ 110.298034, -7.701738, 0.0 ], [ 110.297863, -7.701869000999963, 0.0 ], [ 110.297709, -7.702008, 0.0 ], [ 110.297149, -7.70247, 0.0 ], [ 110.296623, -7.702906, 0.0 ], [ 110.296197, -7.703266, 0.0 ], [ 110.295971, -7.703457, 0.0 ], [ 110.295885, -7.703539, 0.0 ], [ 110.295187, -7.703276, 0.0 ], [ 110.294311, -7.702928, 0.0 ], [ 110.293499, -7.702647, 0.0 ], [ 110.293355, -7.702573, 0.0 ], [ 110.2929290000001, -7.702439, 0.0 ], [ 110.292833, -7.702409, 0.0 ], [ 110.292638, -7.702333, 0.0 ], [ 110.292563000000115, -7.702374, 0.0 ], [ 110.292227000000111, -7.702609000999907, 0.0 ], [ 110.292073, -7.702832, 0.0 ], [ 110.292024, -7.703013, 0.0 ], [ 110.292024, -7.703339, 0.0 ], [ 110.292075, -7.70346, 0.0 ], [ 110.292259, -7.703807, 0.0 ], [ 110.292206, -7.703962, 0.0 ], [ 110.292107, -7.704139, 0.0 ], [ 110.291982, -7.704662, 0.0 ], [ 110.291872, -7.70496, 0.0 ], [ 110.291898, -7.705109, 0.0 ], [ 110.29194, -7.705435, 0.0 ], [ 110.291897, -7.705599, 0.0 ], [ 110.291809, -7.705718, 0.0 ], [ 110.291682, -7.7058, 0.0 ], [ 110.291614, -7.705866000999919, 0.0 ], [ 110.291474, -7.706015, 0.0 ], [ 110.291246, -7.706131, 0.0 ], [ 110.291138, -7.706275, 0.0 ], [ 110.291045, -7.706467, 0.0 ], [ 110.290875, -7.706822000999971, 0.0 ], [ 110.290783, -7.706988, 0.0 ], [ 110.290813, -7.70711, 0.0 ], [ 110.29103, -7.707347, 0.0 ], [ 110.29094, -7.707575, 0.0 ], [ 110.290894, -7.707624, 0.0 ], [ 110.290406, -7.708203, 0.0 ], [ 110.290306, -7.708221, 0.0 ], [ 110.290176, -7.708174, 0.0 ], [ 110.289449, -7.707789, 0.0 ], [ 110.289356, -7.707806, 0.0 ], [ 110.2892760000001, -7.707877, 0.0 ], [ 110.289123, -7.708011000999939, 0.0 ], [ 110.289052, -7.708002, 0.0 ], [ 110.288935, -7.707937, 0.0 ], [ 110.288613, -7.707733, 0.0 ], [ 110.288456, -7.707698, 0.0 ], [ 110.288183, -7.707647, 0.0 ], [ 110.287943, -7.707605, 0.0 ], [ 110.287734, -7.707633, 0.0 ], [ 110.287534, -7.707721, 0.0 ], [ 110.287245, -7.70793, 0.0 ], [ 110.287062, -7.708037, 0.0 ], [ 110.28687, -7.708118, 0.0 ], [ 110.286623, -7.708222, 0.0 ], [ 110.286281000000102, -7.708304000999934, 0.0 ], [ 110.28601500000012, -7.708351, 0.0 ], [ 110.285644, -7.708389, 0.0 ], [ 110.284971, -7.708466, 0.0 ], [ 110.284292, -7.708714001000018, 0.0 ], [ 110.284063, -7.7088, 0.0 ], [ 110.283962, -7.708909000999899, 0.0 ], [ 110.283891, -7.709004, 0.0 ], [ 110.28354, -7.709479999999893, 0.0 ], [ 110.283356000000111, -7.709589, 0.0 ], [ 110.283146, -7.709751, 0.0 ], [ 110.282801000000106, -7.709972, 0.0 ], [ 110.28255, -7.710049, 0.0 ], [ 110.282315, -7.710063, 0.0 ], [ 110.282071000000101, -7.710034, 0.0 ], [ 110.281791, -7.709987, 0.0 ], [ 110.28168, -7.709964, 0.0 ], [ 110.28149, -7.70992, 0.0 ], [ 110.281301, -7.709908, 0.0 ], [ 110.281076, -7.709934, 0.0 ], [ 110.280930000000112, -7.709996, 0.0 ], [ 110.280645, -7.710092, 0.0 ], [ 110.280527, -7.710088, 0.0 ], [ 110.279499, -7.709829, 0.0 ], [ 110.279358, -7.70975, 0.0 ], [ 110.279172, -7.709588, 0.0 ], [ 110.279131, -7.709480999999887, 0.0 ], [ 110.279060000000101, -7.709306, 0.0 ], [ 110.278853000000126, -7.709078, 0.0 ], [ 110.278614, -7.708928000999961, 0.0 ], [ 110.278419, -7.708882, 0.0 ], [ 110.278306, -7.7089, 0.0 ], [ 110.278085, -7.709005, 0.0 ], [ 110.277733, -7.709267, 0.0 ], [ 110.277659, -7.709383, 0.0 ], [ 110.277522, -7.709599, 0.0 ], [ 110.277410000000103, -7.709676, 0.0 ], [ 110.277258, -7.709723, 0.0 ], [ 110.27698500000011, -7.709724, 0.0 ], [ 110.276780000000102, -7.709655, 0.0 ], [ 110.276573, -7.709551, 0.0 ], [ 110.276567, -7.709557, 0.0 ], [ 110.276461, -7.709623, 0.0 ], [ 110.276442000000117, -7.709630000999958, 0.0 ], [ 110.276387, -7.709629, 0.0 ], [ 110.276193, -7.7096, 0.0 ], [ 110.27581, -7.709496, 0.0 ], [ 110.275488, -7.709316, 0.0 ], [ 110.275085, -7.709075, 0.0 ], [ 110.274835, -7.708955, 0.0 ], [ 110.274696, -7.708955, 0.0 ], [ 110.274496, -7.709015, 0.0 ], [ 110.274425, -7.709044, 0.0 ], [ 110.274318, -7.709088, 0.0 ], [ 110.273956, -7.709237, 0.0 ], [ 110.273825, -7.70923199999989, 0.0 ], [ 110.273737, -7.70923, 0.0 ], [ 110.273434000000108, -7.709168, 0.0 ], [ 110.273255, -7.709069999999898, 0.0 ], [ 110.273146, -7.708991, 0.0 ], [ 110.273036, -7.708912, 0.0 ], [ 110.272873, -7.70886, 0.0 ], [ 110.272618, -7.708830000999935, 0.0 ], [ 110.271841, -7.708850001, 0.0 ], [ 110.271698, -7.708894999999895, 0.0 ], [ 110.271341, -7.709008, 0.0 ], [ 110.27106, -7.70915, 0.0 ], [ 110.270482000000101, -7.709495, 0.0 ], [ 110.270373, -7.709486, 0.0 ], [ 110.270223, -7.709431, 0.0 ], [ 110.270057000000108, -7.709298001000022, 0.0 ], [ 110.269645000000125, -7.708911, 0.0 ], [ 110.269546, -7.708819, 0.0 ], [ 110.2691820000001, -7.708593, 0.0 ], [ 110.268804, -7.708359, 0.0 ], [ 110.2687430000001, -7.708321, 0.0 ], [ 110.268511, -7.708092, 0.0 ], [ 110.268193, -7.707817000999963, 0.0 ], [ 110.267874, -7.707237, 0.0 ], [ 110.26828, -7.707208, 0.0 ], [ 110.268559193676879, -7.707120666017399, 0.0 ], [ 110.268588495000103, -7.707118347999977, 0.0 ], [ 110.26860179015469, -7.707107341503374, 0.0 ], [ 110.268686, -7.707081, 0.0 ], [ 110.270142, -7.70588, 0.0 ], [ 110.27042, -7.70567, 0.0 ], [ 110.270499128074533, -7.705962962275727, 0.0 ], [ 110.270500193, -7.705982198999941, 0.0 ], [ 110.270652767000016, -7.7062082069999, 0.0 ], [ 110.270759569000148, -7.706375094999942, 0.0 ], [ 110.270919808, -7.706513862999966, 0.0 ], [ 110.271156310000023, -7.706605890999942, 0.0 ], [ 110.271568308000013, -7.706652121999948, 0.0 ], [ 110.272110006000062, -7.706845269999942, 0.0 ], [ 110.272247322000055, -7.70688103199997, 0.0 ], [ 110.272422794, -7.70685622299996, 0.0 ], [ 110.272516635782708, -7.706808997196337, 0.0 ], [ 110.272571000000113, -7.706782, 0.0 ], [ 110.272628847045567, -7.706730892416005, 0.0 ], [ 110.272674554000147, -7.706691704999937, 0.0 ], [ 110.272722986703599, -7.70651884672753, 0.0 ], [ 110.272744, -7.706445, 0.0 ], [ 110.272745, -7.706111, 0.0 ], [ 110.272692973053452, -7.705827429705316, 0.0 ], [ 110.272636422000105, -7.70550677799995, 0.0 ], [ 110.272590650000041, -7.705276949999941, 0.0 ], [ 110.272590650000041, -7.705089532999889, 0.0 ], [ 110.272634681670539, -7.704918471828172, 0.0 ], [ 110.272645, -7.704881, 0.0 ], [ 110.272723, -7.704761, 0.0 ], [ 110.272769733228913, -7.704728720347067, 0.0 ], [ 110.272819535000153, -7.704694726, 0.0 ], [ 110.273056037000089, -7.704665637999899, 0.0 ], [ 110.273498526000026, -7.704686625999948, 0.0 ], [ 110.273735052000049, -7.704660874999949, 0.0 ], [ 110.273880009000052, -7.70462129299996, 0.0 ], [ 110.273975204500871, -7.704536487511017, 0.0 ], [ 110.274004, -7.704512, 0.0 ], [ 110.274028191328512, -7.704463054753987, 0.0 ], [ 110.274047865000085, -7.704425774999947, 0.0 ], [ 110.274042514105076, -7.70437410234597, 0.0 ], [ 110.274021, -7.70413, 0.0 ], [ 110.273784, -7.703282, 0.0 ], [ 110.273685, -7.702941000999932, 0.0 ], [ 110.27366, -7.702613, 0.0 ], [ 110.273651176704007, -7.702501238249805, 0.0 ], [ 110.273635866000106, -7.702272402999945, 0.0 ], [ 110.273594935735417, -7.702031261912403, 0.0 ], [ 110.273576, -7.701912, 0.0 ], [ 110.273565986136347, -7.701850200155437, 0.0 ], [ 110.273544322000077, -7.70169685299993, 0.0 ], [ 110.273550236011147, -7.701582089196936, 0.0 ], [ 110.273553, -7.701548, 0.0 ], [ 110.273655, -7.701305, 0.0 ], [ 110.273716892108951, -7.701218440746207, 0.0 ], [ 110.273796081000043, -7.701113202999956, 0.0 ], [ 110.274245321290692, -7.700766283066287, 0.0 ], [ 110.274246214399568, -7.70076560044788, 0.0 ], [ 110.274247, -7.700765, 0.0 ], [ 110.274490927694714, -7.700578200352705, 0.0 ], [ 110.274513251000045, -7.70056531499992, 0.0 ], [ 110.274535297308745, -7.700536828624085, 0.0 ], [ 110.274563, -7.700505, 0.0 ], [ 110.274715, -7.700331, 0.0 ], [ 110.274784708971794, -7.700229088514156, 0.0 ], [ 110.274902351000094, -7.700063198999942, 0.0 ], [ 110.275100698000074, -7.699890120999921, 0.0 ], [ 110.275329583000087, -7.699691749999939, 0.0 ], [ 110.275435994678489, -7.699586885680223, 0.0 ], [ 110.275461, -7.699563, 0.0 ], [ 110.275493409203889, -7.699526223598376, 0.0 ], [ 110.275604240000163, -7.699403745999913, 0.0 ], [ 110.275910334587351, -7.699262074068926, 0.0 ], [ 110.275928, -7.699254, 0.0 ], [ 110.276096, -7.699177000999981, 0.0 ], [ 110.276141269298975, -7.699143597970927, 0.0 ], [ 110.276199351000116, -7.699102369999935, 0.0 ], [ 110.276245123000166, -7.699014161999919, 0.0 ], [ 110.276260381000014, -7.698989377999911, 0.0 ], [ 110.276260381000014, -7.698842190619494, 0.0 ], [ 110.276261, -7.698836, 0.0 ], [ 110.276253770344084, -7.698786880866717, 0.0 ], [ 110.276229866000151, -7.698606443999935, 0.0 ], [ 110.276242568695579, -7.698498478165885, 0.0 ], [ 110.276245952657135, -7.698475324922917, 0.0 ], [ 110.276324149152018, -7.698339312602577, 0.0 ], [ 110.276336727270476, -7.698317473533447, 0.0 ], [ 110.276496883000036, -7.698215457999915, 0.0 ], [ 110.276824953, -7.698018030999922, 0.0 ], [ 110.277029063830909, -7.697897505013842, 0.0 ], [ 110.277049, -7.697886, 0.0 ], [ 110.277119, -7.697841, 0.0 ], [ 110.277128548538499, -7.697827979265661, 0.0 ], [ 110.277130125000028, -7.697826841999913, 0.0 ], [ 110.277267466000112, -7.69741102299988, 0.0 ], [ 110.277323967365305, -7.697174657033258, 0.0 ], [ 110.277377, -7.696963, 0.0 ], [ 110.277421, -7.696733, 0.0 ], [ 110.277476, -7.696616, 0.0 ], [ 110.277495129831195, -7.696569044959791, 0.0 ], [ 110.277534506000094, -7.696482618999891, 0.0 ], [ 110.277614014398097, -7.696283043387499, 0.0 ], [ 110.277635, -7.696233000999932, 0.0 ], [ 110.277706234597659, -7.696074788958686, 0.0 ], [ 110.27781678000018, -7.695832692999939, 0.0 ], [ 110.2778875474297, -7.695714953559254, 0.0 ], [ 110.27798, -7.695565, 0.0 ], [ 110.278255, -7.69532, 0.0 ], [ 110.278370213358883, -7.695232705236645, 0.0 ], [ 110.278549184000113, -7.695099345999925, 0.0 ], [ 110.278817173737366, -7.694817584668058, 0.0 ], [ 110.278979, -7.694649, 0.0 ], [ 110.279084479734351, -7.69450622134822, 0.0 ], [ 110.27924348, -7.694294427999939, 0.0 ], [ 110.279336674470912, -7.694110933709865, 0.0 ], [ 110.2793980000001, -7.693993, 0.0 ], [ 110.279466, -7.693849, 0.0 ], [ 110.27975, -7.693245, 0.0 ], [ 110.279945905190019, -7.692822204615403, 0.0 ], [ 110.28027343900014, -7.692398036999883, 0.0 ], [ 110.280300721455276, -7.692356110853506, 0.0 ], [ 110.280313, -7.692338, 0.0 ], [ 110.280399, -7.692215000999926, 0.0 ], [ 110.280568082751756, -7.691824768207713, 0.0 ], [ 110.28071595199998, -7.691489193999914, 0.0 ], [ 110.280757734843576, -7.691412408912292, 0.0 ], [ 110.280795, -7.691348, 0.0 ], [ 110.280932896220435, -7.691225092499245, 0.0 ], [ 110.281455996000105, -7.691011402999905, 0.0 ], [ 110.281551063188459, -7.690963493218252, 0.0 ], [ 110.281581, -7.690948999999893, 0.0 ], [ 110.28162708445933, -7.69090406078239, 0.0 ], [ 110.28174591100003, -7.690792987999952, 0.0 ], [ 110.28183748000005, -7.69061608899997, 0.0 ], [ 110.281936665000089, -7.690419168999931, 0.0 ], [ 110.282264711000138, -7.689481698, 0.0 ], [ 110.282341021999969, -7.689318145999959, 0.0 ], [ 110.282417308999982, -7.689233758999904, 0.0 ], [ 110.282615680000134, -7.689187019999945, 0.0 ], [ 110.282875055000019, -7.689159841999917, 0.0 ], [ 110.282877854247701, -7.689159014963078, 0.0 ], [ 110.282878, -7.689159, 0.0 ], [ 110.282881706729498, -7.689157876748578, 0.0 ], [ 110.283042911000052, -7.689110248999988, 0.0 ], [ 110.283210766, -7.688975785999965, 0.0 ], [ 110.283386934136345, -7.688716403954611, 0.0 ], [ 110.283418, -7.688671, 0.0 ], [ 110.283433967249039, -7.68863989712947, 0.0 ], [ 110.283515939000196, -7.688484646999918, 0.0 ], [ 110.283526547003476, -7.688451288169642, 0.0 ], [ 110.283542, -7.688411, 0.0 ], [ 110.283626, -7.688168, 0.0 ], [ 110.283694, -7.687982, 0.0 ], [ 110.28370587297843, -7.687950034288839, 0.0 ], [ 110.283706668000079, -7.68794819599994, 0.0 ], [ 110.283756411119924, -7.687897135566992, 0.0 ], [ 110.283816, -7.687837, 0.0 ], [ 110.283833314920855, -7.687821779626038, 0.0 ], [ 110.283941170000034, -7.687730572999964, 0.0 ], [ 110.283942657572766, -7.687729315471749, 0.0 ], [ 110.284938, -7.688222, 0.0 ], [ 110.285323, -7.687730001, 0.0 ], [ 110.28551800000011, -7.687564, 0.0 ], [ 110.285647, -7.687485, 0.0 ], [ 110.285678000000118, -7.687474, 0.0 ], [ 110.285691, -7.687465, 0.0 ], [ 110.285763, -7.687382, 0.0 ], [ 110.285785, -7.687241, 0.0 ], [ 110.285817, -7.686987, 0.0 ], [ 110.285936, -7.686852001000013, 0.0 ], [ 110.286099, -7.686669, 0.0 ], [ 110.286195, -7.686668, 0.0 ], [ 110.286314, -7.686701, 0.0 ], [ 110.286654, -7.686897, 0.0 ], [ 110.286863, -7.68695000099995, 0.0 ], [ 110.287384, -7.687117, 0.0 ], [ 110.287695, -7.687214, 0.0 ], [ 110.287705, -7.687159, 0.0 ], [ 110.287871, -7.686974, 0.0 ], [ 110.288344, -7.686726, 0.0 ], [ 110.288621, -7.686543, 0.0 ], [ 110.288831, -7.686395, 0.0 ], [ 110.288947, -7.686359, 0.0 ], [ 110.289095, -7.686306000999956, 0.0 ], [ 110.289321000000101, -7.686199999999889, 0.0 ], [ 110.28941, -7.686137, 0.0 ], [ 110.289629, -7.68619000099995, 0.0 ], [ 110.289784, -7.686297, 0.0 ], [ 110.289882, -7.686483, 0.0 ], [ 110.2900080000001, -7.686737, 0.0 ], [ 110.290098, -7.68688, 0.0 ], [ 110.290131, -7.687338, 0.0 ], [ 110.290346, -7.687446, 0.0 ], [ 110.290533, -7.687523, 0.0 ], [ 110.290598, -7.68755, 0.0 ], [ 110.290916, -7.687588, 0.0 ], [ 110.290607, -7.688046, 0.0 ], [ 110.290298000000107, -7.688132, 0.0 ], [ 110.290143, -7.688346, 0.0 ] ] ] ] } },
{ "type": "Feature", "properties": { "NAMOBJ": "Merdikorejo", "WADMKC": "Tempel", "WADMKK": "Kabupaten Sleman", "WADMPR": "DI Yogyakarta" }, "geometry": { "type": "MultiPolygon", "coordinates": [ [ [ [ 110.3637370000001, -7.617035, 0.0 ], [ 110.364205, -7.617224, 0.0 ], [ 110.36447, -7.617331, 0.0 ], [ 110.36537, -7.618527, 0.0 ], [ 110.365978, -7.619697, 0.0 ], [ 110.365869000000103, -7.620057, 0.0 ], [ 110.365079, -7.620927, 0.0 ], [ 110.36416, -7.621837, 0.0 ], [ 110.36404, -7.621872, 0.0 ], [ 110.36389, -7.621977, 0.0 ], [ 110.363715, -7.622098, 0.0 ], [ 110.363398000000117, -7.622281, 0.0 ], [ 110.36338, -7.622408, 0.0 ], [ 110.363318, -7.622642999999886, 0.0 ], [ 110.363239000000107, -7.622682, 0.0 ], [ 110.36313, -7.622676, 0.0 ], [ 110.362988000000115, -7.622694, 0.0 ], [ 110.362894, -7.622761, 0.0 ], [ 110.362779, -7.62292, 0.0 ], [ 110.362594, -7.623181, 0.0 ], [ 110.362481, -7.623235, 0.0 ], [ 110.362264, -7.62329, 0.0 ], [ 110.362098, -7.623355000999911, 0.0 ], [ 110.361982, -7.623463, 0.0 ], [ 110.361931, -7.623623, 0.0 ], [ 110.36197, -7.623741, 0.0 ], [ 110.36204, -7.623967, 0.0 ], [ 110.362013, -7.624058999999896, 0.0 ], [ 110.361545, -7.624502, 0.0 ], [ 110.361417, -7.62453, 0.0 ], [ 110.361252, -7.624496, 0.0 ], [ 110.361042, -7.624456, 0.0 ], [ 110.36093, -7.62449, 0.0 ], [ 110.360793, -7.624592, 0.0 ], [ 110.360682, -7.624693, 0.0 ], [ 110.360343, -7.624999, 0.0 ], [ 110.360341896000108, -7.625, 0.0 ], [ 110.35993, -7.625373, 0.0 ], [ 110.35977200000012, -7.625577, 0.0 ], [ 110.359697, -7.625753001, 0.0 ], [ 110.359586, -7.626142, 0.0 ], [ 110.35952, -7.626422, 0.0 ], [ 110.359434, -7.626533, 0.0 ], [ 110.359217, -7.6267, 0.0 ], [ 110.358608, -7.627010999999897, 0.0 ], [ 110.35816, -7.627356, 0.0 ], [ 110.357682, -7.627554, 0.0 ], [ 110.357603, -7.627661, 0.0 ], [ 110.357538, -7.627832, 0.0 ], [ 110.357435, -7.6281, 0.0 ], [ 110.357307, -7.628197, 0.0 ], [ 110.35717, -7.628238, 0.0 ], [ 110.357079, -7.628246, 0.0 ], [ 110.357033, -7.628336, 0.0 ], [ 110.356738, -7.628762, 0.0 ], [ 110.356643, -7.628992, 0.0 ], [ 110.356551, -7.629215, 0.0 ], [ 110.356224, -7.630153, 0.0 ], [ 110.35623, -7.630352, 0.0 ], [ 110.356293, -7.630615, 0.0 ], [ 110.356381, -7.630947, 0.0 ], [ 110.356396, -7.631003, 0.0 ], [ 110.356398000000112, -7.631184, 0.0 ], [ 110.356393, -7.63124, 0.0 ], [ 110.3563, -7.632432999999896, 0.0 ], [ 110.356215, -7.632571, 0.0 ], [ 110.356083, -7.632676, 0.0 ], [ 110.35583, -7.632882, 0.0 ], [ 110.355532, -7.633247, 0.0 ], [ 110.355204, -7.633739, 0.0 ], [ 110.355046, -7.63396, 0.0 ], [ 110.354862000000125, -7.634109, 0.0 ], [ 110.354476, -7.634279, 0.0 ], [ 110.35431, -7.634324, 0.0 ], [ 110.354158, -7.634372, 0.0 ], [ 110.353944, -7.634522, 0.0 ], [ 110.353674, -7.634789, 0.0 ], [ 110.353551, -7.634986, 0.0 ], [ 110.35346, -7.635087, 0.0 ], [ 110.353399, -7.635099, 0.0 ], [ 110.353209, -7.635165, 0.0 ], [ 110.353031, -7.635191, 0.0 ], [ 110.352943, -7.635327, 0.0 ], [ 110.352223, -7.636181, 0.0 ], [ 110.35221, -7.636311, 0.0 ], [ 110.352238, -7.636495, 0.0 ], [ 110.352358, -7.636748, 0.0 ], [ 110.352532, -7.637038, 0.0 ], [ 110.352782, -7.63741, 0.0 ], [ 110.352782, -7.637525, 0.0 ], [ 110.352794, -7.63771, 0.0 ], [ 110.352874, -7.637971, 0.0 ], [ 110.352884, -7.638022, 0.0 ], [ 110.352898, -7.638101, 0.0 ], [ 110.352855, -7.638238, 0.0 ], [ 110.35274, -7.638478, 0.0 ], [ 110.352623, -7.638769, 0.0 ], [ 110.352507, -7.63899, 0.0 ], [ 110.352276000000117, -7.639282, 0.0 ], [ 110.352078, -7.639544, 0.0 ], [ 110.352063, -7.639593, 0.0 ], [ 110.352026000000123, -7.639707, 0.0 ], [ 110.352021, -7.639896, 0.0 ], [ 110.352052, -7.640407, 0.0 ], [ 110.351978, -7.640629, 0.0 ], [ 110.351797, -7.641063000999939, 0.0 ], [ 110.351743, -7.64129, 0.0 ], [ 110.351683, -7.641544, 0.0 ], [ 110.351624, -7.641988, 0.0 ], [ 110.351667, -7.642174000999937, 0.0 ], [ 110.351813, -7.642526, 0.0 ], [ 110.351864, -7.642724, 0.0 ], [ 110.351843, -7.642896000999901, 0.0 ], [ 110.351803, -7.643217999999898, 0.0 ], [ 110.351858, -7.64347, 0.0 ], [ 110.351976, -7.643992, 0.0 ], [ 110.351969, -7.644236, 0.0 ], [ 110.351909, -7.64479, 0.0 ], [ 110.351933, -7.644986, 0.0 ], [ 110.351904, -7.645068, 0.0 ], [ 110.351783, -7.645307, 0.0 ], [ 110.351613, -7.645654, 0.0 ], [ 110.351433, -7.646023, 0.0 ], [ 110.351388, -7.646116, 0.0 ], [ 110.351371000000114, -7.646154, 0.0 ], [ 110.351280000000131, -7.646302999999889, 0.0 ], [ 110.35114, -7.646548, 0.0 ], [ 110.35093, -7.646915, 0.0 ], [ 110.350647, -7.647238, 0.0 ], [ 110.350431, -7.647395, 0.0 ], [ 110.350092, -7.647674000999906, 0.0 ], [ 110.349738, -7.648054, 0.0 ], [ 110.349676, -7.648076, 0.0 ], [ 110.349466, -7.648173999999887, 0.0 ], [ 110.349277, -7.64831, 0.0 ], [ 110.34917, -7.648453000999968, 0.0 ], [ 110.349033000000105, -7.648615, 0.0 ], [ 110.348877, -7.648673, 0.0 ], [ 110.348759, -7.648713999999892, 0.0 ], [ 110.348653000000112, -7.648741, 0.0 ], [ 110.348521, -7.648783, 0.0 ], [ 110.34833, -7.648914, 0.0 ], [ 110.348225, -7.64906, 0.0 ], [ 110.348193, -7.649246, 0.0 ], [ 110.34819, -7.649575, 0.0 ], [ 110.348271, -7.650369, 0.0 ], [ 110.348231, -7.650535, 0.0 ], [ 110.348076, -7.650734, 0.0 ], [ 110.347747000000112, -7.650909, 0.0 ], [ 110.347527000000113, -7.650973, 0.0 ], [ 110.346691, -7.651192, 0.0 ], [ 110.346608000000103, -7.651299, 0.0 ], [ 110.346466, -7.651577, 0.0 ], [ 110.346169000000103, -7.652093, 0.0 ], [ 110.345938, -7.652392, 0.0 ], [ 110.34555, -7.653095000999912, 0.0 ], [ 110.345477, -7.653277, 0.0 ], [ 110.345385, -7.653595, 0.0 ], [ 110.344861, -7.653486, 0.0 ], [ 110.344713, -7.653486, 0.0 ], [ 110.344655, -7.653471, 0.0 ], [ 110.344502, -7.653708, 0.0 ], [ 110.344298, -7.653979, 0.0 ], [ 110.344147, -7.654203, 0.0 ], [ 110.343872, -7.654732, 0.0 ], [ 110.343678, -7.655105, 0.0 ], [ 110.343603, -7.655106, 0.0 ], [ 110.343297, -7.654998, 0.0 ], [ 110.342727, -7.654552, 0.0 ], [ 110.342767, -7.654463, 0.0 ], [ 110.342849, -7.654301, 0.0 ], [ 110.343272, -7.653921, 0.0 ], [ 110.34323, -7.653845, 0.0 ], [ 110.343099, -7.653672, 0.0 ], [ 110.342993, -7.65381, 0.0 ], [ 110.342848, -7.65377, 0.0 ], [ 110.342675, -7.653734, 0.0 ], [ 110.34257, -7.653716, 0.0 ], [ 110.342514, -7.653702, 0.0 ], [ 110.342339, -7.65362, 0.0 ], [ 110.341815, -7.653397, 0.0 ], [ 110.341387, -7.653103, 0.0 ], [ 110.341264, -7.653013, 0.0 ], [ 110.341218, -7.652964, 0.0 ], [ 110.341585, -7.651986, 0.0 ], [ 110.341636, -7.651857, 0.0 ], [ 110.341656, -7.651826, 0.0 ], [ 110.341686, -7.651774, 0.0 ], [ 110.341828000000106, -7.651405, 0.0 ], [ 110.341669, -7.651044, 0.0 ], [ 110.341669, -7.651022, 0.0 ], [ 110.341514, -7.650559, 0.0 ], [ 110.341432, -7.650338, 0.0 ], [ 110.341416, -7.650121, 0.0 ], [ 110.341449, -7.649953, 0.0 ], [ 110.341759, -7.649465, 0.0 ], [ 110.341902000000104, -7.649289, 0.0 ], [ 110.342084, -7.649154, 0.0 ], [ 110.342088, -7.649118, 0.0 ], [ 110.342265, -7.649067, 0.0 ], [ 110.342439, -7.648998, 0.0 ], [ 110.342709, -7.648686, 0.0 ], [ 110.343053, -7.648387, 0.0 ], [ 110.34324500000011, -7.648164, 0.0 ], [ 110.343373, -7.647946000999941, 0.0 ], [ 110.343431, -7.647642, 0.0 ], [ 110.343492000000126, -7.647344, 0.0 ], [ 110.343734, -7.646784, 0.0 ], [ 110.343522, -7.646579, 0.0 ], [ 110.343372, -7.646434, 0.0 ], [ 110.343123, -7.646194, 0.0 ], [ 110.342443000000102, -7.645773, 0.0 ], [ 110.342143, -7.645621, 0.0 ], [ 110.34135, -7.645219999999899, 0.0 ], [ 110.34117, -7.645138000999953, 0.0 ], [ 110.340897, -7.644973, 0.0 ], [ 110.340802, -7.644874, 0.0 ], [ 110.340693, -7.644724, 0.0 ], [ 110.340628, -7.644814, 0.0 ], [ 110.340488, -7.644874, 0.0 ], [ 110.340229, -7.645141, 0.0 ], [ 110.339956000000114, -7.645231, 0.0 ], [ 110.339592, -7.645242, 0.0 ], [ 110.339479, -7.645302, 0.0 ], [ 110.339389, -7.645431000999949, 0.0 ], [ 110.339294, -7.645462, 0.0 ], [ 110.339114, -7.645421, 0.0 ], [ 110.338956, -7.645384, 0.0 ], [ 110.338747, -7.645433, 0.0 ], [ 110.338471, -7.645694, 0.0 ], [ 110.337733, -7.645691, 0.0 ], [ 110.337463, -7.645474, 0.0 ], [ 110.337215, -7.645365, 0.0 ], [ 110.337047, -7.645468999999895, 0.0 ], [ 110.336946000000111, -7.645559, 0.0 ], [ 110.336648, -7.645853, 0.0 ], [ 110.336437, -7.646094000999916, 0.0 ], [ 110.33635, -7.646193, 0.0 ], [ 110.336174, -7.646393, 0.0 ], [ 110.335484, -7.647071, 0.0 ], [ 110.335167, -7.647384999999886, 0.0 ], [ 110.335062, -7.647487, 0.0 ], [ 110.334938, -7.647628, 0.0 ], [ 110.334508, -7.648056, 0.0 ], [ 110.334446, -7.64812, 0.0 ], [ 110.334306, -7.648245, 0.0 ], [ 110.334132, -7.64842199999989, 0.0 ], [ 110.334088, -7.648471, 0.0 ], [ 110.333958, -7.648362, 0.0 ], [ 110.333851, -7.648271, 0.0 ], [ 110.333796, -7.648225, 0.0 ], [ 110.333722, -7.648199, 0.0 ], [ 110.333575, -7.648147, 0.0 ], [ 110.333354, -7.648069, 0.0 ], [ 110.333004, -7.647946000999941, 0.0 ], [ 110.332793, -7.647872, 0.0 ], [ 110.332703, -7.647725, 0.0 ], [ 110.332574, -7.64759, 0.0 ], [ 110.332186, -7.647209, 0.0 ], [ 110.332086, -7.647166000999974, 0.0 ], [ 110.33203, -7.647202, 0.0 ], [ 110.331893, -7.647324, 0.0 ], [ 110.331679, -7.647470999999896, 0.0 ], [ 110.33159, -7.647485, 0.0 ], [ 110.331589, -7.647229, 0.0 ], [ 110.331639, -7.646879, 0.0 ], [ 110.331703, -7.646633, 0.0 ], [ 110.332185, -7.646125, 0.0 ], [ 110.3317610000001, -7.645561, 0.0 ], [ 110.331918000000115, -7.645086, 0.0 ], [ 110.33202, -7.644853, 0.0 ], [ 110.332168000000109, -7.644665, 0.0 ], [ 110.33229, -7.644548999999891, 0.0 ], [ 110.332474, -7.644467, 0.0 ], [ 110.332644, -7.644451, 0.0 ], [ 110.332807, -7.644493, 0.0 ], [ 110.33292, -7.644528, 0.0 ], [ 110.333132, -7.64452, 0.0 ], [ 110.333165, -7.644519, 0.0 ], [ 110.333358, -7.644636999999889, 0.0 ], [ 110.333375, -7.644647, 0.0 ], [ 110.333573000000101, -7.644748000999925, 0.0 ], [ 110.333622, -7.64476, 0.0 ], [ 110.33366, -7.644721, 0.0 ], [ 110.333823, -7.644572, 0.0 ], [ 110.333854, -7.644552, 0.0 ], [ 110.333949000000118, -7.644462, 0.0 ], [ 110.333984, -7.644415, 0.0 ], [ 110.334051, -7.644352, 0.0 ], [ 110.33413, -7.644279, 0.0 ], [ 110.334305, -7.644114, 0.0 ], [ 110.334538, -7.643903, 0.0 ], [ 110.334611, -7.643837, 0.0 ], [ 110.33485, -7.643622, 0.0 ], [ 110.33517, -7.643318, 0.0 ], [ 110.335508, -7.642997, 0.0 ], [ 110.33578, -7.642734, 0.0 ], [ 110.335903, -7.642618, 0.0 ], [ 110.335227, -7.641785, 0.0 ], [ 110.33554, -7.641214, 0.0 ], [ 110.335741, -7.640888, 0.0 ], [ 110.335792000000112, -7.640594000999947, 0.0 ], [ 110.3356, -7.64033, 0.0 ], [ 110.335476, -7.640196, 0.0 ], [ 110.335345, -7.639928, 0.0 ], [ 110.335312, -7.639858, 0.0 ], [ 110.335327, -7.639843999999886, 0.0 ], [ 110.335626, -7.639549, 0.0 ], [ 110.336045, -7.639195, 0.0 ], [ 110.336025, -7.639156, 0.0 ], [ 110.335822000000107, -7.638812, 0.0 ], [ 110.335733, -7.638705, 0.0 ], [ 110.335462, -7.63855, 0.0 ], [ 110.335254, -7.638346, 0.0 ], [ 110.335139, -7.638177999999886, 0.0 ], [ 110.33511900000012, -7.638149, 0.0 ], [ 110.33518, -7.638041, 0.0 ], [ 110.335311, -7.637864000999929, 0.0 ], [ 110.335595, -7.637812, 0.0 ], [ 110.336054, -7.637789, 0.0 ], [ 110.336828000000125, -7.63767, 0.0 ], [ 110.337304, -7.63751, 0.0 ], [ 110.337696, -7.637344999999886, 0.0 ], [ 110.338041, -7.637337000999935, 0.0 ], [ 110.338219, -7.637282, 0.0 ], [ 110.338268, -7.637195, 0.0 ], [ 110.338127, -7.637039, 0.0 ], [ 110.337741, -7.636776, 0.0 ], [ 110.337145, -7.63641, 0.0 ], [ 110.336813, -7.636148000999967, 0.0 ], [ 110.336825, -7.636134, 0.0 ], [ 110.336938, -7.636007, 0.0 ], [ 110.33812, -7.634643, 0.0 ], [ 110.338458, -7.63423, 0.0 ], [ 110.338534, -7.634155, 0.0 ], [ 110.338549, -7.634142999999895, 0.0 ], [ 110.338638, -7.63418, 0.0 ], [ 110.338724, -7.634271, 0.0 ], [ 110.338732, -7.634243, 0.0 ], [ 110.338879, -7.634271, 0.0 ], [ 110.338992000000118, -7.634189, 0.0 ], [ 110.338974, -7.634059, 0.0 ], [ 110.338924, -7.63383, 0.0 ], [ 110.338737, -7.633470999999894, 0.0 ], [ 110.338669, -7.633339, 0.0 ], [ 110.338603, -7.633213, 0.0 ], [ 110.338526000000101, -7.633135, 0.0 ], [ 110.338342, -7.633322, 0.0 ], [ 110.338247000000109, -7.633447, 0.0 ], [ 110.337827, -7.633928, 0.0 ], [ 110.337493, -7.634121, 0.0 ], [ 110.336869, -7.634374001, 0.0 ], [ 110.336555486000037, -7.634470811999929, 0.0 ], [ 110.33638, -7.634525, 0.0 ], [ 110.335989, -7.634578, 0.0 ], [ 110.335337, -7.634449, 0.0 ], [ 110.334670961775814, -7.63400464166444, 0.0 ], [ 110.334671021000176, -7.634004563999987, 0.0 ], [ 110.334876393104736, -7.63372299857701, 0.0 ], [ 110.334915964815096, -7.633669122228028, 0.0 ], [ 110.335060121000126, -7.633539176999939, 0.0 ], [ 110.335319521, -7.633362278999957, 0.0 ], [ 110.335594178000079, -7.633221117999913, 0.0 ], [ 110.335754393000101, -7.633041340999871, 0.0 ], [ 110.335945121999984, -7.6328634999999, 0.0 ], [ 110.336006176000069, -7.632855882999891, 0.0 ], [ 110.336341863000129, -7.632814873999873, 0.0 ], [ 110.336441047999983, -7.632782448999944, 0.0 ], [ 110.336441646301836, -7.632781117903022, 0.0 ], [ 110.336442, -7.632781, 0.0 ], [ 110.336506838127207, -7.632636079671997, 0.0 ], [ 110.336761478000028, -7.632069558999934, 0.0 ], [ 110.3367971060934, -7.632008473738107, 0.0 ], [ 110.336872000000113, -7.631885, 0.0 ], [ 110.337073504373393, -7.631696496631026, 0.0 ], [ 110.337150578000077, -7.631625159999935, 0.0 ], [ 110.337608348000117, -7.631248463999942, 0.0 ], [ 110.337758735071361, -7.630970683219875, 0.0 ], [ 110.337832, -7.630839, 0.0 ], [ 110.337961539505841, -7.63058370869323, 0.0 ], [ 110.338043220000031, -7.630496474999894, 0.0 ], [ 110.338325494000117, -7.630454498999974, 0.0 ], [ 110.338706977000157, -7.630402536999938, 0.0 ], [ 110.339012149, -7.630298104999913, 0.0 ], [ 110.339424123000157, -7.630051592999944, 0.0 ], [ 110.339546207000225, -7.629884220999951, 0.0 ], [ 110.339653008, -7.629629099999892, 0.0 ], [ 110.339752194000127, -7.629430270999961, 0.0 ], [ 110.339813247000023, -7.629304390999938, 0.0 ], [ 110.339912433000151, -7.629167533999894, 0.0 ], [ 110.340118420000138, -7.629062158999968, 0.0 ], [ 110.34074402100012, -7.628900033999876, 0.0 ], [ 110.34087862633713, -7.62885005456604, 0.0 ], [ 110.340998, -7.628806, 0.0 ], [ 110.341709, -7.628144, 0.0 ], [ 110.341791, -7.628001, 0.0 ], [ 110.341803625426365, -7.627987136786675, 0.0 ], [ 110.341896063999968, -7.627890554999929, 0.0 ], [ 110.342124200384774, -7.627783389947631, 0.0 ], [ 110.342133061970728, -7.62777934206267, 0.0 ], [ 110.342864993000106, -7.627613503999921, 0.0 ], [ 110.343063363, -7.627555810999944, 0.0 ], [ 110.343360919000105, -7.62741610099993, 0.0 ], [ 110.344363507181299, -7.626592054038063, 0.0 ], [ 110.344377, -7.626581, 0.0 ], [ 110.344438013993042, -7.626520929522275, 0.0 ], [ 110.34476472, -7.626200658999906, 0.0 ], [ 110.344871522000219, -7.626125314999889, 0.0 ], [ 110.345954894000059, -7.625778166999943, 0.0 ], [ 110.346275324000104, -7.625720014999928, 0.0 ], [ 110.347068781000118, -7.625696148999907, 0.0 ], [ 110.347144953000026, -7.625696631999947, 0.0 ], [ 110.347145092000218, -7.625696632999947, 0.0 ], [ 110.347412109000103, -7.625698059999888, 0.0 ], [ 110.347595222000066, -7.625661354999959, 0.0 ], [ 110.347808849000074, -7.625609367999921, 0.0 ], [ 110.347946165999971, -7.625550248999915, 0.0 ], [ 110.348086172232101, -7.625455727771381, 0.0 ], [ 110.34809942601035, -7.625447032617451, 0.0 ], [ 110.348426810000134, -7.625346631999943, 0.0 ], [ 110.348571768000042, -7.625304195999984, 0.0 ], [ 110.348573740455137, -7.625303073654656, 0.0 ], [ 110.348574, -7.625303, 0.0 ], [ 110.348865, -7.625138, 0.0 ], [ 110.348877769245902, -7.62512962018236, 0.0 ], [ 110.348930377000144, -7.625098185, 0.0 ], [ 110.348953251000168, -7.625082467999935, 0.0 ], [ 110.349037179000092, -7.625000450999988, 0.0 ], [ 110.349182136000096, -7.624861199999923, 0.0 ], [ 110.349182520610668, -7.62486045640496, 0.0 ], [ 110.349183, -7.62486, 0.0 ], [ 110.349534412795748, -7.62418213270384, 0.0 ], [ 110.350128167000122, -7.623932335999896, 0.0 ], [ 110.350280766000054, -7.623870822999958, 0.0 ], [ 110.350524908, -7.62362382699995, 0.0 ], [ 110.350624069000119, -7.623517967999895, 0.0 ], [ 110.350753769000022, -7.623479812999935, 0.0 ], [ 110.350929241000145, -7.623489822999964, 0.0 ], [ 110.351211563999968, -7.623518910999884, 0.0 ], [ 110.351264952000122, -7.623519878999964, 0.0 ], [ 110.351379395000095, -7.623526527999982, 0.0 ], [ 110.351737980000095, -7.623555639999903, 0.0 ], [ 110.351974482000031, -7.623546088999912, 0.0 ], [ 110.351977086775989, -7.623545034826364, 0.0 ], [ 110.351978, -7.623545, 0.0 ], [ 110.351997272513429, -7.623536865497595, 0.0 ], [ 110.352134721000056, -7.623481238999965, 0.0 ], [ 110.352584850000085, -7.623303397999905, 0.0 ], [ 110.35291292100014, -7.623231389999898, 0.0 ], [ 110.353050237000133, -7.623198964999879, 0.0 ], [ 110.353050926511514, -7.62319846726496, 0.0 ], [ 110.353053, -7.623198, 0.0 ], [ 110.353206, -7.623088, 0.0 ], [ 110.353336, -7.62298, 0.0 ], [ 110.353366, -7.622961, 0.0 ], [ 110.353374831105867, -7.622954611540457, 0.0 ], [ 110.353416439000057, -7.62292858799989, 0.0 ], [ 110.353675839000033, -7.622794607999907, 0.0 ], [ 110.353875191501473, -7.622734971527613, 0.0 ], [ 110.35388965267515, -7.622730694279102, 0.0 ], [ 110.354034424000119, -7.622725453999958, 0.0 ], [ 110.354263308999961, -7.622787450999937, 0.0 ], [ 110.354362494000085, -7.622825122999945, 0.0 ], [ 110.354408267000053, -7.622844176999923, 0.0 ], [ 110.354507452, -7.622836559999914, 0.0 ], [ 110.354705822000071, -7.622735947999939, 0.0 ], [ 110.355018611000105, -7.622571912999955, 0.0 ], [ 110.35511017900005, -7.622508997, 0.0 ], [ 110.355636596000167, -7.622125119999936, 0.0 ], [ 110.355636980194362, -7.622124737486537, 0.0 ], [ 110.355638, -7.622124, 0.0 ], [ 110.35565332058269, -7.622108468583601, 0.0 ], [ 110.35585786500009, -7.621904818999916, 0.0 ], [ 110.355927838461611, -7.621727451083384, 0.0 ], [ 110.355998, -7.621556, 0.0 ], [ 110.356019374294561, -7.62150081545774, 0.0 ], [ 110.356056234999983, -7.621415590999938, 0.0 ], [ 110.356292737000018, -7.621227230999896, 0.0 ], [ 110.356620782999983, -7.620968314999878, 0.0 ], [ 110.356925955, -7.620670299999912, 0.0 ], [ 110.357055630896866, -7.620582466487537, 0.0 ], [ 110.357257, -7.620447, 0.0 ], [ 110.357387, -7.620298, 0.0 ], [ 110.357517, -7.620139, 0.0 ], [ 110.357652746176498, -7.620044502661695, 0.0 ], [ 110.357696538000084, -7.620014617999928, 0.0 ], [ 110.358222955000031, -7.619832012999918, 0.0 ], [ 110.358512894000214, -7.619620295999898, 0.0 ], [ 110.358863838000033, -7.619359927999938, 0.0 ], [ 110.359153729000127, -7.618830174999893, 0.0 ], [ 110.359199525, -7.618759618999917, 0.0 ], [ 110.359367380000123, -7.618728619999928, 0.0 ], [ 110.359512338000044, -7.618733383999967, 0.0 ], [ 110.35961914, -7.618486387999958, 0.0 ], [ 110.359689238768922, -7.618271692085667, 0.0 ], [ 110.359696, -7.618252, 0.0 ], [ 110.359766, -7.618156, 0.0 ], [ 110.359973990181416, -7.618034005758958, 0.0 ], [ 110.360877984000055, -7.617742522999961, 0.0 ], [ 110.360991205398449, -7.617692978019399, 0.0 ], [ 110.361102, -7.617644999999886, 0.0 ], [ 110.361141138027875, -7.617620687279071, 0.0 ], [ 110.361236568999971, -7.61756371399991, 0.0 ], [ 110.361465454000083, -7.617301436999881, 0.0 ], [ 110.361610411000171, -7.617133121999899, 0.0 ], [ 110.361686723000091, -7.617086865999891, 0.0 ], [ 110.362091056000153, -7.617145985999898, 0.0 ], [ 110.362716682000141, -7.617133121999899, 0.0 ], [ 110.36283112400001, -7.61708638299994, 0.0 ], [ 110.362831591900843, -7.61708597569535, 0.0 ], [ 110.362834, -7.617085, 0.0 ], [ 110.362933, -7.617, 0.0 ], [ 110.3637370000001, -7.617035, 0.0 ] ] ] ] } },
{ "type": "Feature", "properties": { "NAMOBJ": "Sumberrejo", "WADMKC": "Tempel", "WADMKK": "Kabupaten Sleman", "WADMPR": "DI Yogyakarta" }, "geometry": { "type": "MultiPolygon", "coordinates": [ [ [ [ 110.306416, -7.675596, 0.0 ], [ 110.306208, -7.675875, 0.0 ], [ 110.3060100000001, -7.676253, 0.0 ], [ 110.305826, -7.676701, 0.0 ], [ 110.305766, -7.676845, 0.0 ], [ 110.305681, -7.677051, 0.0 ], [ 110.305703, -7.677508, 0.0 ], [ 110.305917, -7.677802, 0.0 ], [ 110.306272, -7.678234, 0.0 ], [ 110.306383, -7.678365999999894, 0.0 ], [ 110.306207, -7.678557, 0.0 ], [ 110.305949, -7.678823, 0.0 ], [ 110.305939, -7.678831, 0.0 ], [ 110.30580100000013, -7.678983, 0.0 ], [ 110.305534, -7.679256, 0.0 ], [ 110.305515, -7.679315, 0.0 ], [ 110.305509000000129, -7.67934, 0.0 ], [ 110.305465000000126, -7.67938, 0.0 ], [ 110.305262000000113, -7.679541, 0.0 ], [ 110.305049, -7.679732, 0.0 ], [ 110.304941, -7.679844, 0.0 ], [ 110.304779, -7.680024, 0.0 ], [ 110.304294, -7.680597, 0.0 ], [ 110.303983, -7.680965, 0.0 ], [ 110.303661, -7.68145000099998, 0.0 ], [ 110.303493, -7.681545, 0.0 ], [ 110.303, -7.68174, 0.0 ], [ 110.302639, -7.681903, 0.0 ], [ 110.302265, -7.682179, 0.0 ], [ 110.302052, -7.682415, 0.0 ], [ 110.30192, -7.682588, 0.0 ], [ 110.301881, -7.682651, 0.0 ], [ 110.301809, -7.682586, 0.0 ], [ 110.301714, -7.682501, 0.0 ], [ 110.301659, -7.682453, 0.0 ], [ 110.301419000000109, -7.682621000999969, 0.0 ], [ 110.30125700000012, -7.68277, 0.0 ], [ 110.301042, -7.68276, 0.0 ], [ 110.300752, -7.682766, 0.0 ], [ 110.300117, -7.683026, 0.0 ], [ 110.299897, -7.68314, 0.0 ], [ 110.299784, -7.683142, 0.0 ], [ 110.299698, -7.68311, 0.0 ], [ 110.299489, -7.683233, 0.0 ], [ 110.299093000000127, -7.683513, 0.0 ], [ 110.298938, -7.683602, 0.0 ], [ 110.298822, -7.683676, 0.0 ], [ 110.297967000000128, -7.683694, 0.0 ], [ 110.29783, -7.683564, 0.0 ], [ 110.297749, -7.683428, 0.0 ], [ 110.29769, -7.683050000999938, 0.0 ], [ 110.297597, -7.682778, 0.0 ], [ 110.297528, -7.682537, 0.0 ], [ 110.297379, -7.682438, 0.0 ], [ 110.297236, -7.68232, 0.0 ], [ 110.296959, -7.682273, 0.0 ], [ 110.296858, -7.682273, 0.0 ], [ 110.296260000000117, -7.682113000999948, 0.0 ], [ 110.296104, -7.682067, 0.0 ], [ 110.296082, -7.68206, 0.0 ], [ 110.296052000000131, -7.682045, 0.0 ], [ 110.29591, -7.681982, 0.0 ], [ 110.29582, -7.681957000999919, 0.0 ], [ 110.295739, -7.681951, 0.0 ], [ 110.295742, -7.681769, 0.0 ], [ 110.295749, -7.681725, 0.0 ], [ 110.295714, -7.68158, 0.0 ], [ 110.295561, -7.681447, 0.0 ], [ 110.295155, -7.681306, 0.0 ], [ 110.294999, -7.681296, 0.0 ], [ 110.294781, -7.681602, 0.0 ], [ 110.294637000000122, -7.681813, 0.0 ], [ 110.294887000000102, -7.681817, 0.0 ], [ 110.295027, -7.681816, 0.0 ], [ 110.294958, -7.681885, 0.0 ], [ 110.294745, -7.682191001, 0.0 ], [ 110.294734, -7.68233, 0.0 ], [ 110.294775, -7.682523000999943, 0.0 ], [ 110.294795, -7.682702, 0.0 ], [ 110.29476, -7.682864, 0.0 ], [ 110.294691, -7.682979, 0.0 ], [ 110.294252, -7.683574, 0.0 ], [ 110.293854, -7.684, 0.0 ], [ 110.293643000000117, -7.684153, 0.0 ], [ 110.293408, -7.684335, 0.0 ], [ 110.29335300000011, -7.684379, 0.0 ], [ 110.293286, -7.6845, 0.0 ], [ 110.293287, -7.684592, 0.0 ], [ 110.293349, -7.684732, 0.0 ], [ 110.293414, -7.684861, 0.0 ], [ 110.293953, -7.685037, 0.0 ], [ 110.294132, -7.685177, 0.0 ], [ 110.293933, -7.685332, 0.0 ], [ 110.293685, -7.685372, 0.0 ], [ 110.293636, -7.685439, 0.0 ], [ 110.293354, -7.685695, 0.0 ], [ 110.293351000000115, -7.685815, 0.0 ], [ 110.293325, -7.685909, 0.0 ], [ 110.293263000000124, -7.685939, 0.0 ], [ 110.293074, -7.685936000999984, 0.0 ], [ 110.292844, -7.685832, 0.0 ], [ 110.292765000000131, -7.686047, 0.0 ], [ 110.292172, -7.685914, 0.0 ], [ 110.29191, -7.686991, 0.0 ], [ 110.291294, -7.68703, 0.0 ], [ 110.290916, -7.687588, 0.0 ], [ 110.290598, -7.68755, 0.0 ], [ 110.290533, -7.687523, 0.0 ], [ 110.290346, -7.687446, 0.0 ], [ 110.290131, -7.687338, 0.0 ], [ 110.290098, -7.68688, 0.0 ], [ 110.2900080000001, -7.686737, 0.0 ], [ 110.289882, -7.686483, 0.0 ], [ 110.289784, -7.686297, 0.0 ], [ 110.289629, -7.68619000099995, 0.0 ], [ 110.28941, -7.686137, 0.0 ], [ 110.289321000000101, -7.686199999999889, 0.0 ], [ 110.289095, -7.686306000999956, 0.0 ], [ 110.288947, -7.686359, 0.0 ], [ 110.288831, -7.686395, 0.0 ], [ 110.288621, -7.686543, 0.0 ], [ 110.288344, -7.686726, 0.0 ], [ 110.287871, -7.686974, 0.0 ], [ 110.287705, -7.687159, 0.0 ], [ 110.287695, -7.687214, 0.0 ], [ 110.287384, -7.687117, 0.0 ], [ 110.286863, -7.68695000099995, 0.0 ], [ 110.286654, -7.686897, 0.0 ], [ 110.286314, -7.686701, 0.0 ], [ 110.286195, -7.686668, 0.0 ], [ 110.286099, -7.686669, 0.0 ], [ 110.285936, -7.686852001000013, 0.0 ], [ 110.285817, -7.686987, 0.0 ], [ 110.285785, -7.687241, 0.0 ], [ 110.285763, -7.687382, 0.0 ], [ 110.285691, -7.687465, 0.0 ], [ 110.285678000000118, -7.687474, 0.0 ], [ 110.285647, -7.687485, 0.0 ], [ 110.28551800000011, -7.687564, 0.0 ], [ 110.285323, -7.687730001, 0.0 ], [ 110.284938, -7.688222, 0.0 ], [ 110.283942657572766, -7.687729315471749, 0.0 ], [ 110.283943194000017, -7.687728861999911, 0.0 ], [ 110.284100663739665, -7.687586137336268, 0.0 ], [ 110.284128, -7.687562, 0.0 ], [ 110.284404, -7.6874, 0.0 ], [ 110.284468114488078, -7.68735607905149, 0.0 ], [ 110.284530640000128, -7.687314010999959, 0.0 ], [ 110.28465269900002, -7.687128044999938, 0.0 ], [ 110.284754466745895, -7.686891535271336, 0.0 ], [ 110.284776, -7.686843, 0.0 ], [ 110.284932203612811, -7.68644792361113, 0.0 ], [ 110.28511811000007, -7.685979797999966, 0.0 ], [ 110.285148138755019, -7.685911812930215, 0.0 ], [ 110.28522, -7.685754, 0.0 ], [ 110.285222782232552, -7.685747508124098, 0.0 ], [ 110.285232529000027, -7.685733769999949, 0.0 ], [ 110.285301025160422, -7.685571129021042, 0.0 ], [ 110.285326, -7.685515, 0.0 ], [ 110.285425, -7.685166, 0.0 ], [ 110.285494, -7.684982, 0.0 ], [ 110.285554, -7.684845, 0.0 ], [ 110.285560703885338, -7.684777961147262, 0.0 ], [ 110.285583497000118, -7.6845759969999, 0.0 ], [ 110.28559218167878, -7.684497287332494, 0.0 ], [ 110.285601, -7.684436, 0.0 ], [ 110.28573, -7.684212, 0.0 ], [ 110.285767000000106, -7.684089, 0.0 ], [ 110.285737, -7.684, 0.0 ], [ 110.28566, -7.683856, 0.0 ], [ 110.285634451310486, -7.683762976566257, 0.0 ], [ 110.285621653000078, -7.683715319999919, 0.0 ], [ 110.285696456389516, -7.683501490168478, 0.0 ], [ 110.285768000000104, -7.6833, 0.0 ], [ 110.285792793134945, -7.683242849723062, 0.0 ], [ 110.28582763999998, -7.683165521999904, 0.0 ], [ 110.286193842000074, -7.682911368999925, 0.0 ], [ 110.286293027000028, -7.682834597999967, 0.0 ], [ 110.286302359056663, -7.682766639195783, 0.0 ], [ 110.2863100000001, -7.682722, 0.0 ], [ 110.28631106143672, -7.682676004414059, 0.0 ], [ 110.286315925000139, -7.682592848999949, 0.0 ], [ 110.28632265247019, -7.68239280811547, 0.0 ], [ 110.286324, -7.682365, 0.0 ], [ 110.286318723197638, -7.682293918368057, 0.0 ], [ 110.286308284000128, -7.682136988999979, 0.0 ], [ 110.286322153535522, -7.682101111627706, 0.0 ], [ 110.286350000000127, -7.682037, 0.0 ], [ 110.28643893901689, -7.681881858256336, 0.0 ], [ 110.286483756000081, -7.681806065999954, 0.0 ], [ 110.286514295000032, -7.681682555999949, 0.0 ], [ 110.286529529000049, -7.681330184999926, 0.0 ], [ 110.286506253517715, -7.681302401945668, 0.0 ], [ 110.286449, -7.681229, 0.0 ], [ 110.286473723072888, -7.681163875808085, 0.0 ], [ 110.286491397000091, -7.681122262999864, 0.0 ], [ 110.28656768400019, -7.68078514999986, 0.0 ], [ 110.286573401009818, -7.680699309717422, 0.0 ], [ 110.286593, -7.68044, 0.0 ], [ 110.286721050889511, -7.680221211062889, 0.0 ], [ 110.286743181000233, -7.680183872999937, 0.0 ], [ 110.286819467999976, -7.68004317099993, 0.0 ], [ 110.2869186530001, -7.679940673999887, 0.0 ], [ 110.28697968200008, -7.679881070999929, 0.0 ], [ 110.286980266000128, -7.67988048199997, 0.0 ], [ 110.287223825000126, -7.679634533999959, 0.0 ], [ 110.287330627000074, -7.67959828899998, 0.0 ], [ 110.287506099000026, -7.679549662999953, 0.0 ], [ 110.287574769000031, -7.679532978999905, 0.0 ], [ 110.287712110000115, -7.679469096999949, 0.0 ], [ 110.287773140000013, -7.679440467999978, 0.0 ], [ 110.287872325000137, -7.679312677999885, 0.0 ], [ 110.288053694499027, -7.678967141135608, 0.0 ], [ 110.288079509631004, -7.678919510399098, 0.0 ], [ 110.288269041000092, -7.678803888999976, 0.0 ], [ 110.288368226000046, -7.678729994999902, 0.0 ], [ 110.28836917577604, -7.678717567236195, 0.0 ], [ 110.288377, -7.678712, 0.0 ], [ 110.28838300000011, -7.678612, 0.0 ], [ 110.2884, -7.678442, 0.0 ], [ 110.288412723304191, -7.678414662089807, 0.0 ], [ 110.288467412000074, -7.67830082999992, 0.0 ], [ 110.288493907361627, -7.678237897384001, 0.0 ], [ 110.288538, -7.678138, 0.0 ], [ 110.288551333941115, -7.678110256799943, 0.0 ], [ 110.288658141000141, -7.677897438999938, 0.0 ], [ 110.2887725840001, -7.677744840999924, 0.0 ], [ 110.288894667000164, -7.677570795999912, 0.0 ], [ 110.288895662927771, -7.677563295569147, 0.0 ], [ 110.288903, -7.677553, 0.0 ], [ 110.288918482627508, -7.677448264578814, 0.0 ], [ 110.288940439000044, -7.677428691999879, 0.0 ], [ 110.289070139000117, -7.677312338999933, 0.0 ], [ 110.28919219800018, -7.677218883999927, 0.0 ], [ 110.289314282000163, -7.677186458999909, 0.0 ], [ 110.289311666028638, -7.677171603835344, 0.0 ], [ 110.289322, -7.677169, 0.0 ], [ 110.289305, -7.67708200099997, 0.0 ], [ 110.289297, -7.676766, 0.0 ], [ 110.289317042341978, -7.676640279854798, 0.0 ], [ 110.289367671000136, -7.676540352999918, 0.0 ], [ 110.289413467000102, -7.676477412999951, 0.0 ], [ 110.289416887297492, -7.676465853197058, 0.0 ], [ 110.289422000000101, -7.676459, 0.0 ], [ 110.289538, -7.676073, 0.0 ], [ 110.289562789011214, -7.676015158973872, 0.0 ], [ 110.289611837, -7.675908996999905, 0.0 ], [ 110.289646978422041, -7.675822209680618, 0.0 ], [ 110.289684000000108, -7.67574, 0.0 ], [ 110.289713, -7.675586, 0.0 ], [ 110.289729000000108, -7.67551, 0.0 ], [ 110.28981864775848, -7.67518602542734, 0.0 ], [ 110.28982544100009, -7.675162761999978, 0.0 ], [ 110.2898292921641, -7.675147558020836, 0.0 ], [ 110.28983, -7.675145, 0.0 ], [ 110.289888000000118, -7.674934, 0.0 ], [ 110.289917874760377, -7.674794895647487, 0.0 ], [ 110.290054326000103, -7.674661129999951, 0.0 ], [ 110.290382372000067, -7.67448183799986, 0.0 ], [ 110.290512096000143, -7.674363574999933, 0.0 ], [ 110.290664670000155, -7.674186215999914, 0.0 ], [ 110.290763856000012, -7.674050301999948, 0.0 ], [ 110.290824885, -7.673985451999911, 0.0 ], [ 110.290825394710055, -7.673977028500946, 0.0 ], [ 110.290834, -7.673968, 0.0 ], [ 110.290844, -7.673861, 0.0 ], [ 110.2908410000001, -7.673842, 0.0 ], [ 110.290886, -7.673478, 0.0 ], [ 110.290899722171659, -7.673338033849443, 0.0 ], [ 110.291160596000154, -7.673121921999961, 0.0 ], [ 110.291214009000043, -7.673069935999923, 0.0 ], [ 110.291215432117937, -7.673057462932722, 0.0 ], [ 110.291221, -7.673052, 0.0 ], [ 110.291228, -7.672985, 0.0 ], [ 110.291185, -7.672848, 0.0 ], [ 110.291277, -7.672601, 0.0 ], [ 110.291303000000127, -7.672481, 0.0 ], [ 110.291322175449537, -7.672353483260832, 0.0 ], [ 110.291381841000074, -7.672269804999889, 0.0 ], [ 110.291534439000088, -7.672158215999982, 0.0 ], [ 110.291862509000055, -7.672163462999972, 0.0 ], [ 110.291969311000102, -7.672167766999884, 0.0 ], [ 110.292610170000017, -7.671672783999963, 0.0 ], [ 110.292663583000078, -7.671631315, 0.0 ], [ 110.292797260135757, -7.671495308295519, 0.0 ], [ 110.292803, -7.67149, 0.0 ], [ 110.292818765525752, -7.671450304939988, 0.0 ], [ 110.292861953000155, -7.67135046799994, 0.0 ], [ 110.293212897999965, -7.670520258, 0.0 ], [ 110.293319699, -7.670346235999983, 0.0 ], [ 110.293395860668099, -7.67030291950044, 0.0 ], [ 110.293410574548787, -7.670307648962062, 0.0 ], [ 110.293449399000082, -7.670320484999895, 0.0 ], [ 110.293563842000054, -7.67041442299994, 0.0 ], [ 110.293678285000013, -7.670462588999928, 0.0 ], [ 110.29390717000004, -7.670453980999927, 0.0 ], [ 110.293930523800711, -7.670442498303267, 0.0 ], [ 110.293963, -7.670428, 0.0 ], [ 110.293964025859168, -7.670426025867673, 0.0 ], [ 110.29396819900002, -7.670423973999931, 0.0 ], [ 110.294082642000077, -7.670200311999899, 0.0 ], [ 110.294124587018999, -7.670123965728461, 0.0 ], [ 110.294145, -7.670088, 0.0 ], [ 110.294221025044919, -7.669993847987168, 0.0 ], [ 110.294425970000148, -7.669741138999921, 0.0 ], [ 110.294456484, -7.669704893999942, 0.0 ], [ 110.294517514000091, -7.669618571999905, 0.0 ], [ 110.294518537639846, -7.669613365425533, 0.0 ], [ 110.294523, -7.669607, 0.0 ], [ 110.294567354019406, -7.669365068985147, 0.0 ], [ 110.294578544, -7.669308152999889, 0.0 ], [ 110.294677729000114, -7.669248549999931, 0.0 ], [ 110.294805855054946, -7.669174668084057, 0.0 ], [ 110.294849, -7.669151, 0.0 ], [ 110.294908466556635, -7.66908492604821, 0.0 ], [ 110.294929488000065, -7.669062584, 0.0 ], [ 110.295089727000089, -7.668686854999908, 0.0 ], [ 110.295257558000031, -7.668264822999983, 0.0 ], [ 110.295753484000031, -7.667687845999939, 0.0 ], [ 110.295959495000119, -7.667532418999958, 0.0 ], [ 110.296094553634177, -7.667427826143093, 0.0 ], [ 110.296138, -7.667395, 0.0 ], [ 110.296178038222038, -7.667365078963019, 0.0 ], [ 110.296325673000041, -7.66725727799993, 0.0 ], [ 110.296356188000161, -7.667239626999979, 0.0 ], [ 110.296578598741007, -7.667029550806294, 0.0 ], [ 110.296695, -7.666921000999906, 0.0 ], [ 110.296733, -7.666881, 0.0 ], [ 110.296848955161636, -7.666800640376394, 0.0 ], [ 110.297164722934724, -7.666584591991612, 0.0 ], [ 110.297413, -7.666814, 0.0 ], [ 110.297588, -7.666925, 0.0 ], [ 110.297833, -7.666897, 0.0 ], [ 110.298046, -7.666673, 0.0 ], [ 110.298124, -7.666627, 0.0 ], [ 110.298467000000116, -7.666738, 0.0 ], [ 110.298495, -7.666746001, 0.0 ], [ 110.2989, -7.666934, 0.0 ], [ 110.298939, -7.666953, 0.0 ], [ 110.29896, -7.666960000999936, 0.0 ], [ 110.298879, -7.667129, 0.0 ], [ 110.298797, -7.667241, 0.0 ], [ 110.298591, -7.667249, 0.0 ], [ 110.298316, -7.667302, 0.0 ], [ 110.298218000000119, -7.667375, 0.0 ], [ 110.298153, -7.667502, 0.0 ], [ 110.298114, -7.667711999999895, 0.0 ], [ 110.298055, -7.667975000999984, 0.0 ], [ 110.297938, -7.668161, 0.0 ], [ 110.297756, -7.668321, 0.0 ], [ 110.297381, -7.668709, 0.0 ], [ 110.2974320000001, -7.668815, 0.0 ], [ 110.297487, -7.668897, 0.0 ], [ 110.297535, -7.668919, 0.0 ], [ 110.297779, -7.669045, 0.0 ], [ 110.298032, -7.669167, 0.0 ], [ 110.298082, -7.669185, 0.0 ], [ 110.298291, -7.669286, 0.0 ], [ 110.298612, -7.66945, 0.0 ], [ 110.298698, -7.669439, 0.0 ], [ 110.298765, -7.669362, 0.0 ], [ 110.29899, -7.669041999999894, 0.0 ], [ 110.299224, -7.668699, 0.0 ], [ 110.299492, -7.668937, 0.0 ], [ 110.299584, -7.669019, 0.0 ], [ 110.300214, -7.669569, 0.0 ], [ 110.300429, -7.669742, 0.0 ], [ 110.30066, -7.669807, 0.0 ], [ 110.300902, -7.669834, 0.0 ], [ 110.301316, -7.669768, 0.0 ], [ 110.301531, -7.669677, 0.0 ], [ 110.301763, -7.66978, 0.0 ], [ 110.301944, -7.669853, 0.0 ], [ 110.302215, -7.669984000999943, 0.0 ], [ 110.302507, -7.670178000999918, 0.0 ], [ 110.30286, -7.670527, 0.0 ], [ 110.303209, -7.670639, 0.0 ], [ 110.303477, -7.670544, 0.0 ], [ 110.3035840000001, -7.67049100099997, 0.0 ], [ 110.303696, -7.670111, 0.0 ], [ 110.303744, -7.669999, 0.0 ], [ 110.303905, -7.669875999999888, 0.0 ], [ 110.30413500000013, -7.669999, 0.0 ], [ 110.304304, -7.670088, 0.0 ], [ 110.304532, -7.670129, 0.0 ], [ 110.304642, -7.670116, 0.0 ], [ 110.304757, -7.669872, 0.0 ], [ 110.304862, -7.669857, 0.0 ], [ 110.304915, -7.669922, 0.0 ], [ 110.304996, -7.669979, 0.0 ], [ 110.305135, -7.670129, 0.0 ], [ 110.30531, -7.670317, 0.0 ], [ 110.305122, -7.670516, 0.0 ], [ 110.30403, -7.671712, 0.0 ], [ 110.303615, -7.672133, 0.0 ], [ 110.303783, -7.672265000999936, 0.0 ], [ 110.304387000000105, -7.672814, 0.0 ], [ 110.304232, -7.672962, 0.0 ], [ 110.303478, -7.673895, 0.0 ], [ 110.303766, -7.674182, 0.0 ], [ 110.304084, -7.674537999999888, 0.0 ], [ 110.304298000000117, -7.674826, 0.0 ], [ 110.304641, -7.675246, 0.0 ], [ 110.304685, -7.675196, 0.0 ], [ 110.305362, -7.674521, 0.0 ], [ 110.305454, -7.674421, 0.0 ], [ 110.305708, -7.67412, 0.0 ], [ 110.305795, -7.674015, 0.0 ], [ 110.305933, -7.673884000999955, 0.0 ], [ 110.305963000000119, -7.673939, 0.0 ], [ 110.306245, -7.674934, 0.0 ], [ 110.306357, -7.675377, 0.0 ], [ 110.30641700000011, -7.675595, 0.0 ], [ 110.306416, -7.675596, 0.0 ] ] ] ] } },
{ "type": "Feature", "properties": { "NAMOBJ": "Margorejo", "WADMKC": "Tempel", "WADMKK": "Kabupaten Sleman", "WADMPR": "DI Yogyakarta" }, "geometry": { "type": "MultiPolygon", "coordinates": [ [ [ [ 110.345385, -7.653595, 0.0 ], [ 110.345369, -7.653652, 0.0 ], [ 110.345252, -7.653848, 0.0 ], [ 110.344995, -7.654284000999969, 0.0 ], [ 110.344925, -7.654584, 0.0 ], [ 110.344841, -7.654961, 0.0 ], [ 110.344637, -7.655254, 0.0 ], [ 110.344301, -7.655736, 0.0 ], [ 110.344174, -7.656073, 0.0 ], [ 110.344081, -7.656377, 0.0 ], [ 110.34395, -7.656493, 0.0 ], [ 110.343748, -7.65666, 0.0 ], [ 110.344331, -7.656976000999951, 0.0 ], [ 110.344543, -7.657086999999898, 0.0 ], [ 110.344620000000106, -7.657127, 0.0 ], [ 110.344587, -7.657186, 0.0 ], [ 110.344483, -7.657302, 0.0 ], [ 110.345092, -7.657717000999977, 0.0 ], [ 110.34499, -7.65783, 0.0 ], [ 110.344835, -7.658073, 0.0 ], [ 110.344515, -7.65867, 0.0 ], [ 110.344292, -7.658987, 0.0 ], [ 110.344231, -7.659067, 0.0 ], [ 110.34413, -7.659199000999941, 0.0 ], [ 110.344146, -7.659323, 0.0 ], [ 110.34414, -7.659458, 0.0 ], [ 110.344087, -7.659887, 0.0 ], [ 110.344139, -7.660149, 0.0 ], [ 110.344252, -7.660683, 0.0 ], [ 110.344225, -7.660924, 0.0 ], [ 110.344052, -7.661509, 0.0 ], [ 110.343869, -7.661997, 0.0 ], [ 110.343814, -7.662141, 0.0 ], [ 110.343734, -7.662377, 0.0 ], [ 110.343738, -7.662547, 0.0 ], [ 110.343745, -7.662862, 0.0 ], [ 110.343740000000125, -7.662875999999887, 0.0 ], [ 110.343725, -7.663047, 0.0 ], [ 110.34371, -7.663201, 0.0 ], [ 110.343686, -7.663439, 0.0 ], [ 110.343654000000114, -7.663750999999898, 0.0 ], [ 110.343663, -7.66418, 0.0 ], [ 110.343668, -7.664418, 0.0 ], [ 110.343669, -7.664647, 0.0 ], [ 110.343621, -7.664798, 0.0 ], [ 110.343472, -7.665108001, 0.0 ], [ 110.343405000000118, -7.665414, 0.0 ], [ 110.343285, -7.665876, 0.0 ], [ 110.343185, -7.665937, 0.0 ], [ 110.342943, -7.665991, 0.0 ], [ 110.342607, -7.666236, 0.0 ], [ 110.342456000000112, -7.666491, 0.0 ], [ 110.342191, -7.66692, 0.0 ], [ 110.342134, -7.667012, 0.0 ], [ 110.341898, -7.667124, 0.0 ], [ 110.341803, -7.667223, 0.0 ], [ 110.341699, -7.667454, 0.0 ], [ 110.341678, -7.667618, 0.0 ], [ 110.341641, -7.667987, 0.0 ], [ 110.341638, -7.668003, 0.0 ], [ 110.341533000000126, -7.668225, 0.0 ], [ 110.341255, -7.668724, 0.0 ], [ 110.34119, -7.668893, 0.0 ], [ 110.341189, -7.668926, 0.0 ], [ 110.34122, -7.669182, 0.0 ], [ 110.341234, -7.669329, 0.0 ], [ 110.341227, -7.669785, 0.0 ], [ 110.341197000000122, -7.669955, 0.0 ], [ 110.341091, -7.670364, 0.0 ], [ 110.340962, -7.670664999999889, 0.0 ], [ 110.340228, -7.672028, 0.0 ], [ 110.339657, -7.673522, 0.0 ], [ 110.339702, -7.673884000999955, 0.0 ], [ 110.339728, -7.674057, 0.0 ], [ 110.339677, -7.674036, 0.0 ], [ 110.339562, -7.674009, 0.0 ], [ 110.339311, -7.673906, 0.0 ], [ 110.338776, -7.673706, 0.0 ], [ 110.338085, -7.673475, 0.0 ], [ 110.338036, -7.673443, 0.0 ], [ 110.33769, -7.673283, 0.0 ], [ 110.33761800000012, -7.673238, 0.0 ], [ 110.337169, -7.673048, 0.0 ], [ 110.336708, -7.672907, 0.0 ], [ 110.33628800000011, -7.672737, 0.0 ], [ 110.335324000000114, -7.672355, 0.0 ], [ 110.335304, -7.672333, 0.0 ], [ 110.334812, -7.671476, 0.0 ], [ 110.334679, -7.671241, 0.0 ], [ 110.3346540000001, -7.671322, 0.0 ], [ 110.334552000000102, -7.671519, 0.0 ], [ 110.334321, -7.671757, 0.0 ], [ 110.334233, -7.671754, 0.0 ], [ 110.334448000000108, -7.672496, 0.0 ], [ 110.333846, -7.672742, 0.0 ], [ 110.33383400000011, -7.672821, 0.0 ], [ 110.333764, -7.67309, 0.0 ], [ 110.333763, -7.673113, 0.0 ], [ 110.333671, -7.673372, 0.0 ], [ 110.333536, -7.67362, 0.0 ], [ 110.331793, -7.672429, 0.0 ], [ 110.331264, -7.672513, 0.0 ], [ 110.33098, -7.672722, 0.0 ], [ 110.330644, -7.673129, 0.0 ], [ 110.330371, -7.673589, 0.0 ], [ 110.330171, -7.673944, 0.0 ], [ 110.330024, -7.674142, 0.0 ], [ 110.329933, -7.674192, 0.0 ], [ 110.329805, -7.674153, 0.0 ], [ 110.329669000000109, -7.674112, 0.0 ], [ 110.329592, -7.674089, 0.0 ], [ 110.329428, -7.674047, 0.0 ], [ 110.329121, -7.673881, 0.0 ], [ 110.328837000000107, -7.673649000999962, 0.0 ], [ 110.328781, -7.673592, 0.0 ], [ 110.32861, -7.673418, 0.0 ], [ 110.32846, -7.673264, 0.0 ], [ 110.328315, -7.673116, 0.0 ], [ 110.328216, -7.673016, 0.0 ], [ 110.328184, -7.672971, 0.0 ], [ 110.328155, -7.672917, 0.0 ], [ 110.328074, -7.672764, 0.0 ], [ 110.327945, -7.67252, 0.0 ], [ 110.32792, -7.672199, 0.0 ], [ 110.327846, -7.672118, 0.0 ], [ 110.327737, -7.672047, 0.0 ], [ 110.327664000000127, -7.672055, 0.0 ], [ 110.327616, -7.672065, 0.0 ], [ 110.327567, -7.672057, 0.0 ], [ 110.3274, -7.672407, 0.0 ], [ 110.327197, -7.672302, 0.0 ], [ 110.327028, -7.672171, 0.0 ], [ 110.326485, -7.67132900099994, 0.0 ], [ 110.326355, -7.670644, 0.0 ], [ 110.326342, -7.670227, 0.0 ], [ 110.326333, -7.670079999999892, 0.0 ], [ 110.326252, -7.670066, 0.0 ], [ 110.325591000000117, -7.669879, 0.0 ], [ 110.325468, -7.669839, 0.0 ], [ 110.325038, -7.66972, 0.0 ], [ 110.324792, -7.669664, 0.0 ], [ 110.324548, -7.66896, 0.0 ], [ 110.324564, -7.668916, 0.0 ], [ 110.324468, -7.668436, 0.0 ], [ 110.324428, -7.668191, 0.0 ], [ 110.324435, -7.667937, 0.0 ], [ 110.324504, -7.667691, 0.0 ], [ 110.32457, -7.667553, 0.0 ], [ 110.324512, -7.667405, 0.0 ], [ 110.324245000000118, -7.667032, 0.0 ], [ 110.323533, -7.666337000999903, 0.0 ], [ 110.322541, -7.665125999999891, 0.0 ], [ 110.32205, -7.664608, 0.0 ], [ 110.321725, -7.66422, 0.0 ], [ 110.321699, -7.663981, 0.0 ], [ 110.321939, -7.663705, 0.0 ], [ 110.322541, -7.663234, 0.0 ], [ 110.323164000000119, -7.662756, 0.0 ], [ 110.323370000000111, -7.662591, 0.0 ], [ 110.323276, -7.662292, 0.0 ], [ 110.323215, -7.662159, 0.0 ], [ 110.322411, -7.661489, 0.0 ], [ 110.32189, -7.661025, 0.0 ], [ 110.321649, -7.66083, 0.0 ], [ 110.321503, -7.660875, 0.0 ], [ 110.321362, -7.660993000999962, 0.0 ], [ 110.32114, -7.661198, 0.0 ], [ 110.321044000000128, -7.661209999999887, 0.0 ], [ 110.320806, -7.66112, 0.0 ], [ 110.320673, -7.660922, 0.0 ], [ 110.32050300000013, -7.660754, 0.0 ], [ 110.319864, -7.660175, 0.0 ], [ 110.319348, -7.659661, 0.0 ], [ 110.319672000000111, -7.659305, 0.0 ], [ 110.320326, -7.658625, 0.0 ], [ 110.320507000000106, -7.658407, 0.0 ], [ 110.320675, -7.658224000999915, 0.0 ], [ 110.321651, -7.657213, 0.0 ], [ 110.321716, -7.65715, 0.0 ], [ 110.32187, -7.657002, 0.0 ], [ 110.321982, -7.656864, 0.0 ], [ 110.32216, -7.656675, 0.0 ], [ 110.320914000000116, -7.65553, 0.0 ], [ 110.321285, -7.655123000999932, 0.0 ], [ 110.321362, -7.655042, 0.0 ], [ 110.321455000000114, -7.654943, 0.0 ], [ 110.321752, -7.654631, 0.0 ], [ 110.322088, -7.6543, 0.0 ], [ 110.322595, -7.653756999999885, 0.0 ], [ 110.323812, -7.652424999999898, 0.0 ], [ 110.324467, -7.651727, 0.0 ], [ 110.324607, -7.651594000999975, 0.0 ], [ 110.324766, -7.651518, 0.0 ], [ 110.324920000000105, -7.651469, 0.0 ], [ 110.325169000000102, -7.651389, 0.0 ], [ 110.325251, -7.651762, 0.0 ], [ 110.32532900000011, -7.652159001, 0.0 ], [ 110.325484, -7.653157, 0.0 ], [ 110.325543, -7.653537, 0.0 ], [ 110.325621000000112, -7.653918, 0.0 ], [ 110.325661, -7.654094, 0.0 ], [ 110.325571, -7.654758, 0.0 ], [ 110.325513, -7.654873, 0.0 ], [ 110.325389000000101, -7.655259000999905, 0.0 ], [ 110.3253, -7.655352, 0.0 ], [ 110.325197, -7.655378999999886, 0.0 ], [ 110.325026, -7.655438, 0.0 ], [ 110.324947, -7.655522, 0.0 ], [ 110.324893, -7.655656, 0.0 ], [ 110.324801, -7.655849, 0.0 ], [ 110.324652, -7.656005999999895, 0.0 ], [ 110.324292, -7.656365, 0.0 ], [ 110.324057, -7.656642, 0.0 ], [ 110.323620000000105, -7.657047, 0.0 ], [ 110.323589000000112, -7.657099, 0.0 ], [ 110.323513, -7.657264, 0.0 ], [ 110.323384, -7.657545, 0.0 ], [ 110.323225, -7.657714, 0.0 ], [ 110.322974, -7.657974, 0.0 ], [ 110.322728, -7.65821, 0.0 ], [ 110.322598, -7.658321000999948, 0.0 ], [ 110.322757000000109, -7.658380000999944, 0.0 ], [ 110.323237, -7.658945000999974, 0.0 ], [ 110.323651, -7.658445, 0.0 ], [ 110.324778, -7.65704, 0.0 ], [ 110.324908, -7.656889, 0.0 ], [ 110.325139, -7.656614, 0.0 ], [ 110.325464, -7.656221, 0.0 ], [ 110.325624, -7.656033, 0.0 ], [ 110.325947, -7.655668, 0.0 ], [ 110.325805, -7.654877, 0.0 ], [ 110.325782000000103, -7.654844, 0.0 ], [ 110.32575100000011, -7.654636000999961, 0.0 ], [ 110.326097, -7.654406, 0.0 ], [ 110.326256, -7.654329, 0.0 ], [ 110.326418, -7.65428, 0.0 ], [ 110.326568, -7.65418, 0.0 ], [ 110.326693, -7.653994, 0.0 ], [ 110.326806, -7.653827, 0.0 ], [ 110.327072, -7.653698, 0.0 ], [ 110.327328000000122, -7.653573, 0.0 ], [ 110.327512, -7.653478, 0.0 ], [ 110.327593, -7.653491, 0.0 ], [ 110.327802, -7.653544000999936, 0.0 ], [ 110.327929, -7.653805, 0.0 ], [ 110.328118000000117, -7.654139, 0.0 ], [ 110.328345, -7.654679, 0.0 ], [ 110.328727, -7.655625, 0.0 ], [ 110.329008, -7.655444, 0.0 ], [ 110.329488, -7.655136, 0.0 ], [ 110.330151, -7.656602, 0.0 ], [ 110.330178, -7.656699, 0.0 ], [ 110.330413000000121, -7.656531, 0.0 ], [ 110.330562, -7.656431, 0.0 ], [ 110.330768, -7.656284, 0.0 ], [ 110.33126, -7.655937, 0.0 ], [ 110.331876000000108, -7.655464999999896, 0.0 ], [ 110.332049, -7.655313, 0.0 ], [ 110.332111, -7.655344, 0.0 ], [ 110.332117, -7.655347, 0.0 ], [ 110.332182, -7.655381, 0.0 ], [ 110.332263, -7.655429, 0.0 ], [ 110.331928, -7.656068, 0.0 ], [ 110.332795, -7.656693, 0.0 ], [ 110.332986, -7.656503999999888, 0.0 ], [ 110.333155, -7.656337, 0.0 ], [ 110.333547, -7.656187, 0.0 ], [ 110.333781, -7.6558, 0.0 ], [ 110.334159, -7.655196, 0.0 ], [ 110.334389, -7.654798, 0.0 ], [ 110.334887, -7.653996, 0.0 ], [ 110.335059, -7.653714, 0.0 ], [ 110.335976, -7.65216, 0.0 ], [ 110.336093, -7.652012, 0.0 ], [ 110.335796, -7.651976, 0.0 ], [ 110.335381, -7.651828000999974, 0.0 ], [ 110.335215, -7.651752999999896, 0.0 ], [ 110.3349, -7.651475, 0.0 ], [ 110.334699, -7.651401, 0.0 ], [ 110.334195, -7.650965999999883, 0.0 ], [ 110.334101, -7.650886, 0.0 ], [ 110.334069, -7.650861, 0.0 ], [ 110.33399300000012, -7.650795, 0.0 ], [ 110.333891, -7.650708, 0.0 ], [ 110.333879, -7.650697001, 0.0 ], [ 110.333875, -7.650619000999949, 0.0 ], [ 110.334094, -7.650155, 0.0 ], [ 110.334252, -7.649845, 0.0 ], [ 110.334272, -7.649803, 0.0 ], [ 110.333905, -7.649627, 0.0 ], [ 110.333623, -7.649488, 0.0 ], [ 110.333700000000121, -7.649354, 0.0 ], [ 110.333927, -7.649168, 0.0 ], [ 110.33409, -7.649075, 0.0 ], [ 110.334101, -7.64903, 0.0 ], [ 110.334096, -7.649016, 0.0 ], [ 110.334091, -7.648989, 0.0 ], [ 110.334091, -7.648961999999894, 0.0 ], [ 110.334095, -7.648936, 0.0 ], [ 110.334098, -7.64888300099993, 0.0 ], [ 110.334095, -7.648784, 0.0 ], [ 110.334092, -7.648639, 0.0 ], [ 110.334088, -7.648471, 0.0 ], [ 110.334132, -7.64842199999989, 0.0 ], [ 110.334306, -7.648245, 0.0 ], [ 110.334446, -7.64812, 0.0 ], [ 110.334508, -7.648056, 0.0 ], [ 110.334938, -7.647628, 0.0 ], [ 110.335062, -7.647487, 0.0 ], [ 110.335167, -7.647384999999886, 0.0 ], [ 110.335484, -7.647071, 0.0 ], [ 110.336174, -7.646393, 0.0 ], [ 110.33635, -7.646193, 0.0 ], [ 110.336437, -7.646094000999916, 0.0 ], [ 110.336648, -7.645853, 0.0 ], [ 110.336946000000111, -7.645559, 0.0 ], [ 110.337047, -7.645468999999895, 0.0 ], [ 110.337215, -7.645365, 0.0 ], [ 110.337463, -7.645474, 0.0 ], [ 110.337733, -7.645691, 0.0 ], [ 110.338471, -7.645694, 0.0 ], [ 110.338747, -7.645433, 0.0 ], [ 110.338956, -7.645384, 0.0 ], [ 110.339114, -7.645421, 0.0 ], [ 110.339294, -7.645462, 0.0 ], [ 110.339389, -7.645431000999949, 0.0 ], [ 110.339479, -7.645302, 0.0 ], [ 110.339592, -7.645242, 0.0 ], [ 110.339956000000114, -7.645231, 0.0 ], [ 110.340229, -7.645141, 0.0 ], [ 110.340488, -7.644874, 0.0 ], [ 110.340628, -7.644814, 0.0 ], [ 110.340693, -7.644724, 0.0 ], [ 110.340802, -7.644874, 0.0 ], [ 110.340897, -7.644973, 0.0 ], [ 110.34117, -7.645138000999953, 0.0 ], [ 110.34135, -7.645219999999899, 0.0 ], [ 110.342143, -7.645621, 0.0 ], [ 110.342443000000102, -7.645773, 0.0 ], [ 110.343123, -7.646194, 0.0 ], [ 110.343372, -7.646434, 0.0 ], [ 110.343522, -7.646579, 0.0 ], [ 110.343734, -7.646784, 0.0 ], [ 110.343492000000126, -7.647344, 0.0 ], [ 110.343431, -7.647642, 0.0 ], [ 110.343373, -7.647946000999941, 0.0 ], [ 110.34324500000011, -7.648164, 0.0 ], [ 110.343053, -7.648387, 0.0 ], [ 110.342709, -7.648686, 0.0 ], [ 110.342439, -7.648998, 0.0 ], [ 110.342265, -7.649067, 0.0 ], [ 110.342088, -7.649118, 0.0 ], [ 110.342084, -7.649154, 0.0 ], [ 110.341902000000104, -7.649289, 0.0 ], [ 110.341759, -7.649465, 0.0 ], [ 110.341449, -7.649953, 0.0 ], [ 110.341416, -7.650121, 0.0 ], [ 110.341432, -7.650338, 0.0 ], [ 110.341514, -7.650559, 0.0 ], [ 110.341669, -7.651022, 0.0 ], [ 110.341669, -7.651044, 0.0 ], [ 110.341828000000106, -7.651405, 0.0 ], [ 110.341686, -7.651774, 0.0 ], [ 110.341656, -7.651826, 0.0 ], [ 110.341636, -7.651857, 0.0 ], [ 110.341585, -7.651986, 0.0 ], [ 110.341218, -7.652964, 0.0 ], [ 110.341264, -7.653013, 0.0 ], [ 110.341387, -7.653103, 0.0 ], [ 110.341815, -7.653397, 0.0 ], [ 110.342339, -7.65362, 0.0 ], [ 110.342514, -7.653702, 0.0 ], [ 110.34257, -7.653716, 0.0 ], [ 110.342675, -7.653734, 0.0 ], [ 110.342848, -7.65377, 0.0 ], [ 110.342993, -7.65381, 0.0 ], [ 110.343099, -7.653672, 0.0 ], [ 110.34323, -7.653845, 0.0 ], [ 110.343272, -7.653921, 0.0 ], [ 110.342849, -7.654301, 0.0 ], [ 110.342767, -7.654463, 0.0 ], [ 110.342727, -7.654552, 0.0 ], [ 110.343297, -7.654998, 0.0 ], [ 110.343603, -7.655106, 0.0 ], [ 110.343678, -7.655105, 0.0 ], [ 110.343872, -7.654732, 0.0 ], [ 110.344147, -7.654203, 0.0 ], [ 110.344298, -7.653979, 0.0 ], [ 110.344502, -7.653708, 0.0 ], [ 110.344655, -7.653471, 0.0 ], [ 110.344713, -7.653486, 0.0 ], [ 110.344861, -7.653486, 0.0 ], [ 110.345385, -7.653595, 0.0 ] ] ] ] } },
{ "type": "Feature", "properties": { "NAMOBJ": "Tambakrejo", "WADMKC": "Tempel", "WADMKK": "Kabupaten Sleman", "WADMPR": "DI Yogyakarta" }, "geometry": { "type": "MultiPolygon", "coordinates": [ [ [ [ 110.316122000000107, -7.679382, 0.0 ], [ 110.315943, -7.679673, 0.0 ], [ 110.315757000000104, -7.680214, 0.0 ], [ 110.315418000000122, -7.680598, 0.0 ], [ 110.315135, -7.680949, 0.0 ], [ 110.314845, -7.681545, 0.0 ], [ 110.314787, -7.681775, 0.0 ], [ 110.314726, -7.682057, 0.0 ], [ 110.314699, -7.68218, 0.0 ], [ 110.314603, -7.682274, 0.0 ], [ 110.314369, -7.682397, 0.0 ], [ 110.313825, -7.682732, 0.0 ], [ 110.313778, -7.682921, 0.0 ], [ 110.313698, -7.683363, 0.0 ], [ 110.313558, -7.683486, 0.0 ], [ 110.313214000000102, -7.683733, 0.0 ], [ 110.313016, -7.684063001, 0.0 ], [ 110.31282, -7.684407, 0.0 ], [ 110.312539, -7.68478, 0.0 ], [ 110.312525, -7.684957, 0.0 ], [ 110.312435, -7.685836, 0.0 ], [ 110.31234, -7.685949, 0.0 ], [ 110.312127, -7.686099, 0.0 ], [ 110.311929, -7.686259, 0.0 ], [ 110.311786, -7.686477, 0.0 ], [ 110.311701, -7.686548, 0.0 ], [ 110.311291, -7.686762, 0.0 ], [ 110.311223, -7.686956, 0.0 ], [ 110.311124000000106, -7.687385, 0.0 ], [ 110.311048000000127, -7.688104, 0.0 ], [ 110.310992, -7.688159000999974, 0.0 ], [ 110.310966, -7.688161, 0.0 ], [ 110.310928, -7.688198000999915, 0.0 ], [ 110.310869, -7.688244999999895, 0.0 ], [ 110.31082, -7.688286, 0.0 ], [ 110.310552000000115, -7.688513, 0.0 ], [ 110.310399, -7.688707, 0.0 ], [ 110.310373, -7.688836, 0.0 ], [ 110.31041, -7.689029, 0.0 ], [ 110.310426, -7.689214, 0.0 ], [ 110.310366, -7.689317, 0.0 ], [ 110.310204, -7.689541, 0.0 ], [ 110.31006, -7.68986, 0.0 ], [ 110.309961, -7.689975, 0.0 ], [ 110.309832, -7.690041, 0.0 ], [ 110.309717, -7.69004, 0.0 ], [ 110.309484, -7.690042, 0.0 ], [ 110.309368, -7.690107, 0.0 ], [ 110.309275, -7.690225, 0.0 ], [ 110.309023, -7.69055, 0.0 ], [ 110.308793, -7.690752000999936, 0.0 ], [ 110.308766, -7.690875, 0.0 ], [ 110.308739, -7.691096, 0.0 ], [ 110.308724, -7.691215, 0.0 ], [ 110.308616, -7.691442, 0.0 ], [ 110.308271, -7.692225, 0.0 ], [ 110.308211, -7.69238, 0.0 ], [ 110.308170000000118, -7.692486, 0.0 ], [ 110.308057, -7.69261, 0.0 ], [ 110.307817, -7.692809, 0.0 ], [ 110.307598, -7.693109, 0.0 ], [ 110.307472, -7.693155999999892, 0.0 ], [ 110.307274, -7.693242999999896, 0.0 ], [ 110.307278, -7.693309, 0.0 ], [ 110.307328, -7.693373, 0.0 ], [ 110.307442, -7.693416, 0.0 ], [ 110.307729, -7.693486, 0.0 ], [ 110.307703, -7.693563, 0.0 ], [ 110.30761, -7.693745, 0.0 ], [ 110.307473, -7.693866, 0.0 ], [ 110.307015, -7.694167, 0.0 ], [ 110.306655, -7.694512, 0.0 ], [ 110.306525, -7.694662, 0.0 ], [ 110.3064, -7.694806, 0.0 ], [ 110.306216, -7.695165, 0.0 ], [ 110.306085, -7.695515, 0.0 ], [ 110.3060100000001, -7.695719, 0.0 ], [ 110.305804000000109, -7.696052, 0.0 ], [ 110.3055430000001, -7.696322, 0.0 ], [ 110.305202, -7.696279, 0.0 ], [ 110.304251, -7.69481, 0.0 ], [ 110.304306, -7.69472, 0.0 ], [ 110.304084, -7.694517000999969, 0.0 ], [ 110.30385, -7.69431, 0.0 ], [ 110.303336000000101, -7.695211, 0.0 ], [ 110.302952, -7.69522, 0.0 ], [ 110.302368, -7.694528, 0.0 ], [ 110.302142, -7.694403, 0.0 ], [ 110.301974000000115, -7.694358, 0.0 ], [ 110.301908, -7.694407, 0.0 ], [ 110.301764, -7.69457, 0.0 ], [ 110.301508, -7.694886, 0.0 ], [ 110.301364, -7.694945000999944, 0.0 ], [ 110.301185000000117, -7.694971, 0.0 ], [ 110.301178, -7.694971, 0.0 ], [ 110.3010850000001, -7.694945000999944, 0.0 ], [ 110.300706, -7.695432, 0.0 ], [ 110.3006460000001, -7.695387, 0.0 ], [ 110.300505, -7.695414000999936, 0.0 ], [ 110.300113, -7.695562, 0.0 ], [ 110.299685, -7.695477, 0.0 ], [ 110.299634000000125, -7.695526, 0.0 ], [ 110.2994, -7.695787, 0.0 ], [ 110.299169000000106, -7.695984, 0.0 ], [ 110.299012, -7.696145, 0.0 ], [ 110.298838, -7.696134, 0.0 ], [ 110.298716000000113, -7.696085, 0.0 ], [ 110.298702, -7.695953, 0.0 ], [ 110.298796, -7.695808, 0.0 ], [ 110.298814, -7.695807, 0.0 ], [ 110.299003, -7.695755, 0.0 ], [ 110.29913700000013, -7.69567, 0.0 ], [ 110.299274, -7.695518, 0.0 ], [ 110.299548000000115, -7.694822999999886, 0.0 ], [ 110.299593000000101, -7.694746, 0.0 ], [ 110.299764, -7.694656, 0.0 ], [ 110.299787, -7.694597, 0.0 ], [ 110.299794, -7.694586, 0.0 ], [ 110.300035, -7.694364, 0.0 ], [ 110.300087, -7.694104, 0.0 ], [ 110.300009, -7.693886, 0.0 ], [ 110.299606, -7.693471, 0.0 ], [ 110.299283, -7.693278, 0.0 ], [ 110.299123, -7.693313, 0.0 ], [ 110.298698, -7.693822, 0.0 ], [ 110.298609, -7.693862, 0.0 ], [ 110.298571, -7.693879, 0.0 ], [ 110.298502, -7.693903, 0.0 ], [ 110.298408, -7.694025, 0.0 ], [ 110.298263000000105, -7.694236, 0.0 ], [ 110.297931, -7.694483, 0.0 ], [ 110.297736, -7.694717, 0.0 ], [ 110.297713, -7.694817, 0.0 ], [ 110.297756, -7.694895, 0.0 ], [ 110.297858, -7.695055, 0.0 ], [ 110.297847, -7.695164, 0.0 ], [ 110.297852, -7.695278, 0.0 ], [ 110.297918, -7.695367, 0.0 ], [ 110.298135, -7.695634, 0.0 ], [ 110.298071, -7.695685, 0.0 ], [ 110.297832, -7.695576, 0.0 ], [ 110.297547000000108, -7.695394000999968, 0.0 ], [ 110.297306, -7.69517, 0.0 ], [ 110.297072, -7.695019, 0.0 ], [ 110.296905, -7.694764, 0.0 ], [ 110.297122, -7.694544, 0.0 ], [ 110.29805, -7.693645, 0.0 ], [ 110.298228, -7.693482, 0.0 ], [ 110.298553000000126, -7.693171000999978, 0.0 ], [ 110.298642000000115, -7.693115, 0.0 ], [ 110.298648, -7.692829, 0.0 ], [ 110.298649, -7.692767, 0.0 ], [ 110.298387, -7.69237, 0.0 ], [ 110.297993, -7.692038, 0.0 ], [ 110.297639, -7.691979, 0.0 ], [ 110.297542, -7.691989, 0.0 ], [ 110.297237, -7.691939, 0.0 ], [ 110.296947, -7.6919, 0.0 ], [ 110.296785, -7.691936, 0.0 ], [ 110.29669, -7.692019, 0.0 ], [ 110.296668, -7.69206000099998, 0.0 ], [ 110.296615, -7.692156, 0.0 ], [ 110.296418, -7.692609, 0.0 ], [ 110.296335, -7.692642, 0.0 ], [ 110.296108, -7.692739, 0.0 ], [ 110.295902, -7.69289800099995, 0.0 ], [ 110.295788, -7.693154999999898, 0.0 ], [ 110.2957940000001, -7.693358, 0.0 ], [ 110.295877, -7.693922, 0.0 ], [ 110.295793, -7.694036, 0.0 ], [ 110.295687, -7.694203, 0.0 ], [ 110.295714, -7.694304, 0.0 ], [ 110.295197, -7.694177, 0.0 ], [ 110.295214, -7.693855, 0.0 ], [ 110.294059, -7.693581000999885, 0.0 ], [ 110.29365, -7.693279, 0.0 ], [ 110.293561, -7.693233, 0.0 ], [ 110.293424000000115, -7.693395, 0.0 ], [ 110.293372, -7.693455, 0.0 ], [ 110.292971000000122, -7.693934, 0.0 ], [ 110.292941, -7.693981, 0.0 ], [ 110.292392, -7.693632, 0.0 ], [ 110.292024, -7.693302, 0.0 ], [ 110.291661, -7.693065, 0.0 ], [ 110.291209, -7.692706, 0.0 ], [ 110.291755, -7.692078, 0.0 ], [ 110.291458, -7.691815, 0.0 ], [ 110.291408, -7.691776, 0.0 ], [ 110.291, -7.691448, 0.0 ], [ 110.290797, -7.691274, 0.0 ], [ 110.290777, -7.691252, 0.0 ], [ 110.290675, -7.691164, 0.0 ], [ 110.290557, -7.691075, 0.0 ], [ 110.290436, -7.691027, 0.0 ], [ 110.290262, -7.690944, 0.0 ], [ 110.290018000000117, -7.691035999999897, 0.0 ], [ 110.289856, -7.691212, 0.0 ], [ 110.289731, -7.691367, 0.0 ], [ 110.289625, -7.691733, 0.0 ], [ 110.289621, -7.691991, 0.0 ], [ 110.289628, -7.692294000999979, 0.0 ], [ 110.2895240000001, -7.692482, 0.0 ], [ 110.289414, -7.692425, 0.0 ], [ 110.289291, -7.692354, 0.0 ], [ 110.289074, -7.692233, 0.0 ], [ 110.288986, -7.692178, 0.0 ], [ 110.288913, -7.692045, 0.0 ], [ 110.288908, -7.691838, 0.0 ], [ 110.288955, -7.691649001, 0.0 ], [ 110.289148, -7.691422, 0.0 ], [ 110.289251, -7.691168, 0.0 ], [ 110.289474, -7.690863, 0.0 ], [ 110.289702, -7.690479001, 0.0 ], [ 110.289709, -7.690363001, 0.0 ], [ 110.289316, -7.690032, 0.0 ], [ 110.28930200000012, -7.690015, 0.0 ], [ 110.28921, -7.689931, 0.0 ], [ 110.289121, -7.689775, 0.0 ], [ 110.289118, -7.689638, 0.0 ], [ 110.28915, -7.689516, 0.0 ], [ 110.289254, -7.689306, 0.0 ], [ 110.289592, -7.688974, 0.0 ], [ 110.29009400000011, -7.68859, 0.0 ], [ 110.290143, -7.688346, 0.0 ], [ 110.290298000000107, -7.688132, 0.0 ], [ 110.290607, -7.688046, 0.0 ], [ 110.290916, -7.687588, 0.0 ], [ 110.291294, -7.68703, 0.0 ], [ 110.29191, -7.686991, 0.0 ], [ 110.292172, -7.685914, 0.0 ], [ 110.292765000000131, -7.686047, 0.0 ], [ 110.292844, -7.685832, 0.0 ], [ 110.293074, -7.685936000999984, 0.0 ], [ 110.293263000000124, -7.685939, 0.0 ], [ 110.293325, -7.685909, 0.0 ], [ 110.293351000000115, -7.685815, 0.0 ], [ 110.293354, -7.685695, 0.0 ], [ 110.293636, -7.685439, 0.0 ], [ 110.293685, -7.685372, 0.0 ], [ 110.293933, -7.685332, 0.0 ], [ 110.294132, -7.685177, 0.0 ], [ 110.293953, -7.685037, 0.0 ], [ 110.293414, -7.684861, 0.0 ], [ 110.293349, -7.684732, 0.0 ], [ 110.293287, -7.684592, 0.0 ], [ 110.293286, -7.6845, 0.0 ], [ 110.29335300000011, -7.684379, 0.0 ], [ 110.293408, -7.684335, 0.0 ], [ 110.293643000000117, -7.684153, 0.0 ], [ 110.293854, -7.684, 0.0 ], [ 110.294252, -7.683574, 0.0 ], [ 110.294691, -7.682979, 0.0 ], [ 110.29476, -7.682864, 0.0 ], [ 110.294795, -7.682702, 0.0 ], [ 110.294775, -7.682523000999943, 0.0 ], [ 110.294734, -7.68233, 0.0 ], [ 110.294745, -7.682191001, 0.0 ], [ 110.294958, -7.681885, 0.0 ], [ 110.295027, -7.681816, 0.0 ], [ 110.294887000000102, -7.681817, 0.0 ], [ 110.294637000000122, -7.681813, 0.0 ], [ 110.294781, -7.681602, 0.0 ], [ 110.294999, -7.681296, 0.0 ], [ 110.295155, -7.681306, 0.0 ], [ 110.295561, -7.681447, 0.0 ], [ 110.295714, -7.68158, 0.0 ], [ 110.295749, -7.681725, 0.0 ], [ 110.295742, -7.681769, 0.0 ], [ 110.295739, -7.681951, 0.0 ], [ 110.29582, -7.681957000999919, 0.0 ], [ 110.29591, -7.681982, 0.0 ], [ 110.296052000000131, -7.682045, 0.0 ], [ 110.296082, -7.68206, 0.0 ], [ 110.296104, -7.682067, 0.0 ], [ 110.296260000000117, -7.682113000999948, 0.0 ], [ 110.296858, -7.682273, 0.0 ], [ 110.296959, -7.682273, 0.0 ], [ 110.297236, -7.68232, 0.0 ], [ 110.297379, -7.682438, 0.0 ], [ 110.297528, -7.682537, 0.0 ], [ 110.297597, -7.682778, 0.0 ], [ 110.29769, -7.683050000999938, 0.0 ], [ 110.297749, -7.683428, 0.0 ], [ 110.29783, -7.683564, 0.0 ], [ 110.297967000000128, -7.683694, 0.0 ], [ 110.298822, -7.683676, 0.0 ], [ 110.298938, -7.683602, 0.0 ], [ 110.299093000000127, -7.683513, 0.0 ], [ 110.299489, -7.683233, 0.0 ], [ 110.299698, -7.68311, 0.0 ], [ 110.299784, -7.683142, 0.0 ], [ 110.299897, -7.68314, 0.0 ], [ 110.300117, -7.683026, 0.0 ], [ 110.300752, -7.682766, 0.0 ], [ 110.301042, -7.68276, 0.0 ], [ 110.30125700000012, -7.68277, 0.0 ], [ 110.301419000000109, -7.682621000999969, 0.0 ], [ 110.301659, -7.682453, 0.0 ], [ 110.301714, -7.682501, 0.0 ], [ 110.301809, -7.682586, 0.0 ], [ 110.301881, -7.682651, 0.0 ], [ 110.30192, -7.682588, 0.0 ], [ 110.302052, -7.682415, 0.0 ], [ 110.302265, -7.682179, 0.0 ], [ 110.302639, -7.681903, 0.0 ], [ 110.303, -7.68174, 0.0 ], [ 110.303493, -7.681545, 0.0 ], [ 110.303661, -7.68145000099998, 0.0 ], [ 110.303983, -7.680965, 0.0 ], [ 110.304294, -7.680597, 0.0 ], [ 110.304779, -7.680024, 0.0 ], [ 110.304941, -7.679844, 0.0 ], [ 110.305049, -7.679732, 0.0 ], [ 110.305262000000113, -7.679541, 0.0 ], [ 110.305465000000126, -7.67938, 0.0 ], [ 110.305509000000129, -7.67934, 0.0 ], [ 110.305515, -7.679315, 0.0 ], [ 110.305534, -7.679256, 0.0 ], [ 110.30580100000013, -7.678983, 0.0 ], [ 110.305939, -7.678831, 0.0 ], [ 110.305949, -7.678823, 0.0 ], [ 110.306207, -7.678557, 0.0 ], [ 110.306383, -7.678365999999894, 0.0 ], [ 110.306544, -7.67855, 0.0 ], [ 110.306959000000106, -7.67866200099996, 0.0 ], [ 110.307175000000129, -7.678466000999908, 0.0 ], [ 110.307578, -7.678068, 0.0 ], [ 110.308122, -7.677642, 0.0 ], [ 110.30834, -7.677822, 0.0 ], [ 110.308300000000131, -7.678466000999908, 0.0 ], [ 110.308363, -7.678859, 0.0 ], [ 110.308728000000102, -7.678933, 0.0 ], [ 110.308919, -7.678972, 0.0 ], [ 110.309093000000104, -7.678937, 0.0 ], [ 110.309287, -7.678851, 0.0 ], [ 110.309553, -7.678643, 0.0 ], [ 110.309789, -7.678389000999932, 0.0 ], [ 110.309855, -7.678365999999894, 0.0 ], [ 110.30993, -7.678413, 0.0 ], [ 110.309946, -7.678389000999932, 0.0 ], [ 110.310025, -7.678271000999938, 0.0 ], [ 110.310202, -7.678162999999884, 0.0 ], [ 110.310341, -7.678089, 0.0 ], [ 110.310472, -7.677856, 0.0 ], [ 110.310787, -7.677553, 0.0 ], [ 110.310863, -7.677458999999899, 0.0 ], [ 110.310887, -7.677336000999937, 0.0 ], [ 110.310915, -7.677191, 0.0 ], [ 110.31096100000012, -7.676988, 0.0 ], [ 110.311029, -7.676759, 0.0 ], [ 110.311112, -7.676529, 0.0 ], [ 110.311239, -7.67625, 0.0 ], [ 110.311562, -7.675962, 0.0 ], [ 110.311878, -7.675575, 0.0 ], [ 110.311949, -7.675499, 0.0 ], [ 110.312279, -7.674849, 0.0 ], [ 110.312551, -7.6744, 0.0 ], [ 110.312866, -7.673785, 0.0 ], [ 110.313097, -7.673692, 0.0 ], [ 110.313333, -7.673612, 0.0 ], [ 110.313588, -7.67374, 0.0 ], [ 110.31404, -7.67399699999989, 0.0 ], [ 110.313062, -7.675195, 0.0 ], [ 110.312983, -7.67531, 0.0 ], [ 110.312921000000102, -7.675377, 0.0 ], [ 110.312853, -7.675451, 0.0 ], [ 110.31282, -7.675474, 0.0 ], [ 110.312756, -7.675563, 0.0 ], [ 110.312651, -7.675694, 0.0 ], [ 110.312552, -7.675816, 0.0 ], [ 110.311754, -7.676825, 0.0 ], [ 110.31139, -7.677262, 0.0 ], [ 110.312881, -7.678546, 0.0 ], [ 110.31316, -7.678191, 0.0 ], [ 110.313364, -7.677907, 0.0 ], [ 110.314781, -7.678995999999884, 0.0 ], [ 110.314909, -7.678824, 0.0 ], [ 110.315132, -7.678482, 0.0 ], [ 110.315267, -7.678268, 0.0 ], [ 110.316278, -7.678981, 0.0 ], [ 110.316122000000107, -7.679382, 0.0 ] ] ] ] } },
{ "type": "Feature", "properties": { "NAMOBJ": "Lumbungrejo", "WADMKC": "Tempel", "WADMKK": "Kabupaten Sleman", "WADMPR": "DI Yogyakarta" }, "geometry": { "type": "MultiPolygon", "coordinates": [ [ [ [ 110.334088, -7.648471, 0.0 ], [ 110.334092, -7.648639, 0.0 ], [ 110.334095, -7.648784, 0.0 ], [ 110.334098, -7.64888300099993, 0.0 ], [ 110.334095, -7.648936, 0.0 ], [ 110.334091, -7.648961999999894, 0.0 ], [ 110.334091, -7.648989, 0.0 ], [ 110.334096, -7.649016, 0.0 ], [ 110.334101, -7.64903, 0.0 ], [ 110.33409, -7.649075, 0.0 ], [ 110.333927, -7.649168, 0.0 ], [ 110.333700000000121, -7.649354, 0.0 ], [ 110.333623, -7.649488, 0.0 ], [ 110.333905, -7.649627, 0.0 ], [ 110.334272, -7.649803, 0.0 ], [ 110.334252, -7.649845, 0.0 ], [ 110.334094, -7.650155, 0.0 ], [ 110.333875, -7.650619000999949, 0.0 ], [ 110.333879, -7.650697001, 0.0 ], [ 110.333891, -7.650708, 0.0 ], [ 110.33399300000012, -7.650795, 0.0 ], [ 110.334069, -7.650861, 0.0 ], [ 110.334101, -7.650886, 0.0 ], [ 110.334195, -7.650965999999883, 0.0 ], [ 110.334699, -7.651401, 0.0 ], [ 110.3349, -7.651475, 0.0 ], [ 110.335215, -7.651752999999896, 0.0 ], [ 110.335381, -7.651828000999974, 0.0 ], [ 110.335796, -7.651976, 0.0 ], [ 110.336093, -7.652012, 0.0 ], [ 110.335976, -7.65216, 0.0 ], [ 110.335059, -7.653714, 0.0 ], [ 110.334887, -7.653996, 0.0 ], [ 110.334389, -7.654798, 0.0 ], [ 110.334159, -7.655196, 0.0 ], [ 110.333781, -7.6558, 0.0 ], [ 110.333547, -7.656187, 0.0 ], [ 110.333155, -7.656337, 0.0 ], [ 110.332986, -7.656503999999888, 0.0 ], [ 110.332795, -7.656693, 0.0 ], [ 110.331928, -7.656068, 0.0 ], [ 110.332263, -7.655429, 0.0 ], [ 110.332182, -7.655381, 0.0 ], [ 110.332117, -7.655347, 0.0 ], [ 110.332111, -7.655344, 0.0 ], [ 110.332049, -7.655313, 0.0 ], [ 110.331876000000108, -7.655464999999896, 0.0 ], [ 110.33126, -7.655937, 0.0 ], [ 110.330768, -7.656284, 0.0 ], [ 110.330562, -7.656431, 0.0 ], [ 110.330413000000121, -7.656531, 0.0 ], [ 110.330178, -7.656699, 0.0 ], [ 110.330151, -7.656602, 0.0 ], [ 110.329488, -7.655136, 0.0 ], [ 110.329008, -7.655444, 0.0 ], [ 110.328727, -7.655625, 0.0 ], [ 110.328345, -7.654679, 0.0 ], [ 110.328118000000117, -7.654139, 0.0 ], [ 110.327929, -7.653805, 0.0 ], [ 110.327802, -7.653544000999936, 0.0 ], [ 110.327593, -7.653491, 0.0 ], [ 110.327512, -7.653478, 0.0 ], [ 110.327328000000122, -7.653573, 0.0 ], [ 110.327072, -7.653698, 0.0 ], [ 110.326806, -7.653827, 0.0 ], [ 110.326693, -7.653994, 0.0 ], [ 110.326568, -7.65418, 0.0 ], [ 110.326418, -7.65428, 0.0 ], [ 110.326256, -7.654329, 0.0 ], [ 110.326097, -7.654406, 0.0 ], [ 110.32575100000011, -7.654636000999961, 0.0 ], [ 110.325782000000103, -7.654844, 0.0 ], [ 110.325805, -7.654877, 0.0 ], [ 110.325947, -7.655668, 0.0 ], [ 110.325624, -7.656033, 0.0 ], [ 110.325464, -7.656221, 0.0 ], [ 110.325139, -7.656614, 0.0 ], [ 110.324908, -7.656889, 0.0 ], [ 110.324778, -7.65704, 0.0 ], [ 110.323651, -7.658445, 0.0 ], [ 110.323237, -7.658945000999974, 0.0 ], [ 110.322757000000109, -7.658380000999944, 0.0 ], [ 110.322598, -7.658321000999948, 0.0 ], [ 110.322728, -7.65821, 0.0 ], [ 110.322974, -7.657974, 0.0 ], [ 110.323225, -7.657714, 0.0 ], [ 110.323384, -7.657545, 0.0 ], [ 110.323513, -7.657264, 0.0 ], [ 110.323589000000112, -7.657099, 0.0 ], [ 110.323620000000105, -7.657047, 0.0 ], [ 110.324057, -7.656642, 0.0 ], [ 110.324292, -7.656365, 0.0 ], [ 110.324652, -7.656005999999895, 0.0 ], [ 110.324801, -7.655849, 0.0 ], [ 110.324893, -7.655656, 0.0 ], [ 110.324947, -7.655522, 0.0 ], [ 110.325026, -7.655438, 0.0 ], [ 110.325197, -7.655378999999886, 0.0 ], [ 110.3253, -7.655352, 0.0 ], [ 110.325389000000101, -7.655259000999905, 0.0 ], [ 110.325513, -7.654873, 0.0 ], [ 110.325571, -7.654758, 0.0 ], [ 110.325661, -7.654094, 0.0 ], [ 110.325621000000112, -7.653918, 0.0 ], [ 110.325543, -7.653537, 0.0 ], [ 110.325484, -7.653157, 0.0 ], [ 110.32532900000011, -7.652159001, 0.0 ], [ 110.325251, -7.651762, 0.0 ], [ 110.325169000000102, -7.651389, 0.0 ], [ 110.324920000000105, -7.651469, 0.0 ], [ 110.324766, -7.651518, 0.0 ], [ 110.324607, -7.651594000999975, 0.0 ], [ 110.324467, -7.651727, 0.0 ], [ 110.323812, -7.652424999999898, 0.0 ], [ 110.322595, -7.653756999999885, 0.0 ], [ 110.322088, -7.6543, 0.0 ], [ 110.321752, -7.654631, 0.0 ], [ 110.321455000000114, -7.654943, 0.0 ], [ 110.321362, -7.655042, 0.0 ], [ 110.321285, -7.655123000999932, 0.0 ], [ 110.320914000000116, -7.65553, 0.0 ], [ 110.32216, -7.656675, 0.0 ], [ 110.321982, -7.656864, 0.0 ], [ 110.32187, -7.657002, 0.0 ], [ 110.321716, -7.65715, 0.0 ], [ 110.321651, -7.657213, 0.0 ], [ 110.320675, -7.658224000999915, 0.0 ], [ 110.320507000000106, -7.658407, 0.0 ], [ 110.320326, -7.658625, 0.0 ], [ 110.319672000000111, -7.659305, 0.0 ], [ 110.319348, -7.659661, 0.0 ], [ 110.319284, -7.659731, 0.0 ], [ 110.318796000000106, -7.660227, 0.0 ], [ 110.318351, -7.660671, 0.0 ], [ 110.317845, -7.660153, 0.0 ], [ 110.317438, -7.659691, 0.0 ], [ 110.317012, -7.6592, 0.0 ], [ 110.316748000000118, -7.659104, 0.0 ], [ 110.31643, -7.659053, 0.0 ], [ 110.316184, -7.658903, 0.0 ], [ 110.316044, -7.658781, 0.0 ], [ 110.315815, -7.658538, 0.0 ], [ 110.315668000000116, -7.658318, 0.0 ], [ 110.315471, -7.658307, 0.0 ], [ 110.315391, -7.658382, 0.0 ], [ 110.315334, -7.658491, 0.0 ], [ 110.315258000000114, -7.658849, 0.0 ], [ 110.31525, -7.658862, 0.0 ], [ 110.315, -7.658677, 0.0 ], [ 110.314734, -7.658352, 0.0 ], [ 110.314279, -7.657845, 0.0 ], [ 110.313455, -7.657038, 0.0 ], [ 110.313139, -7.656768, 0.0 ], [ 110.313042, -7.656607, 0.0 ], [ 110.313149, -7.656495, 0.0 ], [ 110.313504000000123, -7.65612, 0.0 ], [ 110.313652, -7.655966, 0.0 ], [ 110.313968, -7.6556, 0.0 ], [ 110.314216, -7.655341, 0.0 ], [ 110.3144, -7.655038, 0.0 ], [ 110.314505, -7.654837999999888, 0.0 ], [ 110.314516, -7.654340999999889, 0.0 ], [ 110.31451, -7.654076, 0.0 ], [ 110.314311000000103, -7.65387, 0.0 ], [ 110.313956, -7.653722, 0.0 ], [ 110.31337400000011, -7.65356300099991, 0.0 ], [ 110.313298000000131, -7.653545, 0.0 ], [ 110.313207, -7.653546, 0.0 ], [ 110.313171, -7.65353, 0.0 ], [ 110.31299, -7.653465000999972, 0.0 ], [ 110.311968, -7.653164, 0.0 ], [ 110.311783, -7.653062, 0.0 ], [ 110.311524, -7.652934, 0.0 ], [ 110.311483, -7.652928, 0.0 ], [ 110.311379, -7.652871, 0.0 ], [ 110.310927, -7.652661, 0.0 ], [ 110.310646, -7.652541999999897, 0.0 ], [ 110.309822464236049, -7.652275122630272, 0.0 ], [ 110.309944146000177, -7.652136301999903, 0.0 ], [ 110.310363785, -7.651783422999927, 0.0 ], [ 110.310569772000164, -7.651585076999947, 0.0 ], [ 110.310844428999971, -7.651415334999935, 0.0 ], [ 110.310928333, -7.651369538999877, 0.0 ], [ 110.31122588800018, -7.651207413999963, 0.0 ], [ 110.311447133000101, -7.651129699999927, 0.0 ], [ 110.312225333000015, -7.651032884999911, 0.0 ], [ 110.312328640531248, -7.651034422234428, 0.0 ], [ 110.312656, -7.651042, 0.0 ], [ 110.312672415545578, -7.651039537668105, 0.0 ], [ 110.312675462000044, -7.651039582999932, 0.0 ], [ 110.312950144000027, -7.650987595999894, 0.0 ], [ 110.313064586000081, -7.650943250999955, 0.0 ], [ 110.314033516000137, -7.650660951999956, 0.0 ], [ 110.31416321600004, -7.65061423699991, 0.0 ], [ 110.314191538719584, -7.650587315152404, 0.0 ], [ 110.314203, -7.650577, 0.0 ], [ 110.314267325533478, -7.650477658551093, 0.0 ], [ 110.314453130000047, -7.650195105999959, 0.0 ], [ 110.31491851700018, -7.649760209999947, 0.0 ], [ 110.315200791, -7.649433106999972, 0.0 ], [ 110.315399162000162, -7.64926097099994, 0.0 ], [ 110.31555176, -7.649072151999949, 0.0 ], [ 110.315819333741473, -7.648668189275789, 0.0 ], [ 110.315951, -7.648472, 0.0 ], [ 110.316112633271914, -7.648231927052109, 0.0 ], [ 110.316154463000032, -7.648170441999948, 0.0 ], [ 110.316322319000065, -7.648016416999905, 0.0 ], [ 110.31646730000007, -7.647943950999949, 0.0 ], [ 110.316902148, -7.647807093999905, 0.0 ], [ 110.317214961000033, -7.64769456099992, 0.0 ], [ 110.317642217000028, -7.647385568999933, 0.0 ], [ 110.317863461000044, -7.647255868999949, 0.0 ], [ 110.317893976, -7.647244407999978, 0.0 ], [ 110.317939772000045, -7.64723536399994, 0.0 ], [ 110.318367004000137, -7.647161446999952, 0.0 ], [ 110.318710331000119, -7.647200545999901, 0.0 ], [ 110.319206233000116, -7.647175277999942, 0.0 ], [ 110.319381705000069, -7.647156683999913, 0.0 ], [ 110.319511429000144, -7.647064171999897, 0.0 ], [ 110.319627974773624, -7.646848185097578, 0.0 ], [ 110.319689, -7.646738001, 0.0 ], [ 110.319735264629287, -7.646668159203919, 0.0 ], [ 110.319793703000059, -7.64658258499993, 0.0 ], [ 110.319889071686248, -7.646473949692425, 0.0 ], [ 110.319933, -7.646425000999947, 0.0 ], [ 110.319950929119642, -7.646403980446738, 0.0 ], [ 110.320022588000072, -7.64632412799995, 0.0 ], [ 110.320098875000085, -7.646218751999935, 0.0 ], [ 110.320205677000033, -7.646120509999978, 0.0 ], [ 110.320457461000089, -7.645923590999939, 0.0 ], [ 110.320648190000142, -7.645820608999944, 0.0 ], [ 110.320945746000163, -7.645821551999934, 0.0 ], [ 110.32109832000009, -7.645759071999915, 0.0 ], [ 110.321388259, -7.645784363999965, 0.0 ], [ 110.321701047000133, -7.645722366999898, 0.0 ], [ 110.32170247461984, -7.645721500235016, 0.0 ], [ 110.321705000000108, -7.645721, 0.0 ], [ 110.321795705937092, -7.64566489578278, 0.0 ], [ 110.322074890000067, -7.645495391999948, 0.0 ], [ 110.32216029273259, -7.645462466881227, 0.0 ], [ 110.322170000000114, -7.645459, 0.0 ], [ 110.322223, -7.645412000999976, 0.0 ], [ 110.322271274500466, -7.645388559784518, 0.0 ], [ 110.322433475000068, -7.645311819999947, 0.0 ], [ 110.32265471900017, -7.645204050999912, 0.0 ], [ 110.322723390000078, -7.645121549999924, 0.0 ], [ 110.322792885015332, -7.644972045370803, 0.0 ], [ 110.32287100000012, -7.644809, 0.0 ], [ 110.32292496919537, -7.64476459496586, 0.0 ], [ 110.322959916000102, -7.644736753999972, 0.0 ], [ 110.323020945000096, -7.644707640999872, 0.0 ], [ 110.323219290999987, -7.644694317999924, 0.0 ], [ 110.323355068811651, -7.644628681518252, 0.0 ], [ 110.323451, -7.644583, 0.0 ], [ 110.323588000000115, -7.644462, 0.0 ], [ 110.323598040380645, -7.644454258943203, 0.0 ], [ 110.323722834000165, -7.644361943999868, 0.0 ], [ 110.323806230508893, -7.644271064669141, 0.0 ], [ 110.323848, -7.644228, 0.0 ], [ 110.323874250962959, -7.644122996148496, 0.0 ], [ 110.323913588000138, -7.643980968999966, 0.0 ], [ 110.324044064222591, -7.643650651476587, 0.0 ], [ 110.32408300000013, -7.643554999999893, 0.0 ], [ 110.324124364374981, -7.643366624400862, 0.0 ], [ 110.324157730000181, -7.643219427999927, 0.0 ], [ 110.32417678946095, -7.643159987059757, 0.0 ], [ 110.32423, -7.643004, 0.0 ], [ 110.324436, -7.642567, 0.0 ], [ 110.324586, -7.642359, 0.0 ], [ 110.324646004286436, -7.642305269620266, 0.0 ], [ 110.324958804000119, -7.64202637699989, 0.0 ], [ 110.325386060000113, -7.64181802099997, 0.0 ], [ 110.325721747000088, -7.641684959999886, 0.0 ], [ 110.326110847000137, -7.641653042999909, 0.0 ], [ 110.326416019000163, -7.641523825999876, 0.0 ], [ 110.32675934600006, -7.641527621999924, 0.0 ], [ 110.326942459000108, -7.641527621999924, 0.0 ], [ 110.327087417000115, -7.641478972999984, 0.0 ], [ 110.327327128862919, -7.641187506173043, 0.0 ], [ 110.32734, -7.641171999999898, 0.0 ], [ 110.327355055738479, -7.641124230558162, 0.0 ], [ 110.32742310400009, -7.640915850999932, 0.0 ], [ 110.327445978000114, -7.640611621999895, 0.0 ], [ 110.327453618000121, -7.64049384299992, 0.0 ], [ 110.32749177400008, -7.640430419999912, 0.0 ], [ 110.327522289000029, -7.640383679999953, 0.0 ], [ 110.327540728747636, -7.640353409542524, 0.0 ], [ 110.327557, -7.640332, 0.0 ], [ 110.327906, -7.640037, 0.0 ], [ 110.328697619595815, -7.639563825109221, 0.0 ], [ 110.32930757400004, -7.639288870999874, 0.0 ], [ 110.329795835000027, -7.639004202999946, 0.0 ], [ 110.330291760000122, -7.638944116999948, 0.0 ], [ 110.330413820000089, -7.6389274329999, 0.0 ], [ 110.330596933000052, -7.638823967999954, 0.0 ], [ 110.330780021000109, -7.638610315999951, 0.0 ], [ 110.330886847000059, -7.63846204599994, 0.0 ], [ 110.330931600000127, -7.638370648999928, 0.0 ], [ 110.330932620000027, -7.638368566999933, 0.0 ], [ 110.330978392000176, -7.638168286999882, 0.0 ], [ 110.330993649000021, -7.638106337999908, 0.0 ], [ 110.331008809964331, -7.638040346291277, 0.0 ], [ 110.331018, -7.638005, 0.0 ], [ 110.33101805456603, -7.638004784464282, 0.0 ], [ 110.331108115999982, -7.637892202999954, 0.0 ], [ 110.33178184953357, -7.637555347506765, 0.0 ], [ 110.331832868657699, -7.637529933845279, 0.0 ], [ 110.331901549, -7.637496452999894, 0.0 ], [ 110.332496636000116, -7.637406310999985, 0.0 ], [ 110.332717904000134, -7.637247522999903, 0.0 ], [ 110.332740778000073, -7.637223705999887, 0.0 ], [ 110.332878095000154, -7.636937587999928, 0.0 ], [ 110.332889116493732, -7.636910767012541, 0.0 ], [ 110.332895, -7.636899, 0.0 ], [ 110.332903187159971, -7.636891814850657, 0.0 ], [ 110.333229064000236, -7.636606663999903, 0.0 ], [ 110.333374021000154, -7.636382541999922, 0.0 ], [ 110.333518977999972, -7.636098841999896, 0.0 ], [ 110.333520894338974, -7.636096449496101, 0.0 ], [ 110.336555486000037, -7.634470811999929, 0.0 ], [ 110.336869, -7.634374001, 0.0 ], [ 110.337493, -7.634121, 0.0 ], [ 110.337827, -7.633928, 0.0 ], [ 110.338247000000109, -7.633447, 0.0 ], [ 110.338342, -7.633322, 0.0 ], [ 110.338526000000101, -7.633135, 0.0 ], [ 110.338603, -7.633213, 0.0 ], [ 110.338669, -7.633339, 0.0 ], [ 110.338737, -7.633470999999894, 0.0 ], [ 110.338924, -7.63383, 0.0 ], [ 110.338974, -7.634059, 0.0 ], [ 110.338992000000118, -7.634189, 0.0 ], [ 110.338879, -7.634271, 0.0 ], [ 110.338732, -7.634243, 0.0 ], [ 110.338724, -7.634271, 0.0 ], [ 110.338638, -7.63418, 0.0 ], [ 110.338549, -7.634142999999895, 0.0 ], [ 110.338534, -7.634155, 0.0 ], [ 110.338458, -7.63423, 0.0 ], [ 110.33812, -7.634643, 0.0 ], [ 110.336938, -7.636007, 0.0 ], [ 110.336825, -7.636134, 0.0 ], [ 110.336813, -7.636148000999967, 0.0 ], [ 110.337145, -7.63641, 0.0 ], [ 110.337741, -7.636776, 0.0 ], [ 110.338127, -7.637039, 0.0 ], [ 110.338268, -7.637195, 0.0 ], [ 110.338219, -7.637282, 0.0 ], [ 110.338041, -7.637337000999935, 0.0 ], [ 110.337696, -7.637344999999886, 0.0 ], [ 110.337304, -7.63751, 0.0 ], [ 110.336828000000125, -7.63767, 0.0 ], [ 110.336054, -7.637789, 0.0 ], [ 110.335595, -7.637812, 0.0 ], [ 110.335311, -7.637864000999929, 0.0 ], [ 110.33518, -7.638041, 0.0 ], [ 110.33511900000012, -7.638149, 0.0 ], [ 110.335139, -7.638177999999886, 0.0 ], [ 110.335254, -7.638346, 0.0 ], [ 110.335462, -7.63855, 0.0 ], [ 110.335733, -7.638705, 0.0 ], [ 110.335822000000107, -7.638812, 0.0 ], [ 110.336025, -7.639156, 0.0 ], [ 110.336045, -7.639195, 0.0 ], [ 110.335626, -7.639549, 0.0 ], [ 110.335327, -7.639843999999886, 0.0 ], [ 110.335312, -7.639858, 0.0 ], [ 110.335345, -7.639928, 0.0 ], [ 110.335476, -7.640196, 0.0 ], [ 110.3356, -7.64033, 0.0 ], [ 110.335792000000112, -7.640594000999947, 0.0 ], [ 110.335741, -7.640888, 0.0 ], [ 110.33554, -7.641214, 0.0 ], [ 110.335227, -7.641785, 0.0 ], [ 110.335903, -7.642618, 0.0 ], [ 110.33578, -7.642734, 0.0 ], [ 110.335508, -7.642997, 0.0 ], [ 110.33517, -7.643318, 0.0 ], [ 110.33485, -7.643622, 0.0 ], [ 110.334611, -7.643837, 0.0 ], [ 110.334538, -7.643903, 0.0 ], [ 110.334305, -7.644114, 0.0 ], [ 110.33413, -7.644279, 0.0 ], [ 110.334051, -7.644352, 0.0 ], [ 110.333984, -7.644415, 0.0 ], [ 110.333949000000118, -7.644462, 0.0 ], [ 110.333854, -7.644552, 0.0 ], [ 110.333823, -7.644572, 0.0 ], [ 110.33366, -7.644721, 0.0 ], [ 110.333622, -7.64476, 0.0 ], [ 110.333573000000101, -7.644748000999925, 0.0 ], [ 110.333375, -7.644647, 0.0 ], [ 110.333358, -7.644636999999889, 0.0 ], [ 110.333165, -7.644519, 0.0 ], [ 110.333132, -7.64452, 0.0 ], [ 110.33292, -7.644528, 0.0 ], [ 110.332807, -7.644493, 0.0 ], [ 110.332644, -7.644451, 0.0 ], [ 110.332474, -7.644467, 0.0 ], [ 110.33229, -7.644548999999891, 0.0 ], [ 110.332168000000109, -7.644665, 0.0 ], [ 110.33202, -7.644853, 0.0 ], [ 110.331918000000115, -7.645086, 0.0 ], [ 110.3317610000001, -7.645561, 0.0 ], [ 110.332185, -7.646125, 0.0 ], [ 110.331703, -7.646633, 0.0 ], [ 110.331639, -7.646879, 0.0 ], [ 110.331589, -7.647229, 0.0 ], [ 110.33159, -7.647485, 0.0 ], [ 110.331679, -7.647470999999896, 0.0 ], [ 110.331893, -7.647324, 0.0 ], [ 110.33203, -7.647202, 0.0 ], [ 110.332086, -7.647166000999974, 0.0 ], [ 110.332186, -7.647209, 0.0 ], [ 110.332574, -7.64759, 0.0 ], [ 110.332703, -7.647725, 0.0 ], [ 110.332793, -7.647872, 0.0 ], [ 110.333004, -7.647946000999941, 0.0 ], [ 110.333354, -7.648069, 0.0 ], [ 110.333575, -7.648147, 0.0 ], [ 110.333722, -7.648199, 0.0 ], [ 110.333796, -7.648225, 0.0 ], [ 110.333851, -7.648271, 0.0 ], [ 110.333958, -7.648362, 0.0 ], [ 110.334088, -7.648471, 0.0 ] ] ] ] } },
{ "type": "Feature", "properties": { "NAMOBJ": "Pakunden", "WADMKC": "Ngluwar", "WADMKK": "Kabupaten Magelang", "WADMPR": "Jawa Tengah" }, "geometry": { "type": "MultiPolygon", "coordinates": [ [ [ [ 110.291827, -7.65987, 0.0 ], [ 110.291787, -7.660262, 0.0 ], [ 110.291693, -7.660365, 0.0 ], [ 110.29143, -7.660539, 0.0 ], [ 110.291326, -7.660724, 0.0 ], [ 110.291297, -7.66089, 0.0 ], [ 110.291273, -7.661224, 0.0 ], [ 110.291246, -7.661369, 0.0 ], [ 110.291175000000109, -7.661459, 0.0 ], [ 110.291060000000101, -7.661508, 0.0 ], [ 110.290938, -7.661521, 0.0 ], [ 110.290503, -7.661538, 0.0 ], [ 110.290404, -7.661639, 0.0 ], [ 110.290308, -7.661799, 0.0 ], [ 110.290022, -7.662287, 0.0 ], [ 110.289917, -7.662276, 0.0 ], [ 110.289727000000113, -7.662205, 0.0 ], [ 110.289406, -7.662114, 0.0 ], [ 110.288965, -7.662146, 0.0 ], [ 110.288863, -7.662228, 0.0 ], [ 110.288631, -7.662437000999979, 0.0 ], [ 110.288458, -7.662519, 0.0 ], [ 110.288299, -7.662534000999923, 0.0 ], [ 110.287802, -7.662542, 0.0 ], [ 110.287684, -7.662634, 0.0 ], [ 110.287533, -7.662833, 0.0 ], [ 110.287279, -7.663244, 0.0 ], [ 110.286694, -7.663728, 0.0 ], [ 110.286568, -7.663793, 0.0 ], [ 110.286387, -7.663946, 0.0 ], [ 110.28621, -7.664157, 0.0 ], [ 110.286047, -7.664428, 0.0 ], [ 110.286047, -7.6646, 0.0 ], [ 110.286171, -7.664875, 0.0 ], [ 110.286357, -7.665438, 0.0 ], [ 110.286312, -7.665748, 0.0 ], [ 110.286262000000121, -7.666049, 0.0 ], [ 110.286194, -7.666318, 0.0 ], [ 110.28632, -7.666509, 0.0 ], [ 110.286682, -7.666559, 0.0 ], [ 110.286841, -7.666667, 0.0 ], [ 110.287273000000113, -7.667001, 0.0 ], [ 110.287661, -7.667353, 0.0 ], [ 110.288015000000129, -7.667753, 0.0 ], [ 110.288218, -7.667891, 0.0 ], [ 110.287806, -7.668397, 0.0 ], [ 110.287758, -7.668456999999897, 0.0 ], [ 110.287747, -7.668469, 0.0 ], [ 110.287711, -7.668514, 0.0 ], [ 110.287675, -7.668524, 0.0 ], [ 110.287434000000104, -7.668589, 0.0 ], [ 110.287381, -7.668604, 0.0 ], [ 110.287362000000101, -7.668611, 0.0 ], [ 110.287345000000116, -7.668643, 0.0 ], [ 110.286985, -7.66933499999989, 0.0 ], [ 110.287213, -7.669394, 0.0 ], [ 110.287221, -7.669651, 0.0 ], [ 110.287342, -7.669649, 0.0 ], [ 110.287833, -7.669669, 0.0 ], [ 110.288001, -7.669675, 0.0 ], [ 110.288244, -7.669667, 0.0 ], [ 110.288328, -7.669637, 0.0 ], [ 110.288711, -7.669022, 0.0 ], [ 110.2887360000001, -7.668971, 0.0 ], [ 110.289036, -7.668957, 0.0 ], [ 110.289779, -7.669033, 0.0 ], [ 110.290185, -7.668909999999897, 0.0 ], [ 110.290539, -7.66873, 0.0 ], [ 110.29077, -7.668626, 0.0 ], [ 110.291073, -7.66846, 0.0 ], [ 110.291294, -7.668378, 0.0 ], [ 110.291644000000105, -7.668297, 0.0 ], [ 110.291712, -7.668249, 0.0 ], [ 110.291775000000101, -7.668325, 0.0 ], [ 110.291866, -7.668422, 0.0 ], [ 110.291896, -7.668454, 0.0 ], [ 110.291899, -7.668456999999897, 0.0 ], [ 110.291686000000112, -7.669041999999894, 0.0 ], [ 110.291578, -7.669093, 0.0 ], [ 110.291469, -7.669177, 0.0 ], [ 110.291321, -7.669362, 0.0 ], [ 110.2912350000001, -7.669581, 0.0 ], [ 110.291185, -7.66992, 0.0 ], [ 110.291348000000127, -7.670219, 0.0 ], [ 110.291667, -7.670614, 0.0 ], [ 110.291902, -7.670851, 0.0 ], [ 110.292065, -7.67099, 0.0 ], [ 110.292801912849967, -7.671489263448407, 0.0 ], [ 110.29280123, -7.671490841999919, 0.0 ], [ 110.292800900000074, -7.671491604999893, 0.0 ], [ 110.292797260135757, -7.671495308295519, 0.0 ], [ 110.29267, -7.671613, 0.0 ], [ 110.292616, -7.671655, 0.0 ], [ 110.291975, -7.67215, 0.0 ], [ 110.291872, -7.672146, 0.0 ], [ 110.291543, -7.67214, 0.0 ], [ 110.291392000000116, -7.672252, 0.0 ], [ 110.291323, -7.672348, 0.0 ], [ 110.291322175449537, -7.672353483260832, 0.0 ], [ 110.291313170000166, -7.672366112999953, 0.0 ], [ 110.29129791300015, -7.672499148999947, 0.0 ], [ 110.291267398000116, -7.672618838999902, 0.0 ], [ 110.291175829000082, -7.672865834999911, 0.0 ], [ 110.291221626000052, -7.673003175999906, 0.0 ], [ 110.291215432117937, -7.673057462932722, 0.0 ], [ 110.291168, -7.673104000999988, 0.0 ], [ 110.290901, -7.673325, 0.0 ], [ 110.290899722171659, -7.673338033849443, 0.0 ], [ 110.290893556000086, -7.673343141999879, 0.0 ], [ 110.290878298000067, -7.673496223999933, 0.0 ], [ 110.2908325020001, -7.673859572999977, 0.0 ], [ 110.290825394710055, -7.673977028500946, 0.0 ], [ 110.290773, -7.674032, 0.0 ], [ 110.290674, -7.674168, 0.0 ], [ 110.290519000000103, -7.674346, 0.0 ], [ 110.290388, -7.674464, 0.0 ], [ 110.290064000000115, -7.674643, 0.0 ], [ 110.28992, -7.674784999999897, 0.0 ], [ 110.289917874760377, -7.674794895647487, 0.0 ], [ 110.2899093690001, -7.674803233999896, 0.0 ], [ 110.289878830000148, -7.674951987999947, 0.0 ], [ 110.2898292921641, -7.675147558020836, 0.0 ], [ 110.28981864775848, -7.67518602542734, 0.0 ], [ 110.289718639000128, -7.675528504999953, 0.0 ], [ 110.289703358000025, -7.675603824999968, 0.0 ], [ 110.289672843000162, -7.675758332999873, 0.0 ], [ 110.289646978422041, -7.675822209680618, 0.0 ], [ 110.289616, -7.675891, 0.0 ], [ 110.289562789011214, -7.676015158973872, 0.0 ], [ 110.289527884999984, -7.676090706999929, 0.0 ], [ 110.289416887297492, -7.676465853197058, 0.0 ], [ 110.289375, -7.676522, 0.0 ], [ 110.28937, -7.676527, 0.0 ], [ 110.289319, -7.676628, 0.0 ], [ 110.289317042341978, -7.676640279854798, 0.0 ], [ 110.289314282000163, -7.676645727999933, 0.0 ], [ 110.289291384000038, -7.676784011999917, 0.0 ], [ 110.289299, -7.677099677999923, 0.0 ], [ 110.289311666028638, -7.677171603835344, 0.0 ], [ 110.289195, -7.677201, 0.0 ], [ 110.289076, -7.677294, 0.0 ], [ 110.28895, -7.677411, 0.0 ], [ 110.28892, -7.677438, 0.0 ], [ 110.288918482627508, -7.677448264578814, 0.0 ], [ 110.288909924000095, -7.677455893999909, 0.0 ], [ 110.288895662927771, -7.677563295569147, 0.0 ], [ 110.288779, -7.677727, 0.0 ], [ 110.288662, -7.67788, 0.0 ], [ 110.288551333941115, -7.678110256799943, 0.0 ], [ 110.288528441000068, -7.678155871999916, 0.0 ], [ 110.288493907361627, -7.678237897384001, 0.0 ], [ 110.288474, -7.678283, 0.0 ], [ 110.288412723304191, -7.678414662089807, 0.0 ], [ 110.288391125000075, -7.678459617999913, 0.0 ], [ 110.288375843000139, -7.678630326999915, 0.0 ], [ 110.28836917577604, -7.678717567236195, 0.0 ], [ 110.288273, -7.678786, 0.0 ], [ 110.288089, -7.678902, 0.0 ], [ 110.288079509631004, -7.678919510399098, 0.0 ], [ 110.288078312000039, -7.678920240999922, 0.0 ], [ 110.288053694499027, -7.678967141135608, 0.0 ], [ 110.287876, -7.679295, 0.0 ], [ 110.287776, -7.67942200099996, 0.0 ], [ 110.287716, -7.679451, 0.0 ], [ 110.287581, -7.679515, 0.0 ], [ 110.287516, -7.679531, 0.0 ], [ 110.287334, -7.679579999999888, 0.0 ], [ 110.287329, -7.679582, 0.0 ], [ 110.28722900000011, -7.679617000999929, 0.0 ], [ 110.286978, -7.67988, 0.0 ], [ 110.286817, -7.679592, 0.0 ], [ 110.286616, -7.679354, 0.0 ], [ 110.286232, -7.678903, 0.0 ], [ 110.285898000000117, -7.678522, 0.0 ], [ 110.285516000000129, -7.678173, 0.0 ], [ 110.285058, -7.678123, 0.0 ], [ 110.284798, -7.678483, 0.0 ], [ 110.284688000000102, -7.678715, 0.0 ], [ 110.28458, -7.679281, 0.0 ], [ 110.284477, -7.67982799999989, 0.0 ], [ 110.284209, -7.680724, 0.0 ], [ 110.283151000000117, -7.680263, 0.0 ], [ 110.281600000000125, -7.679484, 0.0 ], [ 110.280822, -7.678979, 0.0 ], [ 110.280496, -7.678993001, 0.0 ], [ 110.279827, -7.679482, 0.0 ], [ 110.279685000000129, -7.679721, 0.0 ], [ 110.279171, -7.679883, 0.0 ], [ 110.278107, -7.679428, 0.0 ], [ 110.276939000000112, -7.678938, 0.0 ], [ 110.27641, -7.678573, 0.0 ], [ 110.276435, -7.678261, 0.0 ], [ 110.276477, -7.67799800099991, 0.0 ], [ 110.276638, -7.677472001, 0.0 ], [ 110.276468, -7.676587, 0.0 ], [ 110.275695, -7.676454, 0.0 ], [ 110.274851000000112, -7.676105, 0.0 ], [ 110.274767, -7.676085, 0.0 ], [ 110.274666, -7.675984, 0.0 ], [ 110.274532, -7.675897, 0.0 ], [ 110.274124, -7.675705, 0.0 ], [ 110.274086, -7.675687, 0.0 ], [ 110.274008, -7.675686, 0.0 ], [ 110.273902000000106, -7.675644, 0.0 ], [ 110.273729, -7.675500999999898, 0.0 ], [ 110.273305, -7.675071, 0.0 ], [ 110.273234, -7.674864, 0.0 ], [ 110.27282000000011, -7.673879, 0.0 ], [ 110.272653, -7.673388, 0.0 ], [ 110.27252, -7.672897, 0.0 ], [ 110.272423, -7.672431, 0.0 ], [ 110.272287, -7.672192, 0.0 ], [ 110.272089, -7.672059, 0.0 ], [ 110.271725000000103, -7.672038999999888, 0.0 ], [ 110.27129, -7.672048, 0.0 ], [ 110.270321000000109, -7.67199, 0.0 ], [ 110.269665, -7.671947, 0.0 ], [ 110.268915, -7.671836000999967, 0.0 ], [ 110.268157000000116, -7.671814, 0.0 ], [ 110.26819, -7.671638, 0.0 ], [ 110.268155, -7.671181, 0.0 ], [ 110.26817, -7.671064, 0.0 ], [ 110.268336, -7.670838, 0.0 ], [ 110.268596, -7.670575, 0.0 ], [ 110.268652000000117, -7.670531, 0.0 ], [ 110.26866, -7.670444, 0.0 ], [ 110.268692, -7.670247, 0.0 ], [ 110.268849, -7.669998, 0.0 ], [ 110.268955, -7.66984, 0.0 ], [ 110.268995, -7.669736, 0.0 ], [ 110.26897, -7.669655, 0.0 ], [ 110.26865, -7.669433, 0.0 ], [ 110.268565000000123, -7.669376, 0.0 ], [ 110.268544, -7.669267, 0.0 ], [ 110.268647, -7.66888, 0.0 ], [ 110.268884, -7.668509, 0.0 ], [ 110.269185, -7.668177, 0.0 ], [ 110.269486000000114, -7.667945, 0.0 ], [ 110.269917, -7.667684, 0.0 ], [ 110.270147, -7.667541, 0.0 ], [ 110.270343, -7.667273000999987, 0.0 ], [ 110.270438, -7.667147, 0.0 ], [ 110.270702, -7.666969, 0.0 ], [ 110.270842, -7.666941000999962, 0.0 ], [ 110.271007, -7.666973, 0.0 ], [ 110.271435, -7.667331001, 0.0 ], [ 110.27158, -7.667444, 0.0 ], [ 110.271701, -7.667488, 0.0 ], [ 110.271795, -7.667473, 0.0 ], [ 110.27247, -7.667805, 0.0 ], [ 110.272997, -7.668208, 0.0 ], [ 110.273396, -7.668467, 0.0 ], [ 110.273784, -7.668706999999888, 0.0 ], [ 110.274354000000102, -7.668889, 0.0 ], [ 110.27446, -7.668781, 0.0 ], [ 110.274522, -7.668684, 0.0 ], [ 110.274622, -7.668318, 0.0 ], [ 110.274692000000101, -7.668168, 0.0 ], [ 110.27471, -7.668135, 0.0 ], [ 110.274733000000111, -7.668083, 0.0 ], [ 110.274766, -7.667998, 0.0 ], [ 110.27554, -7.666864, 0.0 ], [ 110.275696, -7.666812, 0.0 ], [ 110.276187, -7.666854, 0.0 ], [ 110.276594, -7.666877, 0.0 ], [ 110.277027000000118, -7.66684400099993, 0.0 ], [ 110.277312, -7.66671, 0.0 ], [ 110.277648, -7.666307, 0.0 ], [ 110.277855, -7.665872, 0.0 ], [ 110.277888, -7.66546, 0.0 ], [ 110.277799, -7.665061, 0.0 ], [ 110.277678, -7.664786, 0.0 ], [ 110.277606, -7.664434, 0.0 ], [ 110.277729000000107, -7.664086999999899, 0.0 ], [ 110.277931, -7.663818, 0.0 ], [ 110.278269000000122, -7.663517, 0.0 ], [ 110.278807, -7.663148, 0.0 ], [ 110.278948, -7.663113, 0.0 ], [ 110.279021, -7.662983000999947, 0.0 ], [ 110.27904, -7.662955, 0.0 ], [ 110.279173, -7.662766, 0.0 ], [ 110.279226, -7.662773, 0.0 ], [ 110.279483000000113, -7.662786, 0.0 ], [ 110.279638, -7.662767, 0.0 ], [ 110.280131, -7.66258, 0.0 ], [ 110.280189, -7.662546, 0.0 ], [ 110.280445, -7.662399, 0.0 ], [ 110.280962, -7.662123, 0.0 ], [ 110.281299, -7.662106, 0.0 ], [ 110.281394, -7.662101, 0.0 ], [ 110.281492, -7.662029, 0.0 ], [ 110.281545, -7.661966, 0.0 ], [ 110.281591, -7.661981, 0.0 ], [ 110.281869, -7.661870000999961, 0.0 ], [ 110.28203, -7.661834, 0.0 ], [ 110.282217000000102, -7.661861, 0.0 ], [ 110.282698, -7.66212, 0.0 ], [ 110.282936, -7.662234, 0.0 ], [ 110.283075, -7.662262, 0.0 ], [ 110.283535, -7.662113, 0.0 ], [ 110.283737000000102, -7.662067, 0.0 ], [ 110.283855000000102, -7.662035, 0.0 ], [ 110.283995, -7.661903, 0.0 ], [ 110.284052, -7.66185, 0.0 ], [ 110.284462, -7.661999, 0.0 ], [ 110.284671, -7.662053, 0.0 ], [ 110.285125, -7.662079, 0.0 ], [ 110.285227000000106, -7.662073, 0.0 ], [ 110.285402, -7.661736, 0.0 ], [ 110.285639, -7.661495, 0.0 ], [ 110.285856000000109, -7.661275, 0.0 ], [ 110.286065, -7.66116, 0.0 ], [ 110.286389, -7.661068, 0.0 ], [ 110.286419, -7.661061, 0.0 ], [ 110.286743, -7.660991, 0.0 ], [ 110.28696, -7.660814, 0.0 ], [ 110.28702, -7.660774, 0.0 ], [ 110.287101, -7.660720000999934, 0.0 ], [ 110.287149, -7.660678, 0.0 ], [ 110.287303000000108, -7.660542, 0.0 ], [ 110.288421, -7.659713, 0.0 ], [ 110.28860000000013, -7.659579, 0.0 ], [ 110.288811, -7.65942, 0.0 ], [ 110.289021, -7.659256, 0.0 ], [ 110.289227, -7.659109, 0.0 ], [ 110.289352, -7.659033, 0.0 ], [ 110.289402, -7.658993, 0.0 ], [ 110.289601, -7.658861, 0.0 ], [ 110.290025, -7.658601, 0.0 ], [ 110.290114, -7.658531, 0.0 ], [ 110.290394, -7.658687, 0.0 ], [ 110.290727, -7.658995, 0.0 ], [ 110.290905, -7.659249, 0.0 ], [ 110.291082, -7.659468, 0.0 ], [ 110.291649, -7.659519, 0.0 ], [ 110.291844000000125, -7.659772, 0.0 ], [ 110.291827, -7.65987, 0.0 ] ] ] ] } },
{ "type": "Feature", "properties": { "NAMOBJ": "Ngluwar", "WADMKC": "Ngluwar", "WADMKK": "Kabupaten Magelang", "WADMPR": "Jawa Tengah" }, "geometry": { "type": "MultiPolygon", "coordinates": [ [ [ [ 110.29953, -7.651556, 0.0 ], [ 110.299422, -7.651801, 0.0 ], [ 110.299174, -7.652095, 0.0 ], [ 110.298827, -7.652441, 0.0 ], [ 110.2978, -7.652892, 0.0 ], [ 110.297595, -7.653002, 0.0 ], [ 110.297261, -7.653228, 0.0 ], [ 110.296878, -7.653549, 0.0 ], [ 110.296656, -7.653832, 0.0 ], [ 110.296518, -7.654123, 0.0 ], [ 110.296438, -7.654423, 0.0 ], [ 110.296367, -7.65471, 0.0 ], [ 110.296343, -7.654803, 0.0 ], [ 110.29634500000013, -7.654949, 0.0 ], [ 110.296136, -7.655036, 0.0 ], [ 110.295921, -7.6551, 0.0 ], [ 110.295527, -7.655226, 0.0 ], [ 110.295315, -7.65533, 0.0 ], [ 110.295227, -7.655436, 0.0 ], [ 110.295162, -7.655595, 0.0 ], [ 110.295155, -7.655738, 0.0 ], [ 110.295151, -7.655825000999929, 0.0 ], [ 110.295123, -7.656228, 0.0 ], [ 110.295048000000108, -7.656273, 0.0 ], [ 110.294876, -7.656315, 0.0 ], [ 110.294169, -7.656476, 0.0 ], [ 110.293965000000114, -7.656619, 0.0 ], [ 110.29376000000012, -7.656829, 0.0 ], [ 110.293615, -7.657044999999886, 0.0 ], [ 110.293614, -7.65715, 0.0 ], [ 110.293661, -7.657267, 0.0 ], [ 110.29376000000012, -7.657382, 0.0 ], [ 110.293941, -7.657536, 0.0 ], [ 110.294061, -7.657677, 0.0 ], [ 110.29407, -7.657756000999917, 0.0 ], [ 110.294016, -7.657897, 0.0 ], [ 110.293918, -7.658015, 0.0 ], [ 110.293736, -7.658144, 0.0 ], [ 110.293321, -7.658434, 0.0 ], [ 110.29301300000013, -7.658628, 0.0 ], [ 110.292840000000112, -7.658775, 0.0 ], [ 110.292489, -7.659053, 0.0 ], [ 110.291925, -7.659508, 0.0 ], [ 110.291861, -7.659665, 0.0 ], [ 110.291844000000125, -7.659772, 0.0 ], [ 110.291649, -7.659519, 0.0 ], [ 110.291082, -7.659468, 0.0 ], [ 110.290905, -7.659249, 0.0 ], [ 110.290727, -7.658995, 0.0 ], [ 110.290394, -7.658687, 0.0 ], [ 110.290114, -7.658531, 0.0 ], [ 110.290025, -7.658601, 0.0 ], [ 110.289601, -7.658861, 0.0 ], [ 110.289402, -7.658993, 0.0 ], [ 110.289352, -7.659033, 0.0 ], [ 110.289227, -7.659109, 0.0 ], [ 110.289021, -7.659256, 0.0 ], [ 110.288811, -7.65942, 0.0 ], [ 110.28860000000013, -7.659579, 0.0 ], [ 110.288421, -7.659713, 0.0 ], [ 110.287303000000108, -7.660542, 0.0 ], [ 110.287149, -7.660678, 0.0 ], [ 110.287101, -7.660720000999934, 0.0 ], [ 110.28702, -7.660774, 0.0 ], [ 110.28696, -7.660814, 0.0 ], [ 110.286743, -7.660991, 0.0 ], [ 110.286419, -7.661061, 0.0 ], [ 110.286389, -7.661068, 0.0 ], [ 110.286065, -7.66116, 0.0 ], [ 110.285856000000109, -7.661275, 0.0 ], [ 110.285639, -7.661495, 0.0 ], [ 110.285402, -7.661736, 0.0 ], [ 110.285227000000106, -7.662073, 0.0 ], [ 110.285125, -7.662079, 0.0 ], [ 110.284671, -7.662053, 0.0 ], [ 110.284462, -7.661999, 0.0 ], [ 110.284052, -7.66185, 0.0 ], [ 110.283995, -7.661903, 0.0 ], [ 110.283855000000102, -7.662035, 0.0 ], [ 110.283737000000102, -7.662067, 0.0 ], [ 110.283535, -7.662113, 0.0 ], [ 110.283075, -7.662262, 0.0 ], [ 110.282936, -7.662234, 0.0 ], [ 110.282698, -7.66212, 0.0 ], [ 110.282217000000102, -7.661861, 0.0 ], [ 110.28203, -7.661834, 0.0 ], [ 110.281869, -7.661870000999961, 0.0 ], [ 110.281591, -7.661981, 0.0 ], [ 110.281545, -7.661966, 0.0 ], [ 110.281492, -7.662029, 0.0 ], [ 110.281394, -7.662101, 0.0 ], [ 110.281299, -7.662106, 0.0 ], [ 110.280962, -7.662123, 0.0 ], [ 110.280445, -7.662399, 0.0 ], [ 110.280189, -7.662546, 0.0 ], [ 110.280181, -7.662404, 0.0 ], [ 110.280116, -7.662362, 0.0 ], [ 110.279929, -7.662252, 0.0 ], [ 110.279622, -7.662206, 0.0 ], [ 110.279468, -7.662145, 0.0 ], [ 110.279232, -7.662111, 0.0 ], [ 110.27885, -7.662056, 0.0 ], [ 110.278618, -7.662022, 0.0 ], [ 110.278140000000107, -7.661953, 0.0 ], [ 110.278019000000128, -7.661924, 0.0 ], [ 110.277944, -7.661774001000012, 0.0 ], [ 110.27788, -7.661642, 0.0 ], [ 110.277868, -7.661485, 0.0 ], [ 110.277858, -7.661275, 0.0 ], [ 110.277845, -7.661016, 0.0 ], [ 110.27784, -7.660923, 0.0 ], [ 110.277851, -7.660853, 0.0 ], [ 110.277939, -7.660747, 0.0 ], [ 110.277981, -7.660696, 0.0 ], [ 110.278025, -7.660723, 0.0 ], [ 110.278107, -7.660775, 0.0 ], [ 110.278197, -7.660837000999933, 0.0 ], [ 110.278273, -7.660789, 0.0 ], [ 110.27831100000013, -7.660755999999893, 0.0 ], [ 110.278293, -7.660686, 0.0 ], [ 110.278283, -7.660648, 0.0 ], [ 110.278284, -7.660554, 0.0 ], [ 110.278577, -7.660144, 0.0 ], [ 110.2787, -7.660188, 0.0 ], [ 110.279508, -7.659526, 0.0 ], [ 110.279779, -7.659617, 0.0 ], [ 110.279811, -7.659582, 0.0 ], [ 110.280194, -7.659286, 0.0 ], [ 110.280143, -7.659036, 0.0 ], [ 110.280084, -7.658819, 0.0 ], [ 110.279733000000107, -7.658809000999913, 0.0 ], [ 110.279638, -7.658761, 0.0 ], [ 110.27949, -7.658708999999899, 0.0 ], [ 110.2793530000001, -7.6587, 0.0 ], [ 110.278974, -7.65866, 0.0 ], [ 110.278868, -7.658649, 0.0 ], [ 110.278216, -7.658264, 0.0 ], [ 110.278058, -7.658294, 0.0 ], [ 110.277987, -7.658367, 0.0 ], [ 110.277816000000115, -7.658657, 0.0 ], [ 110.277706, -7.658816, 0.0 ], [ 110.277569000000113, -7.658928, 0.0 ], [ 110.277456, -7.65894, 0.0 ], [ 110.276897000000105, -7.658913, 0.0 ], [ 110.27681, -7.658843, 0.0 ], [ 110.276556, -7.65861, 0.0 ], [ 110.276386000000102, -7.658582, 0.0 ], [ 110.276249, -7.658568, 0.0 ], [ 110.276159, -7.658597, 0.0 ], [ 110.276058, -7.658688, 0.0 ], [ 110.275956, -7.658898, 0.0 ], [ 110.275814000000111, -7.659224, 0.0 ], [ 110.275389, -7.659444, 0.0 ], [ 110.275383, -7.659466, 0.0 ], [ 110.275352, -7.659485, 0.0 ], [ 110.275230000000107, -7.659616, 0.0 ], [ 110.275107, -7.659845, 0.0 ], [ 110.27503, -7.660141, 0.0 ], [ 110.274958, -7.66043, 0.0 ], [ 110.274846, -7.660585, 0.0 ], [ 110.274735000000106, -7.660652, 0.0 ], [ 110.27459, -7.660677, 0.0 ], [ 110.274477, -7.660687, 0.0 ], [ 110.274487, -7.660261, 0.0 ], [ 110.274538, -7.659935, 0.0 ], [ 110.274622, -7.659589000999969, 0.0 ], [ 110.274575, -7.659303, 0.0 ], [ 110.274446, -7.659111, 0.0 ], [ 110.274266000000111, -7.659068, 0.0 ], [ 110.273794, -7.659234, 0.0 ], [ 110.273662, -7.659358, 0.0 ], [ 110.273247, -7.660072, 0.0 ], [ 110.273121, -7.660613, 0.0 ], [ 110.272998, -7.660938, 0.0 ], [ 110.272887, -7.661112, 0.0 ], [ 110.272525000000115, -7.661264, 0.0 ], [ 110.272016000000107, -7.661259, 0.0 ], [ 110.271706, -7.661331, 0.0 ], [ 110.271675, -7.6614, 0.0 ], [ 110.27159, -7.661739, 0.0 ], [ 110.271505, -7.661837999999889, 0.0 ], [ 110.27139900000013, -7.661882, 0.0 ], [ 110.27128, -7.661868, 0.0 ], [ 110.27104, -7.661833, 0.0 ], [ 110.270879, -7.661918, 0.0 ], [ 110.270817000000108, -7.661954, 0.0 ], [ 110.270585, -7.661909, 0.0 ], [ 110.270343, -7.66179399999989, 0.0 ], [ 110.270218, -7.661344000999961, 0.0 ], [ 110.270327, -7.661106, 0.0 ], [ 110.270564, -7.660664, 0.0 ], [ 110.270675, -7.660231, 0.0 ], [ 110.270591, -7.659895, 0.0 ], [ 110.270557, -7.659657, 0.0 ], [ 110.270212, -7.659381, 0.0 ], [ 110.269874, -7.659127, 0.0 ], [ 110.269459, -7.658834, 0.0 ], [ 110.269373, -7.65875100099991, 0.0 ], [ 110.269043, -7.65835, 0.0 ], [ 110.269004, -7.658285, 0.0 ], [ 110.269168, -7.658228, 0.0 ], [ 110.269308, -7.658168, 0.0 ], [ 110.269402, -7.658081, 0.0 ], [ 110.269461, -7.657813, 0.0 ], [ 110.269504, -7.657639000999918, 0.0 ], [ 110.269584, -7.657511, 0.0 ], [ 110.269998, -7.657336999999888, 0.0 ], [ 110.270182, -7.657275, 0.0 ], [ 110.270308, -7.657169, 0.0 ], [ 110.27039, -7.657027, 0.0 ], [ 110.270515, -7.65664, 0.0 ], [ 110.270799, -7.656133, 0.0 ], [ 110.270901, -7.655784, 0.0 ], [ 110.27096, -7.655612, 0.0 ], [ 110.271029, -7.655522, 0.0 ], [ 110.2712420000001, -7.655508, 0.0 ], [ 110.271351, -7.655497, 0.0 ], [ 110.271433000000101, -7.655431, 0.0 ], [ 110.271474000000111, -7.655219, 0.0 ], [ 110.271509, -7.65507, 0.0 ], [ 110.271627, -7.654879999999899, 0.0 ], [ 110.271932, -7.654674000999908, 0.0 ], [ 110.272093, -7.654563, 0.0 ], [ 110.272287, -7.654393, 0.0 ], [ 110.272557000000106, -7.654323001, 0.0 ], [ 110.272771, -7.654277, 0.0 ], [ 110.272955, -7.654194, 0.0 ], [ 110.273061, -7.654086, 0.0 ], [ 110.273136, -7.653777000999941, 0.0 ], [ 110.273197, -7.653469, 0.0 ], [ 110.273225, -7.653231000999973, 0.0 ], [ 110.27328, -7.653038, 0.0 ], [ 110.273311, -7.652931, 0.0 ], [ 110.273432000000113, -7.652716, 0.0 ], [ 110.273577, -7.652554, 0.0 ], [ 110.274478, -7.652044, 0.0 ], [ 110.274873, -7.651657, 0.0 ], [ 110.275223, -7.651246, 0.0 ], [ 110.275259, -7.651201, 0.0 ], [ 110.275333, -7.651109, 0.0 ], [ 110.275863, -7.651027, 0.0 ], [ 110.276082, -7.650969000999954, 0.0 ], [ 110.276115, -7.650952, 0.0 ], [ 110.276116, -7.650936, 0.0 ], [ 110.276137000000105, -7.650862, 0.0 ], [ 110.276309000000126, -7.650707, 0.0 ], [ 110.276444000000112, -7.650587, 0.0 ], [ 110.276809000000114, -7.650278, 0.0 ], [ 110.276965, -7.650251, 0.0 ], [ 110.27731, -7.650427, 0.0 ], [ 110.277418, -7.650478, 0.0 ], [ 110.277507, -7.650492, 0.0 ], [ 110.277616, -7.650399, 0.0 ], [ 110.27772, -7.650256, 0.0 ], [ 110.277851, -7.650157, 0.0 ], [ 110.277935, -7.650138, 0.0 ], [ 110.277937, -7.650138, 0.0 ], [ 110.277952, -7.650139, 0.0 ], [ 110.278173, -7.650181, 0.0 ], [ 110.278698, -7.650206, 0.0 ], [ 110.278979, -7.650334999999899, 0.0 ], [ 110.279024, -7.650355, 0.0 ], [ 110.279114, -7.650364, 0.0 ], [ 110.279504, -7.650312, 0.0 ], [ 110.279637, -7.650263, 0.0 ], [ 110.279873, -7.650055, 0.0 ], [ 110.280077, -7.649996, 0.0 ], [ 110.280217, -7.650008, 0.0 ], [ 110.280355, -7.650086, 0.0 ], [ 110.280557, -7.650494, 0.0 ], [ 110.280587, -7.650838, 0.0 ], [ 110.280648, -7.651096, 0.0 ], [ 110.280825, -7.651196, 0.0 ], [ 110.280965, -7.651275, 0.0 ], [ 110.281044, -7.651319, 0.0 ], [ 110.281141, -7.651374, 0.0 ], [ 110.281158, -7.651388, 0.0 ], [ 110.281171, -7.651432, 0.0 ], [ 110.281199, -7.651517, 0.0 ], [ 110.281231, -7.651602, 0.0 ], [ 110.28126, -7.651687, 0.0 ], [ 110.28128, -7.651769000999977, 0.0 ], [ 110.281275, -7.651811, 0.0 ], [ 110.281268, -7.651865, 0.0 ], [ 110.28124, -7.651937, 0.0 ], [ 110.281334, -7.652118, 0.0 ], [ 110.281547, -7.652222, 0.0 ], [ 110.281855, -7.652263, 0.0 ], [ 110.282195, -7.652322, 0.0 ], [ 110.282966, -7.652391, 0.0 ], [ 110.283291, -7.652499, 0.0 ], [ 110.283538, -7.652551, 0.0 ], [ 110.283729, -7.652489, 0.0 ], [ 110.28379, -7.652223, 0.0 ], [ 110.283741, -7.651765, 0.0 ], [ 110.283716, -7.651508, 0.0 ], [ 110.283796, -7.651331, 0.0 ], [ 110.284030000000101, -7.65109, 0.0 ], [ 110.284397, -7.650817, 0.0 ], [ 110.284516, -7.650687, 0.0 ], [ 110.284538, -7.650406, 0.0 ], [ 110.284525000000116, -7.650113, 0.0 ], [ 110.284579, -7.64994, 0.0 ], [ 110.284635, -7.649871, 0.0 ], [ 110.284686000000107, -7.64987, 0.0 ], [ 110.28505, -7.650143, 0.0 ], [ 110.285315000000111, -7.65044, 0.0 ], [ 110.285726, -7.650793, 0.0 ], [ 110.285779, -7.650841, 0.0 ], [ 110.287058, -7.651483, 0.0 ], [ 110.287494, -7.651647, 0.0 ], [ 110.287674, -7.651483, 0.0 ], [ 110.287889, -7.651362, 0.0 ], [ 110.288047, -7.651298, 0.0 ], [ 110.288159, -7.651178, 0.0 ], [ 110.288242, -7.65095000099998, 0.0 ], [ 110.288862, -7.650253, 0.0 ], [ 110.288994, -7.650058, 0.0 ], [ 110.289105, -7.649789, 0.0 ], [ 110.289121, -7.649669, 0.0 ], [ 110.289076, -7.649474, 0.0 ], [ 110.289035, -7.649297999999895, 0.0 ], [ 110.289041, -7.649141, 0.0 ], [ 110.289099000000107, -7.64902, 0.0 ], [ 110.289142000000112, -7.648973, 0.0 ], [ 110.28926100000011, -7.648844999999895, 0.0 ], [ 110.289480000000111, -7.648709, 0.0 ], [ 110.289585, -7.648644, 0.0 ], [ 110.290416, -7.648167, 0.0 ], [ 110.290671, -7.647999, 0.0 ], [ 110.290857, -7.647892, 0.0 ], [ 110.290979, -7.647754, 0.0 ], [ 110.291111, -7.647596000999936, 0.0 ], [ 110.29114, -7.647573, 0.0 ], [ 110.291179, -7.64753, 0.0 ], [ 110.2914, -7.647251, 0.0 ], [ 110.291544, -7.647128000999938, 0.0 ], [ 110.291777, -7.646986, 0.0 ], [ 110.291944, -7.646781, 0.0 ], [ 110.292114, -7.646413, 0.0 ], [ 110.292242, -7.646179, 0.0 ], [ 110.292378, -7.646029, 0.0 ], [ 110.292365, -7.646251, 0.0 ], [ 110.292775, -7.646873, 0.0 ], [ 110.29317, -7.6471, 0.0 ], [ 110.293803000000125, -7.647567, 0.0 ], [ 110.294538, -7.648112, 0.0 ], [ 110.295193, -7.64854, 0.0 ], [ 110.296095, -7.64903, 0.0 ], [ 110.297039, -7.649554, 0.0 ], [ 110.297638, -7.649885, 0.0 ], [ 110.298279, -7.650279, 0.0 ], [ 110.298871, -7.650758999999898, 0.0 ], [ 110.299282, -7.651117, 0.0 ], [ 110.299447, -7.651336, 0.0 ], [ 110.29953, -7.651556, 0.0 ] ] ] ] } },
{ "type": "Feature", "properties": { "NAMOBJ": "Somokaton", "WADMKC": "Ngluwar", "WADMKK": "Kabupaten Magelang", "WADMPR": "Jawa Tengah" }, "geometry": { "type": "MultiPolygon", "coordinates": [ [ [ [ 110.304836, -7.65464, 0.0 ], [ 110.304832454109075, -7.654641601384384, 0.0 ], [ 110.304588000000123, -7.654752000999967, 0.0 ], [ 110.304544, -7.654778, 0.0 ], [ 110.304522664051916, -7.654790338861563, 0.0 ], [ 110.304460207556744, -7.654826193116417, 0.0 ], [ 110.304104, -7.654913, 0.0 ], [ 110.304103503215572, -7.654913512070173, 0.0 ], [ 110.304100031000075, -7.6549143569999, 0.0 ], [ 110.304056714054127, -7.654961740898127, 0.0 ], [ 110.304039, -7.65498, 0.0 ], [ 110.304016, -7.655084999999897, 0.0 ], [ 110.3039780000001, -7.655223, 0.0 ], [ 110.303959135702868, -7.655245008346736, 0.0 ], [ 110.303901660000093, -7.655308220999892, 0.0 ], [ 110.303737730366137, -7.655430545336419, 0.0 ], [ 110.303526, -7.655586, 0.0 ], [ 110.303365, -7.655762, 0.0 ], [ 110.303235, -7.655895, 0.0 ], [ 110.303005669028536, -7.6560259097628, 0.0 ], [ 110.302993785000112, -7.65603254799996, 0.0 ], [ 110.302965917302458, -7.656069620737195, 0.0 ], [ 110.302886, -7.656173, 0.0 ], [ 110.302816, -7.656379, 0.0 ], [ 110.302803899428227, -7.656424498149896, 0.0 ], [ 110.30278779800021, -7.65647457699994, 0.0 ], [ 110.302703846000099, -7.656806926999906, 0.0 ], [ 110.302627166483859, -7.656944746702756, 0.0 ], [ 110.302613, -7.65697, 0.0 ], [ 110.302599615088909, -7.656996043509292, 0.0 ], [ 110.302482601, -7.657222721999936, 0.0 ], [ 110.30242895006387, -7.657368746925599, 0.0 ], [ 110.302329, -7.657637, 0.0 ], [ 110.302287045741537, -7.657748641348718, 0.0 ], [ 110.302207944000102, -7.657952271999903, 0.0 ], [ 110.302154531000042, -7.658163046999935, 0.0 ], [ 110.301933311000028, -7.658857318999914, 0.0 ], [ 110.301886175094538, -7.658931451406083, 0.0 ], [ 110.301840000000126, -7.659, 0.0 ], [ 110.301762661136195, -7.65906913625707, 0.0 ], [ 110.301704401000094, -7.659119088, 0.0 ], [ 110.301668802685583, -7.659179171566556, 0.0 ], [ 110.301642, -7.659221, 0.0 ], [ 110.301478668492038, -7.659551272552225, 0.0 ], [ 110.301277146, -7.659954037999885, 0.0 ], [ 110.30121050396545, -7.659993352536222, 0.0 ], [ 110.301156, -7.660025, 0.0 ], [ 110.300956, -7.660158, 0.0 ], [ 110.300880000000106, -7.660306, 0.0 ], [ 110.300811, -7.660525000999964, 0.0 ], [ 110.300589, -7.661238, 0.0 ], [ 110.300500459583674, -7.661522333399031, 0.0 ], [ 110.300392167999973, -7.66186234899995, 0.0 ], [ 110.300350468494258, -7.662006530797296, 0.0 ], [ 110.300298, -7.662178, 0.0 ], [ 110.300329, -7.662295, 0.0 ], [ 110.300368949561957, -7.662460624225222, 0.0 ], [ 110.300376869323784, -7.662495031206042, 0.0 ], [ 110.300331, -7.662857, 0.0 ], [ 110.300267, -7.662997, 0.0 ], [ 110.300215390452266, -7.663147933583183, 0.0 ], [ 110.300184909967371, -7.663228385345768, 0.0 ], [ 110.300115, -7.663405, 0.0 ], [ 110.299949, -7.663645000999921, 0.0 ], [ 110.299899250123673, -7.663723102688948, 0.0 ], [ 110.299758925999981, -7.66393851599987, 0.0 ], [ 110.299758925999981, -7.664031284002217, 0.0 ], [ 110.299756, -7.664099, 0.0 ], [ 110.299771546487122, -7.664336083927694, 0.0 ], [ 110.29978180000009, -7.664527388999922, 0.0 ], [ 110.299743669000051, -7.664658998999887, 0.0 ], [ 110.299684229087319, -7.664707632814729, 0.0 ], [ 110.299661, -7.664726, 0.0 ], [ 110.299542, -7.664755, 0.0 ], [ 110.299124, -7.664785, 0.0 ], [ 110.298709, -7.664914, 0.0 ], [ 110.298401, -7.66498, 0.0 ], [ 110.298364309400711, -7.665037858252834, 0.0 ], [ 110.298347484000075, -7.665062872999908, 0.0 ], [ 110.298334975762074, -7.665110083435646, 0.0 ], [ 110.298307000000108, -7.665206000999937, 0.0 ], [ 110.298122732592816, -7.665572719464421, 0.0 ], [ 110.298103343276438, -7.665610733483554, 0.0 ], [ 110.298027, -7.665696, 0.0 ], [ 110.29767876268744, -7.666102746820471, 0.0 ], [ 110.297531128000031, -7.666274517999884, 0.0 ], [ 110.297506073655924, -7.666296250684336, 0.0 ], [ 110.297218, -7.666545, 0.0 ], [ 110.297163, -7.666583, 0.0 ], [ 110.296848955161636, -7.666800640376394, 0.0 ], [ 110.29673003, -7.666882008999966, 0.0 ], [ 110.296691899000137, -7.666922533999944, 0.0 ], [ 110.296578598741007, -7.667029550806294, 0.0 ], [ 110.296354, -7.667239, 0.0 ], [ 110.296324, -7.667256, 0.0 ], [ 110.296178038222038, -7.667365078963019, 0.0 ], [ 110.296134967000157, -7.667396528999905, 0.0 ], [ 110.296094553634177, -7.667427826143093, 0.0 ], [ 110.295958, -7.667531, 0.0 ], [ 110.295751, -7.667687, 0.0 ], [ 110.295257, -7.668264, 0.0 ], [ 110.295088, -7.668686, 0.0 ], [ 110.294930000000107, -7.669061, 0.0 ], [ 110.294908466556635, -7.66908492604821, 0.0 ], [ 110.294845584000058, -7.669151758999917, 0.0 ], [ 110.294805855054946, -7.669174668084057, 0.0 ], [ 110.294674, -7.669246999999892, 0.0 ], [ 110.294578, -7.669307, 0.0 ], [ 110.294567354019406, -7.669365068985147, 0.0 ], [ 110.294518537639846, -7.669613365425533, 0.0 ], [ 110.294455, -7.669704, 0.0 ], [ 110.294426, -7.66974, 0.0 ], [ 110.294221025044919, -7.669993847987168, 0.0 ], [ 110.294143670999972, -7.670089229999945, 0.0 ], [ 110.294124587018999, -7.670123965728461, 0.0 ], [ 110.294082, -7.670199, 0.0 ], [ 110.293964025859168, -7.670426025867673, 0.0 ], [ 110.293930523800711, -7.670442498303267, 0.0 ], [ 110.293907, -7.670453, 0.0 ], [ 110.293677, -7.670461, 0.0 ], [ 110.293567, -7.670413000999911, 0.0 ], [ 110.293449, -7.67032, 0.0 ], [ 110.293410574548787, -7.670307648962062, 0.0 ], [ 110.293396011000112, -7.670302833999944, 0.0 ], [ 110.293395860668099, -7.67030291950044, 0.0 ], [ 110.293393, -7.670302, 0.0 ], [ 110.29332, -7.670345, 0.0 ], [ 110.293212, -7.670519, 0.0 ], [ 110.292859, -7.671349001, 0.0 ], [ 110.292818765525752, -7.671450304939988, 0.0 ], [ 110.292801912849967, -7.671489263448407, 0.0 ], [ 110.292065, -7.67099, 0.0 ], [ 110.291902, -7.670851, 0.0 ], [ 110.291667, -7.670614, 0.0 ], [ 110.291348000000127, -7.670219, 0.0 ], [ 110.291185, -7.66992, 0.0 ], [ 110.2912350000001, -7.669581, 0.0 ], [ 110.291321, -7.669362, 0.0 ], [ 110.291469, -7.669177, 0.0 ], [ 110.291578, -7.669093, 0.0 ], [ 110.291686000000112, -7.669041999999894, 0.0 ], [ 110.291899, -7.668456999999897, 0.0 ], [ 110.291896, -7.668454, 0.0 ], [ 110.291866, -7.668422, 0.0 ], [ 110.291775000000101, -7.668325, 0.0 ], [ 110.291712, -7.668249, 0.0 ], [ 110.291644000000105, -7.668297, 0.0 ], [ 110.291294, -7.668378, 0.0 ], [ 110.291073, -7.66846, 0.0 ], [ 110.29077, -7.668626, 0.0 ], [ 110.290539, -7.66873, 0.0 ], [ 110.290185, -7.668909999999897, 0.0 ], [ 110.289779, -7.669033, 0.0 ], [ 110.289036, -7.668957, 0.0 ], [ 110.2887360000001, -7.668971, 0.0 ], [ 110.288711, -7.669022, 0.0 ], [ 110.288328, -7.669637, 0.0 ], [ 110.288244, -7.669667, 0.0 ], [ 110.288001, -7.669675, 0.0 ], [ 110.287833, -7.669669, 0.0 ], [ 110.287342, -7.669649, 0.0 ], [ 110.287221, -7.669651, 0.0 ], [ 110.287213, -7.669394, 0.0 ], [ 110.286985, -7.66933499999989, 0.0 ], [ 110.287345000000116, -7.668643, 0.0 ], [ 110.287362000000101, -7.668611, 0.0 ], [ 110.287381, -7.668604, 0.0 ], [ 110.287434000000104, -7.668589, 0.0 ], [ 110.287675, -7.668524, 0.0 ], [ 110.287711, -7.668514, 0.0 ], [ 110.287747, -7.668469, 0.0 ], [ 110.287758, -7.668456999999897, 0.0 ], [ 110.287806, -7.668397, 0.0 ], [ 110.288218, -7.667891, 0.0 ], [ 110.288015000000129, -7.667753, 0.0 ], [ 110.287661, -7.667353, 0.0 ], [ 110.287273000000113, -7.667001, 0.0 ], [ 110.286841, -7.666667, 0.0 ], [ 110.286682, -7.666559, 0.0 ], [ 110.28632, -7.666509, 0.0 ], [ 110.286194, -7.666318, 0.0 ], [ 110.286262000000121, -7.666049, 0.0 ], [ 110.286312, -7.665748, 0.0 ], [ 110.286357, -7.665438, 0.0 ], [ 110.286171, -7.664875, 0.0 ], [ 110.286047, -7.6646, 0.0 ], [ 110.286047, -7.664428, 0.0 ], [ 110.28621, -7.664157, 0.0 ], [ 110.286387, -7.663946, 0.0 ], [ 110.286568, -7.663793, 0.0 ], [ 110.286694, -7.663728, 0.0 ], [ 110.287279, -7.663244, 0.0 ], [ 110.287533, -7.662833, 0.0 ], [ 110.287684, -7.662634, 0.0 ], [ 110.287802, -7.662542, 0.0 ], [ 110.288299, -7.662534000999923, 0.0 ], [ 110.288458, -7.662519, 0.0 ], [ 110.288631, -7.662437000999979, 0.0 ], [ 110.288863, -7.662228, 0.0 ], [ 110.288965, -7.662146, 0.0 ], [ 110.289406, -7.662114, 0.0 ], [ 110.289727000000113, -7.662205, 0.0 ], [ 110.289917, -7.662276, 0.0 ], [ 110.290022, -7.662287, 0.0 ], [ 110.290308, -7.661799, 0.0 ], [ 110.290404, -7.661639, 0.0 ], [ 110.290503, -7.661538, 0.0 ], [ 110.290938, -7.661521, 0.0 ], [ 110.291060000000101, -7.661508, 0.0 ], [ 110.291175000000109, -7.661459, 0.0 ], [ 110.291246, -7.661369, 0.0 ], [ 110.291273, -7.661224, 0.0 ], [ 110.291297, -7.66089, 0.0 ], [ 110.291326, -7.660724, 0.0 ], [ 110.29143, -7.660539, 0.0 ], [ 110.291693, -7.660365, 0.0 ], [ 110.291787, -7.660262, 0.0 ], [ 110.291827, -7.65987, 0.0 ], [ 110.291844000000125, -7.659772, 0.0 ], [ 110.291861, -7.659665, 0.0 ], [ 110.291925, -7.659508, 0.0 ], [ 110.292489, -7.659053, 0.0 ], [ 110.292840000000112, -7.658775, 0.0 ], [ 110.29301300000013, -7.658628, 0.0 ], [ 110.293321, -7.658434, 0.0 ], [ 110.293736, -7.658144, 0.0 ], [ 110.293918, -7.658015, 0.0 ], [ 110.294016, -7.657897, 0.0 ], [ 110.29407, -7.657756000999917, 0.0 ], [ 110.294061, -7.657677, 0.0 ], [ 110.293941, -7.657536, 0.0 ], [ 110.29376000000012, -7.657382, 0.0 ], [ 110.293661, -7.657267, 0.0 ], [ 110.293614, -7.65715, 0.0 ], [ 110.293615, -7.657044999999886, 0.0 ], [ 110.29376000000012, -7.656829, 0.0 ], [ 110.293965000000114, -7.656619, 0.0 ], [ 110.294169, -7.656476, 0.0 ], [ 110.294876, -7.656315, 0.0 ], [ 110.295048000000108, -7.656273, 0.0 ], [ 110.295123, -7.656228, 0.0 ], [ 110.295151, -7.655825000999929, 0.0 ], [ 110.295155, -7.655738, 0.0 ], [ 110.295162, -7.655595, 0.0 ], [ 110.295227, -7.655436, 0.0 ], [ 110.295315, -7.65533, 0.0 ], [ 110.295527, -7.655226, 0.0 ], [ 110.295921, -7.6551, 0.0 ], [ 110.296136, -7.655036, 0.0 ], [ 110.29634500000013, -7.654949, 0.0 ], [ 110.296343, -7.654803, 0.0 ], [ 110.296367, -7.65471, 0.0 ], [ 110.296438, -7.654423, 0.0 ], [ 110.296518, -7.654123, 0.0 ], [ 110.296656, -7.653832, 0.0 ], [ 110.296878, -7.653549, 0.0 ], [ 110.297261, -7.653228, 0.0 ], [ 110.297595, -7.653002, 0.0 ], [ 110.2978, -7.652892, 0.0 ], [ 110.298827, -7.652441, 0.0 ], [ 110.299174, -7.652095, 0.0 ], [ 110.299422, -7.651801, 0.0 ], [ 110.29953, -7.651556, 0.0 ], [ 110.299545, -7.651583, 0.0 ], [ 110.299675, -7.651985, 0.0 ], [ 110.300205, -7.652113, 0.0 ], [ 110.300358, -7.652227, 0.0 ], [ 110.300643, -7.652406, 0.0 ], [ 110.30094, -7.652565, 0.0 ], [ 110.30128, -7.652765, 0.0 ], [ 110.301598, -7.652809, 0.0 ], [ 110.302001, -7.652691, 0.0 ], [ 110.302513, -7.65261, 0.0 ], [ 110.302833, -7.652638, 0.0 ], [ 110.303084, -7.652696, 0.0 ], [ 110.303608, -7.652971, 0.0 ], [ 110.303937, -7.65312, 0.0 ], [ 110.304337, -7.653449, 0.0 ], [ 110.304853, -7.653925, 0.0 ], [ 110.30539, -7.654443, 0.0 ], [ 110.304836, -7.65464, 0.0 ] ] ] ] } },
{ "type": "Feature", "properties": { "NAMOBJ": "Bligo", "WADMKC": "Ngluwar", "WADMKK": "Kabupaten Magelang", "WADMPR": "Jawa Tengah" }, "geometry": { "type": "MultiPolygon", "coordinates": [ [ [ [ 110.269665, -7.671947, 0.0 ], [ 110.270321000000109, -7.67199, 0.0 ], [ 110.27129, -7.672048, 0.0 ], [ 110.271725000000103, -7.672038999999888, 0.0 ], [ 110.272089, -7.672059, 0.0 ], [ 110.272287, -7.672192, 0.0 ], [ 110.272423, -7.672431, 0.0 ], [ 110.27252, -7.672897, 0.0 ], [ 110.272653, -7.673388, 0.0 ], [ 110.27282000000011, -7.673879, 0.0 ], [ 110.273234, -7.674864, 0.0 ], [ 110.273305, -7.675071, 0.0 ], [ 110.273729, -7.675500999999898, 0.0 ], [ 110.273902000000106, -7.675644, 0.0 ], [ 110.274008, -7.675686, 0.0 ], [ 110.274086, -7.675687, 0.0 ], [ 110.274124, -7.675705, 0.0 ], [ 110.274532, -7.675897, 0.0 ], [ 110.274666, -7.675984, 0.0 ], [ 110.274767, -7.676085, 0.0 ], [ 110.274851000000112, -7.676105, 0.0 ], [ 110.275695, -7.676454, 0.0 ], [ 110.276468, -7.676587, 0.0 ], [ 110.276638, -7.677472001, 0.0 ], [ 110.276477, -7.67799800099991, 0.0 ], [ 110.276435, -7.678261, 0.0 ], [ 110.27641, -7.678573, 0.0 ], [ 110.276939000000112, -7.678938, 0.0 ], [ 110.278107, -7.679428, 0.0 ], [ 110.279171, -7.679883, 0.0 ], [ 110.279685000000129, -7.679721, 0.0 ], [ 110.279827, -7.679482, 0.0 ], [ 110.280496, -7.678993001, 0.0 ], [ 110.280822, -7.678979, 0.0 ], [ 110.281600000000125, -7.679484, 0.0 ], [ 110.283151000000117, -7.680263, 0.0 ], [ 110.284209, -7.680724, 0.0 ], [ 110.284477, -7.67982799999989, 0.0 ], [ 110.28458, -7.679281, 0.0 ], [ 110.284688000000102, -7.678715, 0.0 ], [ 110.284798, -7.678483, 0.0 ], [ 110.285058, -7.678123, 0.0 ], [ 110.285516000000129, -7.678173, 0.0 ], [ 110.285898000000117, -7.678522, 0.0 ], [ 110.286232, -7.678903, 0.0 ], [ 110.286616, -7.679354, 0.0 ], [ 110.286817, -7.679592, 0.0 ], [ 110.286978, -7.67988, 0.0 ], [ 110.286919, -7.67994, 0.0 ], [ 110.286818, -7.680042, 0.0 ], [ 110.286744, -7.680182, 0.0 ], [ 110.286721050889511, -7.680221211062889, 0.0 ], [ 110.28659058200013, -7.680441338999923, 0.0 ], [ 110.286573401009818, -7.680699309717422, 0.0 ], [ 110.286567, -7.680784, 0.0 ], [ 110.28649, -7.681121, 0.0 ], [ 110.286473723072888, -7.681163875808085, 0.0 ], [ 110.286445625000042, -7.681230031999899, 0.0 ], [ 110.286506253517715, -7.681302401945668, 0.0 ], [ 110.286527, -7.681329, 0.0 ], [ 110.286512000000116, -7.681681, 0.0 ], [ 110.286483, -7.681805, 0.0 ], [ 110.28643893901689, -7.681881858256336, 0.0 ], [ 110.286346440000088, -7.682038287999983, 0.0 ], [ 110.286322153535522, -7.682101111627706, 0.0 ], [ 110.286307000000122, -7.682136, 0.0 ], [ 110.286318723197638, -7.682293918368057, 0.0 ], [ 110.286323542000147, -7.68236635799995, 0.0 ], [ 110.28632265247019, -7.68239280811547, 0.0 ], [ 110.286313, -7.682592, 0.0 ], [ 110.28631106143672, -7.682676004414059, 0.0 ], [ 110.286308284000128, -7.682723491999923, 0.0 ], [ 110.286302359056663, -7.682766639195783, 0.0 ], [ 110.286291, -7.682833, 0.0 ], [ 110.286191000000116, -7.68291, 0.0 ], [ 110.285827, -7.683164, 0.0 ], [ 110.285792793134945, -7.683242849723062, 0.0 ], [ 110.285766610000081, -7.683300951999918, 0.0 ], [ 110.285696456389516, -7.683501490168478, 0.0 ], [ 110.285621, -7.683714, 0.0 ], [ 110.285634451310486, -7.683762976566257, 0.0 ], [ 110.285659809000038, -7.683857399999862, 0.0 ], [ 110.285736096000036, -7.684001413999876, 0.0 ], [ 110.285766610000081, -7.684089621999892, 0.0 ], [ 110.285728455000026, -7.684213615999937, 0.0 ], [ 110.285598755000137, -7.684437712999916, 0.0 ], [ 110.28559218167878, -7.684497287332494, 0.0 ], [ 110.285581, -7.684575, 0.0 ], [ 110.285560703885338, -7.684777961147262, 0.0 ], [ 110.285552983000073, -7.684846373999978, 0.0 ], [ 110.285491953000175, -7.684983231999933, 0.0 ], [ 110.285423283, -7.685167287999974, 0.0 ], [ 110.285324097000142, -7.685516345999901, 0.0 ], [ 110.285301025160422, -7.685571129021042, 0.0 ], [ 110.285229000000101, -7.685733, 0.0 ], [ 110.285222782232552, -7.685747508124098, 0.0 ], [ 110.285217296000098, -7.685755240999949, 0.0 ], [ 110.285148138755019, -7.685911812930215, 0.0 ], [ 110.285118, -7.685978, 0.0 ], [ 110.284932203612811, -7.68644792361113, 0.0 ], [ 110.284774782999989, -7.68684431999991, 0.0 ], [ 110.284754466745895, -7.686891535271336, 0.0 ], [ 110.28465, -7.687127, 0.0 ], [ 110.284531, -7.687313, 0.0 ], [ 110.284468114488078, -7.68735607905149, 0.0 ], [ 110.284400940000054, -7.687401274999985, 0.0 ], [ 110.284126282999978, -7.687562916999948, 0.0 ], [ 110.284100663739665, -7.687586137336268, 0.0 ], [ 110.283940000000115, -7.687728, 0.0 ], [ 110.283833314920855, -7.687821779626038, 0.0 ], [ 110.283813494000128, -7.687838540999927, 0.0 ], [ 110.283756411119924, -7.687897135566992, 0.0 ], [ 110.283707, -7.687947, 0.0 ], [ 110.28370587297843, -7.687950034288839, 0.0 ], [ 110.283691411000063, -7.687983473999928, 0.0 ], [ 110.283622740000155, -7.688168980999912, 0.0 ], [ 110.283538837000137, -7.68841263999991, 0.0 ], [ 110.283526547003476, -7.688451288169642, 0.0 ], [ 110.283514000000125, -7.688484, 0.0 ], [ 110.283433967249039, -7.68863989712947, 0.0 ], [ 110.283416753000068, -7.688672499999917, 0.0 ], [ 110.283386934136345, -7.688716403954611, 0.0 ], [ 110.28321, -7.688975, 0.0 ], [ 110.283043, -7.689109, 0.0 ], [ 110.282881706729498, -7.689157876748578, 0.0 ], [ 110.282877854247701, -7.689159014963078, 0.0 ], [ 110.282615, -7.689186, 0.0 ], [ 110.282418, -7.689233, 0.0 ], [ 110.282338, -7.689317, 0.0 ], [ 110.282262000000102, -7.68948, 0.0 ], [ 110.28193600000013, -7.690418, 0.0 ], [ 110.281834, -7.690615, 0.0 ], [ 110.281742, -7.690792000999959, 0.0 ], [ 110.28162708445933, -7.69090406078239, 0.0 ], [ 110.281578056000086, -7.690949889999967, 0.0 ], [ 110.281551063188459, -7.690963493218252, 0.0 ], [ 110.281455, -7.69101, 0.0 ], [ 110.280933, -7.691225, 0.0 ], [ 110.280932896220435, -7.691225092499245, 0.0 ], [ 110.280929556000075, -7.691226456999935, 0.0 ], [ 110.280792239, -7.691349, 0.0 ], [ 110.280757734843576, -7.691412408912292, 0.0 ], [ 110.280714, -7.691488, 0.0 ], [ 110.280568082751756, -7.691824768207713, 0.0 ], [ 110.280395523000024, -7.692216374999951, 0.0 ], [ 110.2803115950001, -7.692339400999916, 0.0 ], [ 110.280300721455276, -7.692356110853506, 0.0 ], [ 110.280273000000108, -7.692397, 0.0 ], [ 110.279946, -7.692822, 0.0 ], [ 110.279945905190019, -7.692822204615403, 0.0 ], [ 110.279945369000174, -7.692822898999864, 0.0 ], [ 110.279747023000013, -7.693246333999905, 0.0 ], [ 110.279464725000111, -7.6938495449999, 0.0 ], [ 110.279396054000017, -7.693994018999952, 0.0 ], [ 110.279336674470912, -7.694110933709865, 0.0 ], [ 110.279242, -7.694293, 0.0 ], [ 110.279084479734351, -7.69450622134822, 0.0 ], [ 110.278976439000118, -7.694650134999971, 0.0 ], [ 110.278817173737366, -7.694817584668058, 0.0 ], [ 110.278548, -7.695098, 0.0 ], [ 110.278370213358883, -7.695232705236645, 0.0 ], [ 110.278251653000098, -7.695321049999972, 0.0 ], [ 110.277976995000117, -7.695566134999911, 0.0 ], [ 110.2778875474297, -7.695714953559254, 0.0 ], [ 110.277816000000115, -7.695831, 0.0 ], [ 110.277706234597659, -7.696074788958686, 0.0 ], [ 110.277633667000131, -7.696233712999902, 0.0 ], [ 110.277614014398097, -7.696283043387499, 0.0 ], [ 110.277531, -7.696481, 0.0 ], [ 110.277495129831195, -7.696569044959791, 0.0 ], [ 110.277473453000013, -7.696616622999965, 0.0 ], [ 110.277420040000123, -7.69673440199994, 0.0 ], [ 110.277374268000074, -7.696964230999949, 0.0 ], [ 110.277323967365305, -7.697174657033258, 0.0 ], [ 110.277265, -7.69741, 0.0 ], [ 110.27713, -7.697826, 0.0 ], [ 110.277128548538499, -7.697827979265661, 0.0 ], [ 110.277046197000104, -7.697887387999948, 0.0 ], [ 110.277029063830909, -7.697897505013842, 0.0 ], [ 110.276822, -7.698017, 0.0 ], [ 110.276494, -7.698214, 0.0 ], [ 110.276337, -7.698317, 0.0 ], [ 110.276336727270476, -7.698317473533447, 0.0 ], [ 110.276336692000015, -7.69831749599992, 0.0 ], [ 110.276324149152018, -7.698339312602577, 0.0 ], [ 110.276246, -7.698475000999984, 0.0 ], [ 110.276245952657135, -7.698475324922917, 0.0 ], [ 110.276245123000166, -7.698476767999953, 0.0 ], [ 110.276242568695579, -7.698498478165885, 0.0 ], [ 110.276227, -7.698605, 0.0 ], [ 110.276253770344084, -7.698786880866717, 0.0 ], [ 110.276260381000014, -7.698836779999898, 0.0 ], [ 110.276260381000014, -7.698842190619494, 0.0 ], [ 110.27626, -7.69884600099995, 0.0 ], [ 110.276257, -7.698987999999886, 0.0 ], [ 110.276199, -7.699101, 0.0 ], [ 110.276141269298975, -7.699143597970927, 0.0 ], [ 110.276092525000152, -7.699178197999903, 0.0 ], [ 110.275924694000125, -7.699255427999987, 0.0 ], [ 110.275910334587351, -7.699262074068926, 0.0 ], [ 110.275602, -7.699403, 0.0 ], [ 110.275493409203889, -7.699526223598376, 0.0 ], [ 110.275459283000075, -7.699563935999933, 0.0 ], [ 110.275435994678489, -7.699586885680223, 0.0 ], [ 110.275327, -7.699691, 0.0 ], [ 110.275098000000114, -7.699889, 0.0 ], [ 110.274899, -7.700062, 0.0 ], [ 110.274784708971794, -7.700229088514156, 0.0 ], [ 110.274711622000027, -7.70033215, 0.0 ], [ 110.274559024000013, -7.700506170999912, 0.0 ], [ 110.274535297308745, -7.700536828624085, 0.0 ], [ 110.274516000000105, -7.700559, 0.0 ], [ 110.274490927694714, -7.700578200352705, 0.0 ], [ 110.274482713000097, -7.700582941999958, 0.0 ], [ 110.274247, -7.700765, 0.0 ], [ 110.274246214399568, -7.70076560044788, 0.0 ], [ 110.274245321290692, -7.700766283066287, 0.0 ], [ 110.273793, -7.701112, 0.0 ], [ 110.273716892108951, -7.701218440746207, 0.0 ], [ 110.273651124000125, -7.701305842999908, 0.0 ], [ 110.273551939000086, -7.701549041999957, 0.0 ], [ 110.273550236011147, -7.701582089196936, 0.0 ], [ 110.273541, -7.701696, 0.0 ], [ 110.273565986136347, -7.701850200155437, 0.0 ], [ 110.273574837000027, -7.70191284999995, 0.0 ], [ 110.273594935735417, -7.702031261912403, 0.0 ], [ 110.273633, -7.702271, 0.0 ], [ 110.273651176704007, -7.702501238249805, 0.0 ], [ 110.27365874000013, -7.702614279999899, 0.0 ], [ 110.273681639000159, -7.702942325999953, 0.0 ], [ 110.273780824000113, -7.703283742999957, 0.0 ], [ 110.274017350000136, -7.704131097, 0.0 ], [ 110.274042514105076, -7.70437410234597, 0.0 ], [ 110.274047, -7.704425, 0.0 ], [ 110.274028191328512, -7.704463054753987, 0.0 ], [ 110.274002068000115, -7.704512555999933, 0.0 ], [ 110.273975204500871, -7.704536487511017, 0.0 ], [ 110.273877, -7.70462, 0.0 ], [ 110.273735, -7.70466, 0.0 ], [ 110.273496, -7.704685, 0.0 ], [ 110.273057, -7.704665, 0.0 ], [ 110.27282000000011, -7.704694, 0.0 ], [ 110.272769733228913, -7.704728720347067, 0.0 ], [ 110.272720350000114, -7.704762428999913, 0.0 ], [ 110.272644039000113, -7.704882118999958, 0.0 ], [ 110.272634681670539, -7.704918471828172, 0.0 ], [ 110.272588, -7.705088, 0.0 ], [ 110.272587, -7.705276, 0.0 ], [ 110.272634, -7.705506, 0.0 ], [ 110.272692973053452, -7.705827429705316, 0.0 ], [ 110.272743224000052, -7.706112358999874, 0.0 ], [ 110.272743224000052, -7.706446618999909, 0.0 ], [ 110.272722986703599, -7.70651884672753, 0.0 ], [ 110.272674, -7.706691, 0.0 ], [ 110.272628847045567, -7.706730892416005, 0.0 ], [ 110.2725677520001, -7.706783272999964, 0.0 ], [ 110.272516635782708, -7.706808997196337, 0.0 ], [ 110.272424, -7.706855, 0.0 ], [ 110.272248, -7.706880000999973, 0.0 ], [ 110.272112, -7.706844, 0.0 ], [ 110.271568, -7.706651, 0.0 ], [ 110.271155, -7.706605, 0.0 ], [ 110.270919, -7.706513, 0.0 ], [ 110.270763, -7.70637400099994, 0.0 ], [ 110.270653, -7.706207, 0.0 ], [ 110.270504, -7.705981, 0.0 ], [ 110.270499128074533, -7.705962962275727, 0.0 ], [ 110.27042, -7.70567, 0.0 ], [ 110.270425829239969, -7.705580767788913, 0.0 ], [ 110.270432812263991, -7.705473873805204, 0.0 ], [ 110.270433, -7.705471, 0.0 ], [ 110.270565, -7.705152, 0.0 ], [ 110.270772260471489, -7.704788458447311, 0.0 ], [ 110.27081300600004, -7.704718083999886, 0.0 ], [ 110.270889293000138, -7.704340904999942, 0.0 ], [ 110.270889293000138, -7.703774905999918, 0.0 ], [ 110.270729054000114, -7.70300574899996, 0.0 ], [ 110.270675142538778, -7.702873684749314, 0.0 ], [ 110.270569000000108, -7.702611999999888, 0.0 ], [ 110.27038, -7.702191, 0.0 ], [ 110.269829, -7.701334, 0.0 ], [ 110.269410123823135, -7.700713580296672, 0.0 ], [ 110.269378665000119, -7.700666893999976, 0.0 ], [ 110.268951410000028, -7.700070355999912, 0.0 ], [ 110.268786067802495, -7.699755404595489, 0.0 ], [ 110.268617, -7.69943, 0.0 ], [ 110.268502229660882, -7.699116638932015, 0.0 ], [ 110.268440251000101, -7.698945007999971, 0.0 ], [ 110.268416757078981, -7.698798767373251, 0.0 ], [ 110.268388, -7.698611, 0.0 ], [ 110.268416995842827, -7.698511744999649, 0.0 ], [ 110.268440251000101, -7.698433848999866, 0.0 ], [ 110.268646238, -7.698025187999892, 0.0 ], [ 110.268679618219835, -7.6979048334358, 0.0 ], [ 110.268749, -7.697666, 0.0 ], [ 110.268672, -7.697257, 0.0 ], [ 110.268521722504133, -7.696956445008187, 0.0 ], [ 110.268394479000037, -7.696695762999941, 0.0 ], [ 110.267883295000019, -7.69582601899992, 0.0 ], [ 110.267671332921196, -7.695463636982282, 0.0 ], [ 110.267496, -7.695160000999969, 0.0 ], [ 110.267266000000106, -7.694853, 0.0 ], [ 110.267036, -7.694622, 0.0 ], [ 110.266754, -7.694366, 0.0 ], [ 110.266416548104175, -7.694208698204676, 0.0 ], [ 110.266372692, -7.694188084999933, 0.0 ], [ 110.266166705000103, -7.69403405999989, 0.0 ], [ 110.266045822195181, -7.693778870857273, 0.0 ], [ 110.265961, -7.693598, 0.0 ], [ 110.265808132138659, -7.693010507826472, 0.0 ], [ 110.265809316940334, -7.692986700288397, 0.0 ], [ 110.265834, -7.69255, 0.0 ], [ 110.265856640108652, -7.691950456385356, 0.0 ], [ 110.265861533000077, -7.691835858999909, 0.0 ], [ 110.265838635000136, -7.69132467499989, 0.0 ], [ 110.265800589817758, -7.691106289684459, 0.0 ], [ 110.265786, -7.691017, 0.0 ], [ 110.265556, -7.690607, 0.0 ], [ 110.265018, -7.690121, 0.0 ], [ 110.264352, -7.689583000999935, 0.0 ], [ 110.264045512252167, -7.689327427156424, 0.0 ], [ 110.264036836026563, -7.689294184027908, 0.0 ], [ 110.263994, -7.689122, 0.0 ], [ 110.2637900000001, -7.688713, 0.0 ], [ 110.263659908987293, -7.688453452564794, 0.0 ], [ 110.263587963000077, -7.688304894999966, 0.0 ], [ 110.263435389000151, -7.688100310999914, 0.0 ], [ 110.263229378000162, -7.687946768999911, 0.0 ], [ 110.263229347671441, -7.687946764605027, 0.0 ], [ 110.263227, -7.687945000999942, 0.0 ], [ 110.262868, -7.687894, 0.0 ], [ 110.262407, -7.687944000999948, 0.0 ], [ 110.262048, -7.687867000999972, 0.0 ], [ 110.261715, -7.687738, 0.0 ], [ 110.261356, -7.687482, 0.0 ], [ 110.261102899597105, -7.687153760414802, 0.0 ], [ 110.261100764999981, -7.687150942999967, 0.0 ], [ 110.261093492987925, -7.687139748729479, 0.0 ], [ 110.260921, -7.686868, 0.0 ], [ 110.260819000000126, -7.686459, 0.0 ], [ 110.260769, -7.68605, 0.0 ], [ 110.260876180129287, -7.685626119875845, 0.0 ], [ 110.260925293000028, -7.685438147999914, 0.0 ], [ 110.260992648297375, -7.685242115111325, 0.0 ], [ 110.261104, -7.684926, 0.0 ], [ 110.26131, -7.684619999999899, 0.0 ], [ 110.261656070296041, -7.684276177662721, 0.0 ], [ 110.261772163000202, -7.684161628999988, 0.0 ], [ 110.262093454418746, -7.683831065596049, 0.0 ], [ 110.262568, -7.683344, 0.0 ], [ 110.262689111743981, -7.683223831231214, 0.0 ], [ 110.262825021000012, -7.683090176999976, 0.0 ], [ 110.263009929431689, -7.682966514471847, 0.0 ], [ 110.263054509291138, -7.682936987359003, 0.0 ], [ 110.26341249100021, -7.682861291999956, 0.0 ], [ 110.263771052000038, -7.682810756999949, 0.0 ], [ 110.263771773772362, -7.682810310059509, 0.0 ], [ 110.263774, -7.68281, 0.0 ], [ 110.264185, -7.682555, 0.0 ], [ 110.264391, -7.682172000999945, 0.0 ], [ 110.264434837111708, -7.68204134044548, 0.0 ], [ 110.26449586300005, -7.681866151999952, 0.0 ], [ 110.264486044478943, -7.681751076937406, 0.0 ], [ 110.264469, -7.681507, 0.0 ], [ 110.264392, -7.681226, 0.0 ], [ 110.264239000000117, -7.68097, 0.0 ], [ 110.264034, -7.680817, 0.0 ], [ 110.26365, -7.680688, 0.0 ], [ 110.263214, -7.680585, 0.0 ], [ 110.263087553313227, -7.680501249597029, 0.0 ], [ 110.263061546000131, -7.680483773999882, 0.0 ], [ 110.263010562118126, -7.680361873319576, 0.0 ], [ 110.263009, -7.680355, 0.0 ], [ 110.262958, -7.680125000999951, 0.0 ], [ 110.262972594140564, -7.679936444120951, 0.0 ], [ 110.262985211000114, -7.679802848999941, 0.0 ], [ 110.262985301000128, -7.679801409999911, 0.0 ], [ 110.262995477224081, -7.67963845924249, 0.0 ], [ 110.263011, -7.679435, 0.0 ], [ 110.263027147135574, -7.679149319909452, 0.0 ], [ 110.263038648, -7.678976023999919, 0.0 ], [ 110.263077998159943, -7.678793661985008, 0.0 ], [ 110.263141, -7.678515, 0.0 ], [ 110.263209874899601, -7.678298088790438, 0.0 ], [ 110.263298048000152, -7.678030934999882, 0.0 ], [ 110.263504035000054, -7.677520259999906, 0.0 ], [ 110.263732896000079, -7.677188368999889, 0.0 ], [ 110.264091505000167, -7.676831210999914, 0.0 ], [ 110.264480581000029, -7.676448324999942, 0.0 ], [ 110.264785777999975, -7.67604014699992, 0.0 ], [ 110.265327451000118, -7.675274351999885, 0.0 ], [ 110.265425139777989, -7.675056204065235, 0.0 ], [ 110.265583, -7.674711, 0.0 ], [ 110.26584, -7.674073, 0.0 ], [ 110.265878051518001, -7.673913842208481, 0.0 ], [ 110.265945437000084, -7.673639754999908, 0.0 ], [ 110.265945437000084, -7.673051824999934, 0.0 ], [ 110.265923448280617, -7.672967222972773, 0.0 ], [ 110.265741, -7.672258, 0.0 ], [ 110.26556, -7.671774, 0.0 ], [ 110.265974, -7.671781, 0.0 ], [ 110.266544, -7.671822, 0.0 ], [ 110.267133, -7.671854, 0.0 ], [ 110.267598, -7.671821, 0.0 ], [ 110.268093, -7.67181, 0.0 ], [ 110.268157000000116, -7.671814, 0.0 ], [ 110.268915, -7.671836000999967, 0.0 ], [ 110.269665, -7.671947, 0.0 ] ] ] ] } },
{ "type": "Feature", "properties": { "NAMOBJ": "Karangtalun", "WADMKC": "Ngluwar", "WADMKK": "Kabupaten Magelang", "WADMPR": "Jawa Tengah" }, "geometry": { "type": "MultiPolygon", "coordinates": [ [ [ [ 110.275223, -7.651246, 0.0 ], [ 110.274873, -7.651657, 0.0 ], [ 110.274478, -7.652044, 0.0 ], [ 110.273577, -7.652554, 0.0 ], [ 110.273432000000113, -7.652716, 0.0 ], [ 110.273311, -7.652931, 0.0 ], [ 110.27328, -7.653038, 0.0 ], [ 110.273225, -7.653231000999973, 0.0 ], [ 110.273197, -7.653469, 0.0 ], [ 110.273136, -7.653777000999941, 0.0 ], [ 110.273061, -7.654086, 0.0 ], [ 110.272955, -7.654194, 0.0 ], [ 110.272771, -7.654277, 0.0 ], [ 110.272557000000106, -7.654323001, 0.0 ], [ 110.272287, -7.654393, 0.0 ], [ 110.272093, -7.654563, 0.0 ], [ 110.271932, -7.654674000999908, 0.0 ], [ 110.271627, -7.654879999999899, 0.0 ], [ 110.271509, -7.65507, 0.0 ], [ 110.271474000000111, -7.655219, 0.0 ], [ 110.271433000000101, -7.655431, 0.0 ], [ 110.271351, -7.655497, 0.0 ], [ 110.2712420000001, -7.655508, 0.0 ], [ 110.271029, -7.655522, 0.0 ], [ 110.27096, -7.655612, 0.0 ], [ 110.270901, -7.655784, 0.0 ], [ 110.270799, -7.656133, 0.0 ], [ 110.270515, -7.65664, 0.0 ], [ 110.27039, -7.657027, 0.0 ], [ 110.270308, -7.657169, 0.0 ], [ 110.270182, -7.657275, 0.0 ], [ 110.269998, -7.657336999999888, 0.0 ], [ 110.269584, -7.657511, 0.0 ], [ 110.269504, -7.657639000999918, 0.0 ], [ 110.269461, -7.657813, 0.0 ], [ 110.269402, -7.658081, 0.0 ], [ 110.269308, -7.658168, 0.0 ], [ 110.269168, -7.658228, 0.0 ], [ 110.269004, -7.658285, 0.0 ], [ 110.269043, -7.65835, 0.0 ], [ 110.269373, -7.65875100099991, 0.0 ], [ 110.269459, -7.658834, 0.0 ], [ 110.269874, -7.659127, 0.0 ], [ 110.270212, -7.659381, 0.0 ], [ 110.270557, -7.659657, 0.0 ], [ 110.270591, -7.659895, 0.0 ], [ 110.270675, -7.660231, 0.0 ], [ 110.270564, -7.660664, 0.0 ], [ 110.270327, -7.661106, 0.0 ], [ 110.270218, -7.661344000999961, 0.0 ], [ 110.270343, -7.66179399999989, 0.0 ], [ 110.270585, -7.661909, 0.0 ], [ 110.270817000000108, -7.661954, 0.0 ], [ 110.270879, -7.661918, 0.0 ], [ 110.27104, -7.661833, 0.0 ], [ 110.27128, -7.661868, 0.0 ], [ 110.27139900000013, -7.661882, 0.0 ], [ 110.271505, -7.661837999999889, 0.0 ], [ 110.27159, -7.661739, 0.0 ], [ 110.271675, -7.6614, 0.0 ], [ 110.271706, -7.661331, 0.0 ], [ 110.272016000000107, -7.661259, 0.0 ], [ 110.272525000000115, -7.661264, 0.0 ], [ 110.272887, -7.661112, 0.0 ], [ 110.272998, -7.660938, 0.0 ], [ 110.273121, -7.660613, 0.0 ], [ 110.273247, -7.660072, 0.0 ], [ 110.273662, -7.659358, 0.0 ], [ 110.273794, -7.659234, 0.0 ], [ 110.274266000000111, -7.659068, 0.0 ], [ 110.274446, -7.659111, 0.0 ], [ 110.274575, -7.659303, 0.0 ], [ 110.274622, -7.659589000999969, 0.0 ], [ 110.274538, -7.659935, 0.0 ], [ 110.274487, -7.660261, 0.0 ], [ 110.274477, -7.660687, 0.0 ], [ 110.27459, -7.660677, 0.0 ], [ 110.274735000000106, -7.660652, 0.0 ], [ 110.274846, -7.660585, 0.0 ], [ 110.274958, -7.66043, 0.0 ], [ 110.27503, -7.660141, 0.0 ], [ 110.275107, -7.659845, 0.0 ], [ 110.275230000000107, -7.659616, 0.0 ], [ 110.275352, -7.659485, 0.0 ], [ 110.275383, -7.659466, 0.0 ], [ 110.275389, -7.659444, 0.0 ], [ 110.275814000000111, -7.659224, 0.0 ], [ 110.275956, -7.658898, 0.0 ], [ 110.276058, -7.658688, 0.0 ], [ 110.276159, -7.658597, 0.0 ], [ 110.276249, -7.658568, 0.0 ], [ 110.276386000000102, -7.658582, 0.0 ], [ 110.276556, -7.65861, 0.0 ], [ 110.27681, -7.658843, 0.0 ], [ 110.276897000000105, -7.658913, 0.0 ], [ 110.277456, -7.65894, 0.0 ], [ 110.277569000000113, -7.658928, 0.0 ], [ 110.277706, -7.658816, 0.0 ], [ 110.277816000000115, -7.658657, 0.0 ], [ 110.277987, -7.658367, 0.0 ], [ 110.278058, -7.658294, 0.0 ], [ 110.278216, -7.658264, 0.0 ], [ 110.278868, -7.658649, 0.0 ], [ 110.278974, -7.65866, 0.0 ], [ 110.2793530000001, -7.6587, 0.0 ], [ 110.27949, -7.658708999999899, 0.0 ], [ 110.279638, -7.658761, 0.0 ], [ 110.279733000000107, -7.658809000999913, 0.0 ], [ 110.280084, -7.658819, 0.0 ], [ 110.280143, -7.659036, 0.0 ], [ 110.280194, -7.659286, 0.0 ], [ 110.279811, -7.659582, 0.0 ], [ 110.279779, -7.659617, 0.0 ], [ 110.279508, -7.659526, 0.0 ], [ 110.2787, -7.660188, 0.0 ], [ 110.278577, -7.660144, 0.0 ], [ 110.278284, -7.660554, 0.0 ], [ 110.278283, -7.660648, 0.0 ], [ 110.278293, -7.660686, 0.0 ], [ 110.27831100000013, -7.660755999999893, 0.0 ], [ 110.278273, -7.660789, 0.0 ], [ 110.278197, -7.660837000999933, 0.0 ], [ 110.278107, -7.660775, 0.0 ], [ 110.278025, -7.660723, 0.0 ], [ 110.277981, -7.660696, 0.0 ], [ 110.277939, -7.660747, 0.0 ], [ 110.277851, -7.660853, 0.0 ], [ 110.27784, -7.660923, 0.0 ], [ 110.277845, -7.661016, 0.0 ], [ 110.277858, -7.661275, 0.0 ], [ 110.277868, -7.661485, 0.0 ], [ 110.27788, -7.661642, 0.0 ], [ 110.277944, -7.661774001000012, 0.0 ], [ 110.278019000000128, -7.661924, 0.0 ], [ 110.278140000000107, -7.661953, 0.0 ], [ 110.278618, -7.662022, 0.0 ], [ 110.27885, -7.662056, 0.0 ], [ 110.279232, -7.662111, 0.0 ], [ 110.279468, -7.662145, 0.0 ], [ 110.279622, -7.662206, 0.0 ], [ 110.279929, -7.662252, 0.0 ], [ 110.280116, -7.662362, 0.0 ], [ 110.280181, -7.662404, 0.0 ], [ 110.280189, -7.662546, 0.0 ], [ 110.280131, -7.66258, 0.0 ], [ 110.279638, -7.662767, 0.0 ], [ 110.279483000000113, -7.662786, 0.0 ], [ 110.279226, -7.662773, 0.0 ], [ 110.279173, -7.662766, 0.0 ], [ 110.27904, -7.662955, 0.0 ], [ 110.279021, -7.662983000999947, 0.0 ], [ 110.278948, -7.663113, 0.0 ], [ 110.278807, -7.663148, 0.0 ], [ 110.278269000000122, -7.663517, 0.0 ], [ 110.277931, -7.663818, 0.0 ], [ 110.277729000000107, -7.664086999999899, 0.0 ], [ 110.277606, -7.664434, 0.0 ], [ 110.277678, -7.664786, 0.0 ], [ 110.277799, -7.665061, 0.0 ], [ 110.277888, -7.66546, 0.0 ], [ 110.277855, -7.665872, 0.0 ], [ 110.277648, -7.666307, 0.0 ], [ 110.277312, -7.66671, 0.0 ], [ 110.277027000000118, -7.66684400099993, 0.0 ], [ 110.276594, -7.666877, 0.0 ], [ 110.276187, -7.666854, 0.0 ], [ 110.275696, -7.666812, 0.0 ], [ 110.27554, -7.666864, 0.0 ], [ 110.274766, -7.667998, 0.0 ], [ 110.274733000000111, -7.668083, 0.0 ], [ 110.27471, -7.668135, 0.0 ], [ 110.274692000000101, -7.668168, 0.0 ], [ 110.274622, -7.668318, 0.0 ], [ 110.274522, -7.668684, 0.0 ], [ 110.27446, -7.668781, 0.0 ], [ 110.274354000000102, -7.668889, 0.0 ], [ 110.273784, -7.668706999999888, 0.0 ], [ 110.273396, -7.668467, 0.0 ], [ 110.272997, -7.668208, 0.0 ], [ 110.27247, -7.667805, 0.0 ], [ 110.271795, -7.667473, 0.0 ], [ 110.271701, -7.667488, 0.0 ], [ 110.27158, -7.667444, 0.0 ], [ 110.271435, -7.667331001, 0.0 ], [ 110.271007, -7.666973, 0.0 ], [ 110.270842, -7.666941000999962, 0.0 ], [ 110.270702, -7.666969, 0.0 ], [ 110.270438, -7.667147, 0.0 ], [ 110.270343, -7.667273000999987, 0.0 ], [ 110.270147, -7.667541, 0.0 ], [ 110.269917, -7.667684, 0.0 ], [ 110.269486000000114, -7.667945, 0.0 ], [ 110.269185, -7.668177, 0.0 ], [ 110.268884, -7.668509, 0.0 ], [ 110.268647, -7.66888, 0.0 ], [ 110.268544, -7.669267, 0.0 ], [ 110.268565000000123, -7.669376, 0.0 ], [ 110.26865, -7.669433, 0.0 ], [ 110.26897, -7.669655, 0.0 ], [ 110.268995, -7.669736, 0.0 ], [ 110.268955, -7.66984, 0.0 ], [ 110.268849, -7.669998, 0.0 ], [ 110.268692, -7.670247, 0.0 ], [ 110.26866, -7.670444, 0.0 ], [ 110.268652000000117, -7.670531, 0.0 ], [ 110.268596, -7.670575, 0.0 ], [ 110.268336, -7.670838, 0.0 ], [ 110.26817, -7.671064, 0.0 ], [ 110.268155, -7.671181, 0.0 ], [ 110.26819, -7.671638, 0.0 ], [ 110.268157000000116, -7.671814, 0.0 ], [ 110.268093, -7.67181, 0.0 ], [ 110.267598, -7.671821, 0.0 ], [ 110.267133, -7.671854, 0.0 ], [ 110.266544, -7.671822, 0.0 ], [ 110.265974, -7.671781, 0.0 ], [ 110.26556, -7.671774, 0.0 ], [ 110.265435, -7.67144, 0.0 ], [ 110.265359, -7.670852, 0.0 ], [ 110.265259, -7.669446, 0.0 ], [ 110.26526, -7.66873, 0.0 ], [ 110.265299761738206, -7.668222273189908, 0.0 ], [ 110.265312218, -7.668067442999906, 0.0 ], [ 110.26532987696514, -7.667943153163172, 0.0 ], [ 110.26539, -7.66753, 0.0 ], [ 110.265455088181213, -7.667372703562194, 0.0 ], [ 110.26557159400015, -7.667096578999956, 0.0 ], [ 110.265907281000125, -7.666585903999891, 0.0 ], [ 110.266245888406516, -7.666213754184394, 0.0 ], [ 110.266444, -7.665998, 0.0 ], [ 110.266932, -7.665513, 0.0 ], [ 110.26703760784568, -7.665303544439485, 0.0 ], [ 110.267112736000215, -7.665156809999953, 0.0 ], [ 110.267219538000077, -7.66433902799988, 0.0 ], [ 110.267166149000019, -7.663521245999984, 0.0 ], [ 110.267166, -7.66352, 0.0 ], [ 110.267116, -7.663060000999923, 0.0 ], [ 110.266962, -7.662753, 0.0 ], [ 110.26678234866894, -7.662519312916906, 0.0 ], [ 110.26670837900015, -7.662421673999955, 0.0 ], [ 110.266273507000051, -7.661986317999904, 0.0 ], [ 110.266188454802332, -7.661925973266339, 0.0 ], [ 110.265734, -7.661601, 0.0 ], [ 110.265016000000102, -7.661293, 0.0 ], [ 110.264401000000106, -7.661139, 0.0 ], [ 110.263683, -7.661112, 0.0 ], [ 110.263324, -7.661188000999932, 0.0 ], [ 110.263094, -7.661136, 0.0 ], [ 110.262966, -7.660932, 0.0 ], [ 110.262993, -7.660293, 0.0 ], [ 110.262993718882427, -7.66026578897079, 0.0 ], [ 110.263023391000075, -7.659271685999915, 0.0 ], [ 110.263086150074201, -7.658917174022008, 0.0 ], [ 110.263149, -7.658581, 0.0 ], [ 110.263279, -7.657942, 0.0 ], [ 110.263374128300796, -7.657576264008849, 0.0 ], [ 110.263488778000124, -7.657151197999969, 0.0 ], [ 110.263641376000137, -7.656691516999949, 0.0 ], [ 110.263870236999978, -7.656334382999976, 0.0 ], [ 110.264053350000125, -7.656130281999964, 0.0 ], [ 110.264205924000223, -7.655977223999912, 0.0 ], [ 110.26443480900015, -7.655875161999905, 0.0 ], [ 110.264617922000113, -7.655722127999944, 0.0 ], [ 110.264637223885458, -7.655636104458498, 0.0 ], [ 110.264667, -7.655517, 0.0 ], [ 110.264591, -7.655184, 0.0 ], [ 110.264412, -7.654673, 0.0 ], [ 110.2642850000001, -7.654417, 0.0 ], [ 110.264208, -7.654059, 0.0 ], [ 110.264185867634325, -7.653937055438355, 0.0 ], [ 110.264160152000073, -7.653778997999929, 0.0 ], [ 110.264098105381564, -7.65364519883174, 0.0 ], [ 110.264055, -7.653548, 0.0 ], [ 110.263979000000106, -7.653343, 0.0 ], [ 110.263851, -7.653214999999893, 0.0 ], [ 110.263813371240232, -7.653064484960883, 0.0 ], [ 110.263801567000073, -7.653011751999951, 0.0 ], [ 110.263792653482511, -7.652922193567104, 0.0 ], [ 110.2637739078896, -7.652695592429339, 0.0 ], [ 110.263823931446453, -7.652528130160487, 0.0 ], [ 110.264032, -7.65227, 0.0 ], [ 110.264315, -7.651887, 0.0 ], [ 110.264520000000104, -7.651555000999945, 0.0 ], [ 110.264545111291639, -7.651512311664856, 0.0 ], [ 110.264701850000137, -7.651249872999923, 0.0 ], [ 110.264854424000234, -7.65107152299991, 0.0 ], [ 110.265113848000112, -7.650841694999901, 0.0 ], [ 110.265252973568167, -7.650720322467077, 0.0 ], [ 110.265290756207136, -7.650688207223901, 0.0 ], [ 110.265647881000163, -7.650587058999882, 0.0 ], [ 110.265649013660521, -7.650586280241313, 0.0 ], [ 110.26565, -7.650586, 0.0 ], [ 110.26569446039872, -7.650555033418851, 0.0 ], [ 110.265907281000125, -7.650408708999958, 0.0 ], [ 110.265932144094918, -7.650351097109588, 0.0 ], [ 110.26601, -7.650178, 0.0 ], [ 110.266094835633027, -7.649946556038635, 0.0 ], [ 110.266113292000028, -7.649898033999893, 0.0 ], [ 110.266090394000088, -7.649539931999929, 0.0 ], [ 110.265884383000014, -7.649105035999916, 0.0 ], [ 110.265373224000086, -7.648388832999988, 0.0 ], [ 110.265309313879513, -7.648315917973171, 0.0 ], [ 110.264925, -7.647874, 0.0 ], [ 110.265147000000113, -7.64756, 0.0 ], [ 110.26558, -7.647063, 0.0 ], [ 110.265891, -7.646846, 0.0 ], [ 110.266195, -7.646839, 0.0 ], [ 110.266475, -7.646947, 0.0 ], [ 110.266741, -7.647123, 0.0 ], [ 110.267248, -7.647378, 0.0 ], [ 110.267545, -7.647376, 0.0 ], [ 110.267775000000128, -7.647335, 0.0 ], [ 110.268374, -7.646741, 0.0 ], [ 110.268655000000109, -7.646497, 0.0 ], [ 110.268748, -7.646398, 0.0 ], [ 110.268783, -7.646352, 0.0 ], [ 110.26887, -7.646279, 0.0 ], [ 110.269089, -7.646063, 0.0 ], [ 110.269289, -7.645763000999974, 0.0 ], [ 110.269384, -7.645626000999918, 0.0 ], [ 110.269468, -7.645567000999922, 0.0 ], [ 110.269601, -7.64557, 0.0 ], [ 110.269715, -7.645585, 0.0 ], [ 110.26996, -7.645403, 0.0 ], [ 110.270152, -7.645199, 0.0 ], [ 110.270291, -7.644573001000012, 0.0 ], [ 110.270654, -7.644690000999923, 0.0 ], [ 110.270932, -7.644962, 0.0 ], [ 110.271417, -7.645483, 0.0 ], [ 110.271775, -7.645654, 0.0 ], [ 110.27239, -7.645876, 0.0 ], [ 110.272897, -7.646104, 0.0 ], [ 110.273215, -7.646195, 0.0 ], [ 110.273393, -7.646306, 0.0 ], [ 110.273610000000104, -7.646451, 0.0 ], [ 110.273686, -7.646523000999974, 0.0 ], [ 110.273675, -7.646685, 0.0 ], [ 110.273641, -7.646702, 0.0 ], [ 110.2735, -7.646746, 0.0 ], [ 110.273339, -7.64673, 0.0 ], [ 110.272882, -7.646648, 0.0 ], [ 110.272739, -7.646697, 0.0 ], [ 110.272616, -7.64681, 0.0 ], [ 110.272541, -7.646957, 0.0 ], [ 110.272519, -7.647139, 0.0 ], [ 110.272491, -7.647452, 0.0 ], [ 110.272388, -7.647649, 0.0 ], [ 110.27227, -7.64776, 0.0 ], [ 110.271898000000107, -7.648011999999895, 0.0 ], [ 110.271744, -7.64823, 0.0 ], [ 110.271534000000102, -7.648476, 0.0 ], [ 110.270871, -7.649103, 0.0 ], [ 110.270591, -7.649314, 0.0 ], [ 110.270515, -7.649431, 0.0 ], [ 110.270478000000125, -7.649588, 0.0 ], [ 110.270501, -7.649791, 0.0 ], [ 110.270691, -7.650191, 0.0 ], [ 110.270914, -7.650584, 0.0 ], [ 110.271253, -7.650902, 0.0 ], [ 110.271641, -7.651231, 0.0 ], [ 110.272068, -7.651327, 0.0 ], [ 110.27261, -7.651315, 0.0 ], [ 110.272956, -7.651192, 0.0 ], [ 110.273263, -7.650943, 0.0 ], [ 110.273405, -7.650711, 0.0 ], [ 110.273618, -7.649954, 0.0 ], [ 110.273786000000101, -7.649746, 0.0 ], [ 110.273926, -7.649574, 0.0 ], [ 110.274172, -7.649444, 0.0 ], [ 110.274422, -7.649305, 0.0 ], [ 110.274586, -7.649212, 0.0 ], [ 110.274931, -7.649233000999935, 0.0 ], [ 110.275076, -7.64929, 0.0 ], [ 110.275149, -7.6494, 0.0 ], [ 110.275173, -7.649473, 0.0 ], [ 110.275185000000121, -7.649702001000016, 0.0 ], [ 110.27514, -7.649996, 0.0 ], [ 110.274915, -7.650527, 0.0 ], [ 110.274946, -7.65089, 0.0 ], [ 110.275065, -7.651094, 0.0 ], [ 110.275259, -7.651201, 0.0 ], [ 110.275223, -7.651246, 0.0 ] ] ] ] } },
{ "type": "Feature", "properties": { "NAMOBJ": "Jamuskauman", "WADMKC": "Ngluwar", "WADMKK": "Kabupaten Magelang", "WADMPR": "Jawa Tengah" }, "geometry": { "type": "MultiPolygon", "coordinates": [ [ [ [ 110.278126, -7.63899, 0.0 ], [ 110.278095000000107, -7.639295, 0.0 ], [ 110.277848000000105, -7.640054, 0.0 ], [ 110.277581, -7.640387, 0.0 ], [ 110.277378, -7.640598, 0.0 ], [ 110.277132, -7.640788, 0.0 ], [ 110.276903, -7.640944, 0.0 ], [ 110.27695, -7.641187, 0.0 ], [ 110.277763, -7.641828, 0.0 ], [ 110.27793, -7.641749, 0.0 ], [ 110.278147, -7.641686000999883, 0.0 ], [ 110.278560000000127, -7.641508999999893, 0.0 ], [ 110.278765000000121, -7.641353, 0.0 ], [ 110.278938, -7.641149, 0.0 ], [ 110.27909, -7.640978, 0.0 ], [ 110.279148000000106, -7.640931, 0.0 ], [ 110.279219, -7.640895, 0.0 ], [ 110.279393000000127, -7.640858, 0.0 ], [ 110.279529, -7.640884, 0.0 ], [ 110.279672, -7.641015, 0.0 ], [ 110.279803, -7.641146, 0.0 ], [ 110.279937000000103, -7.641204, 0.0 ], [ 110.280035, -7.641201, 0.0 ], [ 110.28019, -7.641106, 0.0 ], [ 110.280283, -7.641004000999942, 0.0 ], [ 110.280305, -7.640941, 0.0 ], [ 110.280812000000111, -7.640615, 0.0 ], [ 110.281139, -7.64055, 0.0 ], [ 110.281501, -7.64059, 0.0 ], [ 110.28187, -7.640639, 0.0 ], [ 110.282544, -7.640949, 0.0 ], [ 110.28282, -7.640984000999975, 0.0 ], [ 110.283255, -7.640873, 0.0 ], [ 110.283504, -7.640717, 0.0 ], [ 110.283818, -7.640433, 0.0 ], [ 110.284012000000118, -7.640227, 0.0 ], [ 110.2844, -7.64033, 0.0 ], [ 110.284734, -7.639772, 0.0 ], [ 110.284753, -7.639769, 0.0 ], [ 110.285211, -7.639837, 0.0 ], [ 110.285633, -7.639934, 0.0 ], [ 110.285858, -7.639986, 0.0 ], [ 110.286143, -7.640152, 0.0 ], [ 110.286373, -7.640583, 0.0 ], [ 110.286489, -7.640683, 0.0 ], [ 110.28665, -7.640897, 0.0 ], [ 110.286759, -7.640790001, 0.0 ], [ 110.286894000000103, -7.640611, 0.0 ], [ 110.286992, -7.64053, 0.0 ], [ 110.287154, -7.640499, 0.0 ], [ 110.287242, -7.640534, 0.0 ], [ 110.287481, -7.640819, 0.0 ], [ 110.287561, -7.640919, 0.0 ], [ 110.287634, -7.640951, 0.0 ], [ 110.287777, -7.640911, 0.0 ], [ 110.287861, -7.640849, 0.0 ], [ 110.28791, -7.640672000999917, 0.0 ], [ 110.287985, -7.640525, 0.0 ], [ 110.288089, -7.640412, 0.0 ], [ 110.28825, -7.64042, 0.0 ], [ 110.288340000000105, -7.640412, 0.0 ], [ 110.288425, -7.640345, 0.0 ], [ 110.288471000000115, -7.639956, 0.0 ], [ 110.288486, -7.639843999999886, 0.0 ], [ 110.288553, -7.639756000999977, 0.0 ], [ 110.288619, -7.639724999999899, 0.0 ], [ 110.288649, -7.639749, 0.0 ], [ 110.288676000000109, -7.639774, 0.0 ], [ 110.288702, -7.639833, 0.0 ], [ 110.28882, -7.640231, 0.0 ], [ 110.288946, -7.6406, 0.0 ], [ 110.288967000000113, -7.640644, 0.0 ], [ 110.288954, -7.640673000999911, 0.0 ], [ 110.28884, -7.640828000999946, 0.0 ], [ 110.288713, -7.641085, 0.0 ], [ 110.28865, -7.64139, 0.0 ], [ 110.288633000000104, -7.641469, 0.0 ], [ 110.289071, -7.64189, 0.0 ], [ 110.289599, -7.642216, 0.0 ], [ 110.289803, -7.642351, 0.0 ], [ 110.289930000000126, -7.642426, 0.0 ], [ 110.290092000000115, -7.642537, 0.0 ], [ 110.290119, -7.642555, 0.0 ], [ 110.290276, -7.642678999999887, 0.0 ], [ 110.290352, -7.642769, 0.0 ], [ 110.290495, -7.642982, 0.0 ], [ 110.290702, -7.643409, 0.0 ], [ 110.290824, -7.643760999999884, 0.0 ], [ 110.290964, -7.643937, 0.0 ], [ 110.29134, -7.643623, 0.0 ], [ 110.291633, -7.643378999999896, 0.0 ], [ 110.291808, -7.643245, 0.0 ], [ 110.291824, -7.643225, 0.0 ], [ 110.292022000000117, -7.643048, 0.0 ], [ 110.292204, -7.642924, 0.0 ], [ 110.292564, -7.642637, 0.0 ], [ 110.292614, -7.642601, 0.0 ], [ 110.292672, -7.642553, 0.0 ], [ 110.293024, -7.642957, 0.0 ], [ 110.292853, -7.643116, 0.0 ], [ 110.292725000000104, -7.643236, 0.0 ], [ 110.292735, -7.64338, 0.0 ], [ 110.292765000000131, -7.643558000999963, 0.0 ], [ 110.292912, -7.643698, 0.0 ], [ 110.293199, -7.643663, 0.0 ], [ 110.293391, -7.643538, 0.0 ], [ 110.293572, -7.643483, 0.0 ], [ 110.294132, -7.643837, 0.0 ], [ 110.29425, -7.643978, 0.0 ], [ 110.294398, -7.644153, 0.0 ], [ 110.294416, -7.644809, 0.0 ], [ 110.293942, -7.644968, 0.0 ], [ 110.293407, -7.644953, 0.0 ], [ 110.293049, -7.645008, 0.0 ], [ 110.292876, -7.645132999999895, 0.0 ], [ 110.292823, -7.645237, 0.0 ], [ 110.292681000000101, -7.645705, 0.0 ], [ 110.29257, -7.645865, 0.0 ], [ 110.292393, -7.646013, 0.0 ], [ 110.292378, -7.646029, 0.0 ], [ 110.292242, -7.646179, 0.0 ], [ 110.292114, -7.646413, 0.0 ], [ 110.291944, -7.646781, 0.0 ], [ 110.291777, -7.646986, 0.0 ], [ 110.291544, -7.647128000999938, 0.0 ], [ 110.2914, -7.647251, 0.0 ], [ 110.291179, -7.64753, 0.0 ], [ 110.29114, -7.647573, 0.0 ], [ 110.291111, -7.647596000999936, 0.0 ], [ 110.290979, -7.647754, 0.0 ], [ 110.290857, -7.647892, 0.0 ], [ 110.290671, -7.647999, 0.0 ], [ 110.290416, -7.648167, 0.0 ], [ 110.289585, -7.648644, 0.0 ], [ 110.289480000000111, -7.648709, 0.0 ], [ 110.28926100000011, -7.648844999999895, 0.0 ], [ 110.289142000000112, -7.648973, 0.0 ], [ 110.289099000000107, -7.64902, 0.0 ], [ 110.289041, -7.649141, 0.0 ], [ 110.289035, -7.649297999999895, 0.0 ], [ 110.289076, -7.649474, 0.0 ], [ 110.289121, -7.649669, 0.0 ], [ 110.289105, -7.649789, 0.0 ], [ 110.288994, -7.650058, 0.0 ], [ 110.288862, -7.650253, 0.0 ], [ 110.288242, -7.65095000099998, 0.0 ], [ 110.288159, -7.651178, 0.0 ], [ 110.288047, -7.651298, 0.0 ], [ 110.287889, -7.651362, 0.0 ], [ 110.287674, -7.651483, 0.0 ], [ 110.287494, -7.651647, 0.0 ], [ 110.287058, -7.651483, 0.0 ], [ 110.285779, -7.650841, 0.0 ], [ 110.285726, -7.650793, 0.0 ], [ 110.285315000000111, -7.65044, 0.0 ], [ 110.28505, -7.650143, 0.0 ], [ 110.284686000000107, -7.64987, 0.0 ], [ 110.284635, -7.649871, 0.0 ], [ 110.284579, -7.64994, 0.0 ], [ 110.284525000000116, -7.650113, 0.0 ], [ 110.284538, -7.650406, 0.0 ], [ 110.284516, -7.650687, 0.0 ], [ 110.284397, -7.650817, 0.0 ], [ 110.284030000000101, -7.65109, 0.0 ], [ 110.283796, -7.651331, 0.0 ], [ 110.283716, -7.651508, 0.0 ], [ 110.283741, -7.651765, 0.0 ], [ 110.28379, -7.652223, 0.0 ], [ 110.283729, -7.652489, 0.0 ], [ 110.283538, -7.652551, 0.0 ], [ 110.283291, -7.652499, 0.0 ], [ 110.282966, -7.652391, 0.0 ], [ 110.282195, -7.652322, 0.0 ], [ 110.281855, -7.652263, 0.0 ], [ 110.281547, -7.652222, 0.0 ], [ 110.281334, -7.652118, 0.0 ], [ 110.28124, -7.651937, 0.0 ], [ 110.281268, -7.651865, 0.0 ], [ 110.281275, -7.651811, 0.0 ], [ 110.28128, -7.651769000999977, 0.0 ], [ 110.28126, -7.651687, 0.0 ], [ 110.281231, -7.651602, 0.0 ], [ 110.281199, -7.651517, 0.0 ], [ 110.281171, -7.651432, 0.0 ], [ 110.281158, -7.651388, 0.0 ], [ 110.281141, -7.651374, 0.0 ], [ 110.281044, -7.651319, 0.0 ], [ 110.280965, -7.651275, 0.0 ], [ 110.280825, -7.651196, 0.0 ], [ 110.280648, -7.651096, 0.0 ], [ 110.280587, -7.650838, 0.0 ], [ 110.280557, -7.650494, 0.0 ], [ 110.280355, -7.650086, 0.0 ], [ 110.280217, -7.650008, 0.0 ], [ 110.280077, -7.649996, 0.0 ], [ 110.279873, -7.650055, 0.0 ], [ 110.279637, -7.650263, 0.0 ], [ 110.279504, -7.650312, 0.0 ], [ 110.279114, -7.650364, 0.0 ], [ 110.279024, -7.650355, 0.0 ], [ 110.278979, -7.650334999999899, 0.0 ], [ 110.278698, -7.650206, 0.0 ], [ 110.278173, -7.650181, 0.0 ], [ 110.277952, -7.650139, 0.0 ], [ 110.277937, -7.650138, 0.0 ], [ 110.277935, -7.650138, 0.0 ], [ 110.277851, -7.650157, 0.0 ], [ 110.27772, -7.650256, 0.0 ], [ 110.277616, -7.650399, 0.0 ], [ 110.277507, -7.650492, 0.0 ], [ 110.277418, -7.650478, 0.0 ], [ 110.27731, -7.650427, 0.0 ], [ 110.276965, -7.650251, 0.0 ], [ 110.276809000000114, -7.650278, 0.0 ], [ 110.276444000000112, -7.650587, 0.0 ], [ 110.276309000000126, -7.650707, 0.0 ], [ 110.276137000000105, -7.650862, 0.0 ], [ 110.276116, -7.650936, 0.0 ], [ 110.276115, -7.650952, 0.0 ], [ 110.276082, -7.650969000999954, 0.0 ], [ 110.275863, -7.651027, 0.0 ], [ 110.275333, -7.651109, 0.0 ], [ 110.275259, -7.651201, 0.0 ], [ 110.275065, -7.651094, 0.0 ], [ 110.274946, -7.65089, 0.0 ], [ 110.274915, -7.650527, 0.0 ], [ 110.27514, -7.649996, 0.0 ], [ 110.275185000000121, -7.649702001000016, 0.0 ], [ 110.275173, -7.649473, 0.0 ], [ 110.275149, -7.6494, 0.0 ], [ 110.275076, -7.64929, 0.0 ], [ 110.274931, -7.649233000999935, 0.0 ], [ 110.274586, -7.649212, 0.0 ], [ 110.274422, -7.649305, 0.0 ], [ 110.274172, -7.649444, 0.0 ], [ 110.273926, -7.649574, 0.0 ], [ 110.273786000000101, -7.649746, 0.0 ], [ 110.273618, -7.649954, 0.0 ], [ 110.273405, -7.650711, 0.0 ], [ 110.273263, -7.650943, 0.0 ], [ 110.272956, -7.651192, 0.0 ], [ 110.27261, -7.651315, 0.0 ], [ 110.272068, -7.651327, 0.0 ], [ 110.271641, -7.651231, 0.0 ], [ 110.271253, -7.650902, 0.0 ], [ 110.270914, -7.650584, 0.0 ], [ 110.270691, -7.650191, 0.0 ], [ 110.270501, -7.649791, 0.0 ], [ 110.270478000000125, -7.649588, 0.0 ], [ 110.270515, -7.649431, 0.0 ], [ 110.270591, -7.649314, 0.0 ], [ 110.270871, -7.649103, 0.0 ], [ 110.271534000000102, -7.648476, 0.0 ], [ 110.271744, -7.64823, 0.0 ], [ 110.271898000000107, -7.648011999999895, 0.0 ], [ 110.27227, -7.64776, 0.0 ], [ 110.272388, -7.647649, 0.0 ], [ 110.272491, -7.647452, 0.0 ], [ 110.272519, -7.647139, 0.0 ], [ 110.272541, -7.646957, 0.0 ], [ 110.272616, -7.64681, 0.0 ], [ 110.272739, -7.646697, 0.0 ], [ 110.272882, -7.646648, 0.0 ], [ 110.273339, -7.64673, 0.0 ], [ 110.2735, -7.646746, 0.0 ], [ 110.273641, -7.646702, 0.0 ], [ 110.273675, -7.646685, 0.0 ], [ 110.273686, -7.646523000999974, 0.0 ], [ 110.273610000000104, -7.646451, 0.0 ], [ 110.273393, -7.646306, 0.0 ], [ 110.273215, -7.646195, 0.0 ], [ 110.272897, -7.646104, 0.0 ], [ 110.27239, -7.645876, 0.0 ], [ 110.271775, -7.645654, 0.0 ], [ 110.271417, -7.645483, 0.0 ], [ 110.270932, -7.644962, 0.0 ], [ 110.270654, -7.644690000999923, 0.0 ], [ 110.270291, -7.644573001000012, 0.0 ], [ 110.270302, -7.644524, 0.0 ], [ 110.270309, -7.644477, 0.0 ], [ 110.270355, -7.644008999999887, 0.0 ], [ 110.270389, -7.643811, 0.0 ], [ 110.270472, -7.643629, 0.0 ], [ 110.270606, -7.643453, 0.0 ], [ 110.270632, -7.643188000999903, 0.0 ], [ 110.270653, -7.643077, 0.0 ], [ 110.270797, -7.642913, 0.0 ], [ 110.270812, -7.642896000999901, 0.0 ], [ 110.2709, -7.642793, 0.0 ], [ 110.271094, -7.642388000999969, 0.0 ], [ 110.271216, -7.641933, 0.0 ], [ 110.271279, -7.641767, 0.0 ], [ 110.27135400000013, -7.641442, 0.0 ], [ 110.271601, -7.641182, 0.0 ], [ 110.27171, -7.640895, 0.0 ], [ 110.271789, -7.640694, 0.0 ], [ 110.272173, -7.640246, 0.0 ], [ 110.272372, -7.640006, 0.0 ], [ 110.272423, -7.639895, 0.0 ], [ 110.272404, -7.639796, 0.0 ], [ 110.272350000000117, -7.639646, 0.0 ], [ 110.272351000000114, -7.639516, 0.0 ], [ 110.272864, -7.638398, 0.0 ], [ 110.273164, -7.637992, 0.0 ], [ 110.273351, -7.637783, 0.0 ], [ 110.273419, -7.637693, 0.0 ], [ 110.273652000000112, -7.637548, 0.0 ], [ 110.273737, -7.63749, 0.0 ], [ 110.273824, -7.63743199999989, 0.0 ], [ 110.274209, -7.637225, 0.0 ], [ 110.274245, -7.637205, 0.0 ], [ 110.274429, -7.636574, 0.0 ], [ 110.274554, -7.636437, 0.0 ], [ 110.274844, -7.636396, 0.0 ], [ 110.275009, -7.636451, 0.0 ], [ 110.275217, -7.636541, 0.0 ], [ 110.275692, -7.636652, 0.0 ], [ 110.276062000000124, -7.636752000999937, 0.0 ], [ 110.277039, -7.636765, 0.0 ], [ 110.277374, -7.636939, 0.0 ], [ 110.277878, -7.637444, 0.0 ], [ 110.278126, -7.63899, 0.0 ] ] ] ] } },
{ "type": "Feature", "properties": { "NAMOBJ": "Plosogede", "WADMKC": "Ngluwar", "WADMKK": "Kabupaten Magelang", "WADMPR": "Jawa Tengah" }, "geometry": { "type": "MultiPolygon", "coordinates": [ [ [ [ 110.270139, -7.629452, 0.0 ], [ 110.269935, -7.62956, 0.0 ], [ 110.270019, -7.629817, 0.0 ], [ 110.270107, -7.630195, 0.0 ], [ 110.270761, -7.630992, 0.0 ], [ 110.271526, -7.631355, 0.0 ], [ 110.271957, -7.631573, 0.0 ], [ 110.271821, -7.631776, 0.0 ], [ 110.272223, -7.632111000999899, 0.0 ], [ 110.27293, -7.631382, 0.0 ], [ 110.273224, -7.631678, 0.0 ], [ 110.273749, -7.632499, 0.0 ], [ 110.273801, -7.632527, 0.0 ], [ 110.274211, -7.632738, 0.0 ], [ 110.274566, -7.63288699999989, 0.0 ], [ 110.274603, -7.632884, 0.0 ], [ 110.274994, -7.632823, 0.0 ], [ 110.275056000000106, -7.632772, 0.0 ], [ 110.275181, -7.632808, 0.0 ], [ 110.275196, -7.632812, 0.0 ], [ 110.275554, -7.632988, 0.0 ], [ 110.275653, -7.633005, 0.0 ], [ 110.275818, -7.633052, 0.0 ], [ 110.275845000000103, -7.633059, 0.0 ], [ 110.275876, -7.633072, 0.0 ], [ 110.276283, -7.633238, 0.0 ], [ 110.276462, -7.633344, 0.0 ], [ 110.276646000000127, -7.633534, 0.0 ], [ 110.276777, -7.633329, 0.0 ], [ 110.276912, -7.633042, 0.0 ], [ 110.276977, -7.632885, 0.0 ], [ 110.279136, -7.633571, 0.0 ], [ 110.279357, -7.633305, 0.0 ], [ 110.279504, -7.633133, 0.0 ], [ 110.27963, -7.632986, 0.0 ], [ 110.279811, -7.632773, 0.0 ], [ 110.280066, -7.632625, 0.0 ], [ 110.279892000000117, -7.633448, 0.0 ], [ 110.27978, -7.633679, 0.0 ], [ 110.279624, -7.6339, 0.0 ], [ 110.279393000000127, -7.63411, 0.0 ], [ 110.279243, -7.634259999999895, 0.0 ], [ 110.278615, -7.635081, 0.0 ], [ 110.278483, -7.635114000999945, 0.0 ], [ 110.278424, -7.635129, 0.0 ], [ 110.278287, -7.635261, 0.0 ], [ 110.278283, -7.635346, 0.0 ], [ 110.278345000000101, -7.635426000999914, 0.0 ], [ 110.278526, -7.635541, 0.0 ], [ 110.278587, -7.635608, 0.0 ], [ 110.278579, -7.635686, 0.0 ], [ 110.278479, -7.635919, 0.0 ], [ 110.278336, -7.636067, 0.0 ], [ 110.278195, -7.636248, 0.0 ], [ 110.278198000000103, -7.636328, 0.0 ], [ 110.278238, -7.636460000999936, 0.0 ], [ 110.278226000000117, -7.636751, 0.0 ], [ 110.27822, -7.636791000999967, 0.0 ], [ 110.278214, -7.636832, 0.0 ], [ 110.278192, -7.636947001, 0.0 ], [ 110.278179, -7.637055, 0.0 ], [ 110.278293, -7.637205, 0.0 ], [ 110.278407, -7.637413, 0.0 ], [ 110.278441, -7.637707, 0.0 ], [ 110.278411, -7.637891, 0.0 ], [ 110.278227000000101, -7.638459, 0.0 ], [ 110.27815, -7.63872, 0.0 ], [ 110.278126, -7.63899, 0.0 ], [ 110.277878, -7.637444, 0.0 ], [ 110.277374, -7.636939, 0.0 ], [ 110.277039, -7.636765, 0.0 ], [ 110.276062000000124, -7.636752000999937, 0.0 ], [ 110.275692, -7.636652, 0.0 ], [ 110.275217, -7.636541, 0.0 ], [ 110.275009, -7.636451, 0.0 ], [ 110.274844, -7.636396, 0.0 ], [ 110.274554, -7.636437, 0.0 ], [ 110.274429, -7.636574, 0.0 ], [ 110.274245, -7.637205, 0.0 ], [ 110.274209, -7.637225, 0.0 ], [ 110.273824, -7.63743199999989, 0.0 ], [ 110.273737, -7.63749, 0.0 ], [ 110.273652000000112, -7.637548, 0.0 ], [ 110.273419, -7.637693, 0.0 ], [ 110.273351, -7.637783, 0.0 ], [ 110.273164, -7.637992, 0.0 ], [ 110.272864, -7.638398, 0.0 ], [ 110.272351000000114, -7.639516, 0.0 ], [ 110.272350000000117, -7.639646, 0.0 ], [ 110.272404, -7.639796, 0.0 ], [ 110.272423, -7.639895, 0.0 ], [ 110.272372, -7.640006, 0.0 ], [ 110.272173, -7.640246, 0.0 ], [ 110.271789, -7.640694, 0.0 ], [ 110.27171, -7.640895, 0.0 ], [ 110.271601, -7.641182, 0.0 ], [ 110.27135400000013, -7.641442, 0.0 ], [ 110.271279, -7.641767, 0.0 ], [ 110.271216, -7.641933, 0.0 ], [ 110.271094, -7.642388000999969, 0.0 ], [ 110.2709, -7.642793, 0.0 ], [ 110.270812, -7.642896000999901, 0.0 ], [ 110.270797, -7.642913, 0.0 ], [ 110.270653, -7.643077, 0.0 ], [ 110.270632, -7.643188000999903, 0.0 ], [ 110.270606, -7.643453, 0.0 ], [ 110.270472, -7.643629, 0.0 ], [ 110.270389, -7.643811, 0.0 ], [ 110.270355, -7.644008999999887, 0.0 ], [ 110.270309, -7.644477, 0.0 ], [ 110.270302, -7.644524, 0.0 ], [ 110.270291, -7.644573001000012, 0.0 ], [ 110.270152, -7.645199, 0.0 ], [ 110.26996, -7.645403, 0.0 ], [ 110.269715, -7.645585, 0.0 ], [ 110.269601, -7.64557, 0.0 ], [ 110.269468, -7.645567000999922, 0.0 ], [ 110.269384, -7.645626000999918, 0.0 ], [ 110.269289, -7.645763000999974, 0.0 ], [ 110.269089, -7.646063, 0.0 ], [ 110.26887, -7.646279, 0.0 ], [ 110.268783, -7.646352, 0.0 ], [ 110.268748, -7.646398, 0.0 ], [ 110.268655000000109, -7.646497, 0.0 ], [ 110.268374, -7.646741, 0.0 ], [ 110.267775000000128, -7.647335, 0.0 ], [ 110.267545, -7.647376, 0.0 ], [ 110.267248, -7.647378, 0.0 ], [ 110.266741, -7.647123, 0.0 ], [ 110.266475, -7.646947, 0.0 ], [ 110.266195, -7.646839, 0.0 ], [ 110.265891, -7.646846, 0.0 ], [ 110.26558, -7.647063, 0.0 ], [ 110.265147000000113, -7.64756, 0.0 ], [ 110.264925, -7.647874, 0.0 ], [ 110.264681, -7.647594, 0.0 ], [ 110.264400000000123, -7.647108000999971, 0.0 ], [ 110.264249429843147, -7.646848507216887, 0.0 ], [ 110.264122020000116, -7.646623109, 0.0 ], [ 110.264001571704512, -7.646427615367337, 0.0 ], [ 110.263888, -7.646238, 0.0 ], [ 110.263658, -7.645931, 0.0 ], [ 110.263428, -7.645752, 0.0 ], [ 110.262839, -7.645495, 0.0 ], [ 110.261812055628965, -7.645152685209624, 0.0 ], [ 110.261764547000013, -7.645136806999943, 0.0 ], [ 110.261745608317668, -7.645130267085555, 0.0 ], [ 110.261173, -7.64493, 0.0 ], [ 110.260584, -7.64461, 0.0 ], [ 110.26048, -7.644349, 0.0 ], [ 110.2604, -7.644034, 0.0 ], [ 110.260253, -7.643638, 0.0 ], [ 110.260031000000112, -7.643147, 0.0 ], [ 110.259729, -7.64265, 0.0 ], [ 110.259541, -7.642274, 0.0 ], [ 110.259461, -7.642153, 0.0 ], [ 110.259286000000117, -7.641924, 0.0 ], [ 110.259165, -7.641736, 0.0 ], [ 110.259159, -7.641676, 0.0 ], [ 110.259179, -7.641582, 0.0 ], [ 110.259233, -7.641428, 0.0 ], [ 110.259355, -7.641213, 0.0 ], [ 110.259409, -7.641086, 0.0 ], [ 110.259429, -7.640891, 0.0 ], [ 110.259423, -7.640750000999976, 0.0 ], [ 110.259389, -7.640542, 0.0 ], [ 110.259349, -7.64028, 0.0 ], [ 110.259296, -7.640045, 0.0 ], [ 110.259289, -7.639938, 0.0 ], [ 110.25931, -7.639792, 0.0 ], [ 110.259345, -7.639233, 0.0 ], [ 110.259366, -7.638723000999949, 0.0 ], [ 110.259447000000108, -7.637918, 0.0 ], [ 110.259563000000114, -7.637412, 0.0 ], [ 110.259822, -7.636693, 0.0 ], [ 110.259993, -7.63634, 0.0 ], [ 110.260237000000103, -7.635684, 0.0 ], [ 110.260822000000104, -7.63437, 0.0 ], [ 110.261094, -7.633761, 0.0 ], [ 110.261165, -7.633601999999897, 0.0 ], [ 110.261231000000109, -7.633454, 0.0 ], [ 110.261255, -7.6334, 0.0 ], [ 110.261397, -7.633201, 0.0 ], [ 110.261525, -7.63302, 0.0 ], [ 110.261557, -7.63298, 0.0 ], [ 110.262243, -7.631954, 0.0 ], [ 110.262461, -7.63160099999989, 0.0 ], [ 110.262799, -7.631229, 0.0 ], [ 110.262899, -7.631099, 0.0 ], [ 110.262933, -7.630714, 0.0 ], [ 110.262937, -7.630521, 0.0 ], [ 110.263006, -7.630397, 0.0 ], [ 110.263153, -7.630263, 0.0 ], [ 110.263607, -7.630037, 0.0 ], [ 110.263832, -7.629922, 0.0 ], [ 110.264006, -7.629799, 0.0 ], [ 110.264277, -7.629387, 0.0 ], [ 110.264648000000122, -7.628936, 0.0 ], [ 110.264753, -7.628783, 0.0 ], [ 110.264931, -7.628427, 0.0 ], [ 110.265109, -7.627938000999947, 0.0 ], [ 110.265320000000116, -7.627498, 0.0 ], [ 110.265374, -7.627394, 0.0 ], [ 110.265544, -7.626984, 0.0 ], [ 110.265597, -7.626682, 0.0 ], [ 110.265569000000113, -7.626366, 0.0 ], [ 110.265542, -7.626241000999958, 0.0 ], [ 110.265475, -7.626155, 0.0 ], [ 110.265338, -7.626026, 0.0 ], [ 110.265194, -7.625843, 0.0 ], [ 110.265101, -7.625664, 0.0 ], [ 110.265077, -7.625513, 0.0 ], [ 110.26510300000011, -7.625382, 0.0 ], [ 110.265166, -7.625298, 0.0 ], [ 110.265459168066087, -7.625232595776644, 0.0 ], [ 110.265554, -7.625236, 0.0 ], [ 110.265766, -7.625276, 0.0 ], [ 110.265959, -7.625239, 0.0 ], [ 110.266085, -7.625183999999898, 0.0 ], [ 110.266192, -7.625073, 0.0 ], [ 110.26650175600011, -7.625, 0.0 ], [ 110.266506, -7.624999, 0.0 ], [ 110.266506636000074, -7.625, 0.0 ], [ 110.266513, -7.62501, 0.0 ], [ 110.266844, -7.62562, 0.0 ], [ 110.267011, -7.625817, 0.0 ], [ 110.267125, -7.625877, 0.0 ], [ 110.267147000000122, -7.625884, 0.0 ], [ 110.267463, -7.626077, 0.0 ], [ 110.26768800000012, -7.626216, 0.0 ], [ 110.267732000000123, -7.626237, 0.0 ], [ 110.267938000000115, -7.626362, 0.0 ], [ 110.268156, -7.626429, 0.0 ], [ 110.268197, -7.626449, 0.0 ], [ 110.268224, -7.626467, 0.0 ], [ 110.268264, -7.626532, 0.0 ], [ 110.268361000000112, -7.626584, 0.0 ], [ 110.268374, -7.62659300099995, 0.0 ], [ 110.268511, -7.626665, 0.0 ], [ 110.26869, -7.626762, 0.0 ], [ 110.268812000000125, -7.626848, 0.0 ], [ 110.26897, -7.626966, 0.0 ], [ 110.269134, -7.627094, 0.0 ], [ 110.269437, -7.627354, 0.0 ], [ 110.269597, -7.627501, 0.0 ], [ 110.269907, -7.627908, 0.0 ], [ 110.270113, -7.628056, 0.0 ], [ 110.271239, -7.629053, 0.0 ], [ 110.270573, -7.629313, 0.0 ], [ 110.270139, -7.629452, 0.0 ] ] ] ] } },
{ "type": "Feature", "properties": { "NAMOBJ": "Blongkeng", "WADMKC": "Ngluwar", "WADMKK": "Kabupaten Magelang", "WADMPR": "Jawa Tengah" }, "geometry": { "type": "MultiPolygon", "coordinates": [ [ [ [ 110.265077, -7.625513, 0.0 ], [ 110.265101, -7.625664, 0.0 ], [ 110.265194, -7.625843, 0.0 ], [ 110.265338, -7.626026, 0.0 ], [ 110.265475, -7.626155, 0.0 ], [ 110.265542, -7.626241000999958, 0.0 ], [ 110.265569000000113, -7.626366, 0.0 ], [ 110.265597, -7.626682, 0.0 ], [ 110.265544, -7.626984, 0.0 ], [ 110.265374, -7.627394, 0.0 ], [ 110.265320000000116, -7.627498, 0.0 ], [ 110.265109, -7.627938000999947, 0.0 ], [ 110.264931, -7.628427, 0.0 ], [ 110.264753, -7.628783, 0.0 ], [ 110.264648000000122, -7.628936, 0.0 ], [ 110.264277, -7.629387, 0.0 ], [ 110.264006, -7.629799, 0.0 ], [ 110.263832, -7.629922, 0.0 ], [ 110.263607, -7.630037, 0.0 ], [ 110.263153, -7.630263, 0.0 ], [ 110.263006, -7.630397, 0.0 ], [ 110.262937, -7.630521, 0.0 ], [ 110.262933, -7.630714, 0.0 ], [ 110.262899, -7.631099, 0.0 ], [ 110.262799, -7.631229, 0.0 ], [ 110.262461, -7.63160099999989, 0.0 ], [ 110.262243, -7.631954, 0.0 ], [ 110.261557, -7.63298, 0.0 ], [ 110.261525, -7.63302, 0.0 ], [ 110.261397, -7.633201, 0.0 ], [ 110.261255, -7.6334, 0.0 ], [ 110.261231000000109, -7.633454, 0.0 ], [ 110.261165, -7.633601999999897, 0.0 ], [ 110.261094, -7.633761, 0.0 ], [ 110.260822000000104, -7.63437, 0.0 ], [ 110.260237000000103, -7.635684, 0.0 ], [ 110.259993, -7.63634, 0.0 ], [ 110.259822, -7.636693, 0.0 ], [ 110.259563000000114, -7.637412, 0.0 ], [ 110.259447000000108, -7.637918, 0.0 ], [ 110.259366, -7.638723000999949, 0.0 ], [ 110.259345, -7.639233, 0.0 ], [ 110.25931, -7.639792, 0.0 ], [ 110.259289, -7.639938, 0.0 ], [ 110.259296, -7.640045, 0.0 ], [ 110.259349, -7.64028, 0.0 ], [ 110.259389, -7.640542, 0.0 ], [ 110.259423, -7.640750000999976, 0.0 ], [ 110.259429, -7.640891, 0.0 ], [ 110.259409, -7.641086, 0.0 ], [ 110.259355, -7.641213, 0.0 ], [ 110.259233, -7.641428, 0.0 ], [ 110.259179, -7.641582, 0.0 ], [ 110.259159, -7.641676, 0.0 ], [ 110.259165, -7.641736, 0.0 ], [ 110.259286000000117, -7.641924, 0.0 ], [ 110.259461, -7.642153, 0.0 ], [ 110.259541, -7.642274, 0.0 ], [ 110.259729, -7.64265, 0.0 ], [ 110.260031000000112, -7.643147, 0.0 ], [ 110.260253, -7.643638, 0.0 ], [ 110.2604, -7.644034, 0.0 ], [ 110.26048, -7.644349, 0.0 ], [ 110.260584, -7.64461, 0.0 ], [ 110.26027700000013, -7.644443, 0.0 ], [ 110.259559, -7.64411, 0.0 ], [ 110.258663, -7.643776, 0.0 ], [ 110.257279, -7.643314, 0.0 ], [ 110.256511, -7.642903, 0.0 ], [ 110.256150796980691, -7.642674361133441, 0.0 ], [ 110.255950922000125, -7.64254568399987, 0.0 ], [ 110.255648641565571, -7.642416894872241, 0.0 ], [ 110.255409, -7.642314, 0.0 ], [ 110.254692, -7.642082, 0.0 ], [ 110.254256, -7.642031, 0.0 ], [ 110.253743, -7.642234, 0.0 ], [ 110.253358, -7.642463, 0.0 ], [ 110.253179, -7.642463, 0.0 ], [ 110.252871000000113, -7.642437, 0.0 ], [ 110.252179, -7.642334, 0.0 ], [ 110.251897, -7.642384, 0.0 ], [ 110.251747342072775, -7.642448667005521, 0.0 ], [ 110.25173505531157, -7.642453764413883, 0.0 ], [ 110.251762, -7.642339, 0.0 ], [ 110.251742, -7.642284, 0.0 ], [ 110.251649, -7.642194001, 0.0 ], [ 110.25153, -7.642081, 0.0 ], [ 110.251462, -7.642023, 0.0 ], [ 110.251327, -7.641933, 0.0 ], [ 110.251237, -7.641891, 0.0 ], [ 110.251182, -7.641849, 0.0 ], [ 110.251128, -7.641814, 0.0 ], [ 110.251067, -7.641769, 0.0 ], [ 110.251002, -7.64174, 0.0 ], [ 110.250951, -7.641707, 0.0 ], [ 110.250857, -7.641656, 0.0 ], [ 110.250642, -7.641514, 0.0 ], [ 110.250571, -7.64147200099994, 0.0 ], [ 110.250523, -7.641437, 0.0 ], [ 110.250413, -7.641359, 0.0 ], [ 110.250285000000105, -7.641295, 0.0 ], [ 110.250185, -7.641253, 0.0 ], [ 110.250156, -7.641237, 0.0 ], [ 110.25, -7.641381151999973, 0.0 ], [ 110.248679, -7.640621, 0.0 ], [ 110.247271, -7.640323, 0.0 ], [ 110.2466620000001, -7.639975, 0.0 ], [ 110.246124001000084, -7.639749, 0.0 ], [ 110.245602, -7.639783, 0.0 ], [ 110.245219, -7.639643998999947, 0.0 ], [ 110.244942, -7.639383, 0.0 ], [ 110.244908, -7.638984, 0.0 ], [ 110.245065, -7.638343, 0.0 ], [ 110.245275, -7.637823, 0.0 ], [ 110.245589, -7.63739, 0.0 ], [ 110.24639, -7.636802, 0.0 ], [ 110.247556999000068, -7.635954, 0.0 ], [ 110.247939999000053, -7.635469, 0.0 ], [ 110.24808, -7.635071, 0.0 ], [ 110.248313, -7.634843, 0.0 ], [ 110.248822999000112, -7.634228, 0.0 ], [ 110.249189999000095, -7.633883, 0.0 ], [ 110.249721, -7.633485, 0.0 ], [ 110.25, -7.63333333299996, 0.0 ], [ 110.249999999333397, -7.633303000666604, 0.0 ], [ 110.25, -7.633287, 0.0 ], [ 110.25015, -7.632859, 0.0 ], [ 110.250174, -7.632374, 0.0 ], [ 110.250246, -7.631738, 0.0 ], [ 110.250292, -7.630937, 0.0 ], [ 110.250346, -7.630937, 0.0 ], [ 110.250551, -7.630937, 0.0 ], [ 110.250853, -7.630994, 0.0 ], [ 110.251214, -7.631009, 0.0 ], [ 110.251921, -7.631044, 0.0 ], [ 110.252239000000131, -7.631152, 0.0 ], [ 110.252582, -7.631198, 0.0 ], [ 110.253134, -7.631294, 0.0 ], [ 110.25388, -7.631364, 0.0 ], [ 110.255125, -7.631359, 0.0 ], [ 110.25575, -7.631281, 0.0 ], [ 110.257476, -7.631179, 0.0 ], [ 110.257498, -7.630644, 0.0 ], [ 110.257466, -7.630273, 0.0 ], [ 110.257421, -7.6299, 0.0 ], [ 110.25738, -7.629621, 0.0 ], [ 110.257336, -7.629181, 0.0 ], [ 110.257349, -7.628804, 0.0 ], [ 110.257395, -7.628159, 0.0 ], [ 110.257466, -7.627435999999889, 0.0 ], [ 110.257491000000101, -7.627173, 0.0 ], [ 110.257516, -7.626753, 0.0 ], [ 110.257544, -7.626365, 0.0 ], [ 110.257622, -7.625973999999893, 0.0 ], [ 110.257772, -7.625784, 0.0 ], [ 110.258202, -7.625462, 0.0 ], [ 110.25859914000003, -7.625, 0.0 ], [ 110.2586, -7.624999, 0.0 ], [ 110.258724, -7.624896000999961, 0.0 ], [ 110.259257, -7.624346, 0.0 ], [ 110.259895, -7.62386, 0.0 ], [ 110.26047, -7.623353, 0.0 ], [ 110.260704, -7.622993, 0.0 ], [ 110.260918, -7.622209, 0.0 ], [ 110.261195, -7.621871, 0.0 ], [ 110.261474, -7.621471, 0.0 ], [ 110.261598, -7.621492, 0.0 ], [ 110.261647, -7.621492, 0.0 ], [ 110.261685, -7.621493, 0.0 ], [ 110.261766, -7.621513, 0.0 ], [ 110.261803, -7.621522000999949, 0.0 ], [ 110.261886, -7.621583, 0.0 ], [ 110.262013, -7.621657, 0.0 ], [ 110.262316, -7.621843, 0.0 ], [ 110.262418, -7.621916, 0.0 ], [ 110.262585, -7.622042, 0.0 ], [ 110.262804, -7.622196, 0.0 ], [ 110.263066, -7.622400000999942, 0.0 ], [ 110.263081, -7.622412, 0.0 ], [ 110.263728000000114, -7.622869, 0.0 ], [ 110.263978000000108, -7.623064, 0.0 ], [ 110.264156, -7.623229, 0.0 ], [ 110.264506, -7.623432, 0.0 ], [ 110.264533000000114, -7.623441, 0.0 ], [ 110.264629, -7.623517999999898, 0.0 ], [ 110.264799, -7.623678, 0.0 ], [ 110.265187, -7.623903, 0.0 ], [ 110.265301, -7.623981, 0.0 ], [ 110.265592, -7.62419300099997, 0.0 ], [ 110.265966, -7.624465, 0.0 ], [ 110.26617, -7.624558, 0.0 ], [ 110.266211, -7.624597, 0.0 ], [ 110.266257, -7.624639, 0.0 ], [ 110.266309, -7.624726, 0.0 ], [ 110.26644, -7.624893999999884, 0.0 ], [ 110.266447000000113, -7.624903, 0.0 ], [ 110.266506, -7.624999, 0.0 ], [ 110.26650175600011, -7.625, 0.0 ], [ 110.265459168066087, -7.625232595776644, 0.0 ], [ 110.265359, -7.625228999999891, 0.0 ], [ 110.265166, -7.625298, 0.0 ], [ 110.26510300000011, -7.625382, 0.0 ], [ 110.265077, -7.625513, 0.0 ] ] ] ] } },
{ "type": "Feature", "properties": { "NAMOBJ": "Banjarsari", "WADMKC": "Kalibawang", "WADMKK": "Kabupaten Kulonprogo", "WADMPR": "DI Yogyakarta" }, "geometry": { "type": "MultiPolygon", "coordinates": [ [ [ [ 110.226812, -7.671819, 0.0 ], [ 110.226826, -7.67183, 0.0 ], [ 110.226974001000116, -7.671947, 0.0 ], [ 110.226957999000035, -7.671973, 0.0 ], [ 110.226956999000038, -7.671999, 0.0 ], [ 110.227124, -7.672008, 0.0 ], [ 110.227385001000101, -7.672307, 0.0 ], [ 110.227674, -7.672636998999984, 0.0 ], [ 110.22773, -7.673055, 0.0 ], [ 110.227805, -7.673233, 0.0 ], [ 110.227923, -7.673410999999899, 0.0 ], [ 110.228013999000012, -7.673578, 0.0 ], [ 110.228025, -7.673611000999927, 0.0 ], [ 110.228045001000083, -7.673823, 0.0 ], [ 110.228028, -7.674255999, 0.0 ], [ 110.227990999000056, -7.674443, 0.0 ], [ 110.227988, -7.674658, 0.0 ], [ 110.228034, -7.674722000999925, 0.0 ], [ 110.228236, -7.674734, 0.0 ], [ 110.228277, -7.674746, 0.0 ], [ 110.228336, -7.674799000999901, 0.0 ], [ 110.228365, -7.674833, 0.0 ], [ 110.228508, -7.675053000999956, 0.0 ], [ 110.228627000000102, -7.675299, 0.0 ], [ 110.22871400000011, -7.67551, 0.0 ], [ 110.228773, -7.675646, 0.0 ], [ 110.228815, -7.675850001, 0.0 ], [ 110.228819, -7.675868, 0.0 ], [ 110.228839, -7.676126, 0.0 ], [ 110.228839, -7.676187, 0.0 ], [ 110.228837, -7.676374, 0.0 ], [ 110.228717, -7.67643900099997, 0.0 ], [ 110.228686, -7.676467, 0.0 ], [ 110.228655999000097, -7.676503, 0.0 ], [ 110.228574, -7.676603, 0.0 ], [ 110.228458999000054, -7.676686000999979, 0.0 ], [ 110.228449, -7.676686, 0.0 ], [ 110.228436, -7.676869998999926, 0.0 ], [ 110.228489, -7.677163998999916, 0.0 ], [ 110.228595, -7.677497, 0.0 ], [ 110.228782, -7.677698, 0.0 ], [ 110.228892999000081, -7.677829, 0.0 ], [ 110.228938, -7.677832, 0.0 ], [ 110.229353001000035, -7.677919000999946, 0.0 ], [ 110.229394, -7.677940001, 0.0 ], [ 110.229505, -7.678042, 0.0 ], [ 110.229682001000086, -7.678279, 0.0 ], [ 110.229887, -7.678612, 0.0 ], [ 110.230247000000119, -7.67897, 0.0 ], [ 110.230688, -7.679403, 0.0 ], [ 110.230699, -7.679428, 0.0 ], [ 110.230876999000103, -7.679786, 0.0 ], [ 110.230894, -7.679954, 0.0 ], [ 110.230861, -7.680118, 0.0 ], [ 110.230766, -7.680264998999988, 0.0 ], [ 110.230767, -7.680335000999918, 0.0 ], [ 110.230784, -7.68047, 0.0 ], [ 110.230827, -7.68056, 0.0 ], [ 110.230892, -7.680656, 0.0 ], [ 110.23102, -7.680975, 0.0 ], [ 110.231044, -7.68114, 0.0 ], [ 110.231045, -7.681467000999966, 0.0 ], [ 110.231046, -7.681620000999924, 0.0 ], [ 110.231077999000036, -7.68181700099997, 0.0 ], [ 110.231134, -7.681880998999937, 0.0 ], [ 110.231247, -7.681996, 0.0 ], [ 110.231335, -7.682129, 0.0 ], [ 110.231438001000072, -7.682190001000013, 0.0 ], [ 110.231472, -7.682157, 0.0 ], [ 110.231493, -7.682139, 0.0 ], [ 110.231625, -7.682027000999938, 0.0 ], [ 110.231773999000069, -7.68198600099992, 0.0 ], [ 110.232010999000053, -7.682003, 0.0 ], [ 110.232123999000081, -7.682075, 0.0 ], [ 110.232500000000101, -7.682398, 0.0 ], [ 110.232564, -7.682447, 0.0 ], [ 110.232638, -7.682428, 0.0 ], [ 110.232817, -7.682315, 0.0 ], [ 110.233005, -7.68225, 0.0 ], [ 110.233075, -7.682456, 0.0 ], [ 110.23314, -7.682646, 0.0 ], [ 110.233176001000075, -7.682828000999955, 0.0 ], [ 110.233137001000046, -7.683162, 0.0 ], [ 110.233095, -7.683515, 0.0 ], [ 110.23311, -7.683696998999913, 0.0 ], [ 110.233169000000117, -7.683823, 0.0 ], [ 110.233179, -7.683838, 0.0 ], [ 110.233517, -7.684231, 0.0 ], [ 110.233729, -7.68453, 0.0 ], [ 110.233756, -7.684620999999893, 0.0 ], [ 110.23374200100001, -7.684943, 0.0 ], [ 110.233881, -7.685134000999973, 0.0 ], [ 110.233907, -7.685217, 0.0 ], [ 110.233921, -7.685262, 0.0 ], [ 110.23397, -7.685375, 0.0 ], [ 110.234052, -7.685564, 0.0 ], [ 110.234093999, -7.685764, 0.0 ], [ 110.234095, -7.685821998999966, 0.0 ], [ 110.23431, -7.686358, 0.0 ], [ 110.234604, -7.686879, 0.0 ], [ 110.234919, -7.687436, 0.0 ], [ 110.234961, -7.68749, 0.0 ], [ 110.235098, -7.687811, 0.0 ], [ 110.235151, -7.687864001, 0.0 ], [ 110.235191999000079, -7.687907, 0.0 ], [ 110.235287000000127, -7.688125, 0.0 ], [ 110.235341, -7.688276000999974, 0.0 ], [ 110.235359, -7.688345, 0.0 ], [ 110.235453, -7.688706999000019, 0.0 ], [ 110.235654, -7.689005, 0.0 ], [ 110.235790001000083, -7.689057, 0.0 ], [ 110.235964001000099, -7.689071000999938, 0.0 ], [ 110.236231, -7.689106, 0.0 ], [ 110.236461, -7.689125, 0.0 ], [ 110.23705, -7.689246, 0.0 ], [ 110.237518, -7.68942, 0.0 ], [ 110.238025, -7.689697, 0.0 ], [ 110.238051, -7.689741, 0.0 ], [ 110.23814, -7.68981, 0.0 ], [ 110.238151, -7.689814, 0.0 ], [ 110.238385, -7.689891, 0.0 ], [ 110.238600999000056, -7.689968, 0.0 ], [ 110.238778, -7.690069, 0.0 ], [ 110.238784, -7.690073998999971, 0.0 ], [ 110.238912000000127, -7.690147000999971, 0.0 ], [ 110.23908, -7.690253, 0.0 ], [ 110.23921, -7.69039, 0.0 ], [ 110.239265, -7.690502998999939, 0.0 ], [ 110.239336, -7.690546, 0.0 ], [ 110.23945100000013, -7.690553, 0.0 ], [ 110.239527, -7.69052, 0.0 ], [ 110.239578, -7.690665, 0.0 ], [ 110.240781001000045, -7.691856, 0.0 ], [ 110.241276, -7.692457, 0.0 ], [ 110.24144899900007, -7.693045, 0.0 ], [ 110.241527999000127, -7.693499, 0.0 ], [ 110.24146, -7.694179000999981, 0.0 ], [ 110.241204, -7.69486, 0.0 ], [ 110.240829000000105, -7.695326, 0.0 ], [ 110.24048, -7.695766, 0.0 ], [ 110.240251, -7.696166, 0.0 ], [ 110.240117001000087, -7.696513, 0.0 ], [ 110.240076, -7.696887, 0.0 ], [ 110.240141999000016, -7.697394, 0.0 ], [ 110.240342, -7.697995, 0.0 ], [ 110.240568999000089, -7.698449, 0.0 ], [ 110.240742, -7.698757, 0.0 ], [ 110.240822, -7.699103998999892, 0.0 ], [ 110.240848, -7.699504000999948, 0.0 ], [ 110.240657, -7.699935001, 0.0 ], [ 110.240334999000083, -7.700652999999893, 0.0 ], [ 110.240021, -7.701283000999972, 0.0 ], [ 110.239874999000037, -7.701515000999983, 0.0 ], [ 110.239708, -7.701754, 0.0 ], [ 110.239627, -7.702022000999921, 0.0 ], [ 110.239598, -7.702312000999935, 0.0 ], [ 110.239692, -7.702624000999904, 0.0 ], [ 110.239690001000014, -7.702822000999944, 0.0 ], [ 110.239853, -7.702926, 0.0 ], [ 110.239976, -7.70299, 0.0 ], [ 110.240289000000104, -7.703118, 0.0 ], [ 110.240392, -7.703147, 0.0 ], [ 110.240404000000112, -7.703148, 0.0 ], [ 110.240739000000119, -7.703042, 0.0 ], [ 110.240889, -7.702994, 0.0 ], [ 110.240984, -7.702949, 0.0 ], [ 110.240998999000055, -7.702936, 0.0 ], [ 110.241089, -7.702857, 0.0 ], [ 110.241131001000042, -7.70281, 0.0 ], [ 110.241232999000047, -7.702677, 0.0 ], [ 110.241276, -7.702622, 0.0 ], [ 110.241290999000057, -7.70261, 0.0 ], [ 110.241751, -7.702957, 0.0 ], [ 110.241779000000108, -7.702986, 0.0 ], [ 110.24194, -7.703145, 0.0 ], [ 110.242132999, -7.703315998999962, 0.0 ], [ 110.242245999000019, -7.703464, 0.0 ], [ 110.242511, -7.703927, 0.0 ], [ 110.24255700100008, -7.70411200099992, 0.0 ], [ 110.242534, -7.704424, 0.0 ], [ 110.242439001, -7.704609, 0.0 ], [ 110.242517, -7.704556, 0.0 ], [ 110.242584, -7.704511, 0.0 ], [ 110.242638, -7.704537000999913, 0.0 ], [ 110.242632, -7.704588, 0.0 ], [ 110.24256, -7.704797, 0.0 ], [ 110.242532, -7.704927, 0.0 ], [ 110.242527, -7.70537, 0.0 ], [ 110.242512, -7.705431000999987, 0.0 ], [ 110.242778, -7.705839, 0.0 ], [ 110.243, -7.706181, 0.0 ], [ 110.243123000000111, -7.706357, 0.0 ], [ 110.243181, -7.706439999999894, 0.0 ], [ 110.243220001000054, -7.706517, 0.0 ], [ 110.243291, -7.706567, 0.0 ], [ 110.243526, -7.7067, 0.0 ], [ 110.243719, -7.706828, 0.0 ], [ 110.243929999000088, -7.706868, 0.0 ], [ 110.244164, -7.70692, 0.0 ], [ 110.244206000000105, -7.70693900099997, 0.0 ], [ 110.244233, -7.706953, 0.0 ], [ 110.244332999000036, -7.70704, 0.0 ], [ 110.244466001000035, -7.707119, 0.0 ], [ 110.244728, -7.707141, 0.0 ], [ 110.245154000000113, -7.707158, 0.0 ], [ 110.245233, -7.707228001, 0.0 ], [ 110.245327999000025, -7.707422, 0.0 ], [ 110.245369, -7.707584, 0.0 ], [ 110.2454, -7.707728, 0.0 ], [ 110.245474, -7.707792, 0.0 ], [ 110.245511, -7.707769000999988, 0.0 ], [ 110.245835, -7.707346, 0.0 ], [ 110.245946, -7.707087, 0.0 ], [ 110.246566, -7.707163, 0.0 ], [ 110.247261999000088, -7.707351, 0.0 ], [ 110.247891, -7.7075790009999, 0.0 ], [ 110.248479, -7.707861, 0.0 ], [ 110.249215, -7.708289, 0.0 ], [ 110.24954, -7.708590000999973, 0.0 ], [ 110.249229, -7.708733999999897, 0.0 ], [ 110.248897, -7.709022, 0.0 ], [ 110.248822009255903, -7.709092239264461, 0.0 ], [ 110.248807445000153, -7.709099883999972, 0.0 ], [ 110.247557175116256, -7.709987880286253, 0.0 ], [ 110.247380672682084, -7.710063919654832, 0.0 ], [ 110.246877855224184, -7.710085861578222, 0.0 ], [ 110.246038, -7.709967, 0.0 ], [ 110.245023, -7.709965, 0.0 ], [ 110.244319, -7.710025, 0.0 ], [ 110.243261999000069, -7.71035399899991, 0.0 ], [ 110.242616471601423, -7.710741973435866, 0.0 ], [ 110.240951844000051, -7.711574687999924, 0.0 ], [ 110.239570166000135, -7.712165613999968, 0.0 ], [ 110.237747647999967, -7.713271457999983, 0.0 ], [ 110.235408484000047, -7.713390416999879, 0.0 ], [ 110.234286679651703, -7.713288631224426, 0.0 ], [ 110.234042, -7.713227, 0.0 ], [ 110.233421, -7.713206, 0.0 ], [ 110.233131, -7.713288, 0.0 ], [ 110.232970926385804, -7.713383132378794, 0.0 ], [ 110.232845602012617, -7.713399621726282, 0.0 ], [ 110.23281299900006, -7.712989, 0.0 ], [ 110.232812, -7.712645, 0.0 ], [ 110.232785001000053, -7.712361, 0.0 ], [ 110.233042, -7.711944, 0.0 ], [ 110.233184, -7.7118, 0.0 ], [ 110.233192, -7.711796, 0.0 ], [ 110.233143, -7.711437999999895, 0.0 ], [ 110.233144, -7.711029, 0.0 ], [ 110.233025, -7.710639, 0.0 ], [ 110.232874, -7.71037499899996, 0.0 ], [ 110.232641, -7.710199, 0.0 ], [ 110.232302999000055, -7.7101, 0.0 ], [ 110.232161000000119, -7.710165, 0.0 ], [ 110.231957000000108, -7.71, 0.0 ], [ 110.231663000000125, -7.709848, 0.0 ], [ 110.231607, -7.709825, 0.0 ], [ 110.231276, -7.709677, 0.0 ], [ 110.230833000000104, -7.709389, 0.0 ], [ 110.230631, -7.709221998999951, 0.0 ], [ 110.230617, -7.709203998999971, 0.0 ], [ 110.230507, -7.709128, 0.0 ], [ 110.230418, -7.709069, 0.0 ], [ 110.230374, -7.70904, 0.0 ], [ 110.230315, -7.708997, 0.0 ], [ 110.230112, -7.708846, 0.0 ], [ 110.229945, -7.708693000999968, 0.0 ], [ 110.229597, -7.708359, 0.0 ], [ 110.229087, -7.707825, 0.0 ], [ 110.228943001000047, -7.707636, 0.0 ], [ 110.228455, -7.70703500099992, 0.0 ], [ 110.227991999000054, -7.706522, 0.0 ], [ 110.227341, -7.705808001, 0.0 ], [ 110.227241, -7.705698, 0.0 ], [ 110.22705, -7.70548, 0.0 ], [ 110.226835, -7.705253, 0.0 ], [ 110.226734, -7.7051, 0.0 ], [ 110.226677, -7.705052, 0.0 ], [ 110.226347, -7.704566, 0.0 ], [ 110.226277999000075, -7.704473, 0.0 ], [ 110.226018001000057, -7.704128, 0.0 ], [ 110.22553, -7.7035, 0.0 ], [ 110.225421, -7.703276, 0.0 ], [ 110.225388, -7.703158, 0.0 ], [ 110.225389, -7.703154000999969, 0.0 ], [ 110.225215, -7.703128, 0.0 ], [ 110.225212, -7.703124, 0.0 ], [ 110.225013, -7.70292, 0.0 ], [ 110.22485099900004, -7.702684, 0.0 ], [ 110.224776, -7.702568000999978, 0.0 ], [ 110.224625, -7.702487, 0.0 ], [ 110.224508, -7.70245100099989, 0.0 ], [ 110.22431, -7.702466, 0.0 ], [ 110.224139, -7.702481, 0.0 ], [ 110.223815, -7.702368, 0.0 ], [ 110.223647, -7.702193, 0.0 ], [ 110.223307, -7.701622, 0.0 ], [ 110.223154, -7.701392, 0.0 ], [ 110.223034001000073, -7.701288, 0.0 ], [ 110.222871, -7.701203000999925, 0.0 ], [ 110.22276, -7.701186, 0.0 ], [ 110.222246, -7.701384998999973, 0.0 ], [ 110.222053, -7.70142, 0.0 ], [ 110.22176100100009, -7.701408, 0.0 ], [ 110.221705, -7.701396, 0.0 ], [ 110.221443, -7.701564, 0.0 ], [ 110.221052, -7.701739, 0.0 ], [ 110.220553, -7.701964, 0.0 ], [ 110.2200050000001, -7.702089, 0.0 ], [ 110.21948600100005, -7.702326, 0.0 ], [ 110.218986, -7.702902, 0.0 ], [ 110.218949, -7.702934000999974, 0.0 ], [ 110.218366, -7.703333, 0.0 ], [ 110.218077, -7.703503, 0.0 ], [ 110.218041, -7.703525, 0.0 ], [ 110.217876, -7.703697, 0.0 ], [ 110.217836999000042, -7.703738000999973, 0.0 ], [ 110.217676, -7.703626998999937, 0.0 ], [ 110.217143, -7.703213, 0.0 ], [ 110.216935, -7.702989, 0.0 ], [ 110.216888, -7.702946999999895, 0.0 ], [ 110.216835, -7.702922998999952, 0.0 ], [ 110.216569, -7.702882, 0.0 ], [ 110.216402001000063, -7.702848998999958, 0.0 ], [ 110.216056, -7.702731, 0.0 ], [ 110.215947, -7.702634, 0.0 ], [ 110.215899999000086, -7.702597, 0.0 ], [ 110.215638001000087, -7.702391, 0.0 ], [ 110.215452, -7.702204, 0.0 ], [ 110.215244, -7.701809000999972, 0.0 ], [ 110.215239, -7.701797, 0.0 ], [ 110.215069, -7.70139, 0.0 ], [ 110.214882, -7.701175, 0.0 ], [ 110.2146410000001, -7.700988999999893, 0.0 ], [ 110.21442399900009, -7.700793, 0.0 ], [ 110.214334000000107, -7.700727, 0.0 ], [ 110.214128000000116, -7.700647, 0.0 ], [ 110.213704, -7.700578000999904, 0.0 ], [ 110.213077, -7.700412, 0.0 ], [ 110.21249, -7.700292, 0.0 ], [ 110.212000999000068, -7.700143, 0.0 ], [ 110.21199500100002, -7.700141, 0.0 ], [ 110.211991, -7.700135998999926, 0.0 ], [ 110.211818001000026, -7.699992, 0.0 ], [ 110.211785999000043, -7.69996, 0.0 ], [ 110.211671000000123, -7.699876, 0.0 ], [ 110.211512999000021, -7.699814, 0.0 ], [ 110.211466000000129, -7.699798, 0.0 ], [ 110.211281, -7.699828, 0.0 ], [ 110.211156, -7.699827, 0.0 ], [ 110.21109, -7.699816, 0.0 ], [ 110.210986, -7.699833000999902, 0.0 ], [ 110.210973, -7.699836, 0.0 ], [ 110.210967, -7.699838, 0.0 ], [ 110.210921, -7.69983, 0.0 ], [ 110.210859, -7.69978, 0.0 ], [ 110.210783, -7.6997, 0.0 ], [ 110.210754999000088, -7.699669, 0.0 ], [ 110.210673, -7.699621, 0.0 ], [ 110.21051400100005, -7.699574, 0.0 ], [ 110.210498, -7.699568000999914, 0.0 ], [ 110.210356, -7.69949, 0.0 ], [ 110.210307, -7.699456, 0.0 ], [ 110.210201001000087, -7.699314000999948, 0.0 ], [ 110.210131, -7.699162, 0.0 ], [ 110.210047000000131, -7.698929, 0.0 ], [ 110.209918000000116, -7.698758, 0.0 ], [ 110.209757000000124, -7.698552, 0.0 ], [ 110.209645, -7.698418998999969, 0.0 ], [ 110.209547, -7.698333, 0.0 ], [ 110.209363001000028, -7.698005001, 0.0 ], [ 110.209105, -7.697738, 0.0 ], [ 110.208952, -7.697648, 0.0 ], [ 110.208715, -7.69755, 0.0 ], [ 110.208523, -7.697393000999988, 0.0 ], [ 110.208426000000131, -7.697247, 0.0 ], [ 110.208421, -7.697224, 0.0 ], [ 110.207954, -7.697238, 0.0 ], [ 110.207556, -7.69711, 0.0 ], [ 110.207785999000109, -7.696715, 0.0 ], [ 110.207848, -7.696631, 0.0 ], [ 110.207941, -7.696486, 0.0 ], [ 110.208014001000052, -7.696392, 0.0 ], [ 110.208151, -7.696214, 0.0 ], [ 110.208265, -7.696006, 0.0 ], [ 110.208363, -7.695833, 0.0 ], [ 110.208507001000072, -7.695584, 0.0 ], [ 110.208516000000117, -7.695568000999977, 0.0 ], [ 110.208584, -7.695376, 0.0 ], [ 110.208578, -7.695065, 0.0 ], [ 110.208565001000082, -7.695031, 0.0 ], [ 110.208474, -7.694864999999897, 0.0 ], [ 110.208402, -7.694797, 0.0 ], [ 110.20832900100001, -7.694761, 0.0 ], [ 110.20820900000011, -7.694634000999969, 0.0 ], [ 110.208186, -7.69433, 0.0 ], [ 110.208340000000121, -7.693997, 0.0 ], [ 110.208369, -7.693743, 0.0 ], [ 110.20844, -7.693588, 0.0 ], [ 110.208682, -7.692995000999893, 0.0 ], [ 110.208708000000101, -7.692931, 0.0 ], [ 110.208791, -7.692715001, 0.0 ], [ 110.208795000000109, -7.692703000999892, 0.0 ], [ 110.208973, -7.692564, 0.0 ], [ 110.209204, -7.691901, 0.0 ], [ 110.209228001000042, -7.691669000999958, 0.0 ], [ 110.209284001000057, -7.691112, 0.0 ], [ 110.209286, -7.691075, 0.0 ], [ 110.209334000000112, -7.690882, 0.0 ], [ 110.209385, -7.690702, 0.0 ], [ 110.20927, -7.690477, 0.0 ], [ 110.209228999000047, -7.690384, 0.0 ], [ 110.209321, -7.690255, 0.0 ], [ 110.209381, -7.690173, 0.0 ], [ 110.209357, -7.689731, 0.0 ], [ 110.209313999000059, -7.68951, 0.0 ], [ 110.209254, -7.689342, 0.0 ], [ 110.209204, -7.689287, 0.0 ], [ 110.209078, -7.689239999999888, 0.0 ], [ 110.208744, -7.688908, 0.0 ], [ 110.208556, -7.688714, 0.0 ], [ 110.208452999000045, -7.688597, 0.0 ], [ 110.208303, -7.688321, 0.0 ], [ 110.208185, -7.687968998999974, 0.0 ], [ 110.20816, -7.687699, 0.0 ], [ 110.208012, -7.686963, 0.0 ], [ 110.207953, -7.686805000999943, 0.0 ], [ 110.207952, -7.686726, 0.0 ], [ 110.207974, -7.686669, 0.0 ], [ 110.207998, -7.686614, 0.0 ], [ 110.208115, -7.686493000999974, 0.0 ], [ 110.20817, -7.686424, 0.0 ], [ 110.208166000000105, -7.686393, 0.0 ], [ 110.208298, -7.686267001000015, 0.0 ], [ 110.208664999000092, -7.685793000999965, 0.0 ], [ 110.208833, -7.68556, 0.0 ], [ 110.208908, -7.685458, 0.0 ], [ 110.208993, -7.685339, 0.0 ], [ 110.209047, -7.685251000999884, 0.0 ], [ 110.209072, -7.68519, 0.0 ], [ 110.20915, -7.685097000999932, 0.0 ], [ 110.209266001000088, -7.685031, 0.0 ], [ 110.209499, -7.684998000999911, 0.0 ], [ 110.20950700000013, -7.684996, 0.0 ], [ 110.209702, -7.684987, 0.0 ], [ 110.209732, -7.684988, 0.0 ], [ 110.2098340000001, -7.684992, 0.0 ], [ 110.209944, -7.684989, 0.0 ], [ 110.210012, -7.684987, 0.0 ], [ 110.210133, -7.684997, 0.0 ], [ 110.21023, -7.685000000999899, 0.0 ], [ 110.210361, -7.684991, 0.0 ], [ 110.210463999000083, -7.684968, 0.0 ], [ 110.210575999000113, -7.684905, 0.0 ], [ 110.210632000000132, -7.684866, 0.0 ], [ 110.210733, -7.684759000999943, 0.0 ], [ 110.210788, -7.684723, 0.0 ], [ 110.210771, -7.6847, 0.0 ], [ 110.210864, -7.68455, 0.0 ], [ 110.210963, -7.684491000999973, 0.0 ], [ 110.211102, -7.684454, 0.0 ], [ 110.211275, -7.684452000999944, 0.0 ], [ 110.211445, -7.684479, 0.0 ], [ 110.21158, -7.684537, 0.0 ], [ 110.211594999000056, -7.684542, 0.0 ], [ 110.211755, -7.684614, 0.0 ], [ 110.211829, -7.684635, 0.0 ], [ 110.211982, -7.684451, 0.0 ], [ 110.212032, -7.684419, 0.0 ], [ 110.21211, -7.68438, 0.0 ], [ 110.212186000000102, -7.684328999999892, 0.0 ], [ 110.212249, -7.68432, 0.0 ], [ 110.212298, -7.684319, 0.0 ], [ 110.212392, -7.684299, 0.0 ], [ 110.21242, -7.684284999999893, 0.0 ], [ 110.2125, -7.684234, 0.0 ], [ 110.212582, -7.684177, 0.0 ], [ 110.212696, -7.684112, 0.0 ], [ 110.212797000000123, -7.684095, 0.0 ], [ 110.212901, -7.684081, 0.0 ], [ 110.212974999000011, -7.684047, 0.0 ], [ 110.213113, -7.683947999999898, 0.0 ], [ 110.213268, -7.68380300099998, 0.0 ], [ 110.213383000000107, -7.683682, 0.0 ], [ 110.213434, -7.68361300099998, 0.0 ], [ 110.213479, -7.683507, 0.0 ], [ 110.213486, -7.683212, 0.0 ], [ 110.213508, -7.683114999999898, 0.0 ], [ 110.213571, -7.682993, 0.0 ], [ 110.213692001000098, -7.682775000999921, 0.0 ], [ 110.213721, -7.682711, 0.0 ], [ 110.213792999000106, -7.682487, 0.0 ], [ 110.213838, -7.682436000999939, 0.0 ], [ 110.214049, -7.682544, 0.0 ], [ 110.214156, -7.682551, 0.0 ], [ 110.214498999000071, -7.682544, 0.0 ], [ 110.214584, -7.682573999999899, 0.0 ], [ 110.214634999000054, -7.682491, 0.0 ], [ 110.214863, -7.68211100099996, 0.0 ], [ 110.214936, -7.681974001, 0.0 ], [ 110.21506, -7.681738, 0.0 ], [ 110.215175, -7.68144, 0.0 ], [ 110.215199999000077, -7.681007, 0.0 ], [ 110.215072, -7.680141, 0.0 ], [ 110.215027, -7.679833, 0.0 ], [ 110.215040999000067, -7.67967, 0.0 ], [ 110.215141, -7.679456, 0.0 ], [ 110.215182999, -7.67941, 0.0 ], [ 110.215238, -7.679387, 0.0 ], [ 110.215386000000109, -7.679266, 0.0 ], [ 110.215458000000112, -7.678949, 0.0 ], [ 110.215494, -7.67881, 0.0 ], [ 110.215635000000105, -7.678478, 0.0 ], [ 110.215678000000111, -7.678311000999962, 0.0 ], [ 110.21564899900001, -7.678155998999927, 0.0 ], [ 110.215556, -7.678014001, 0.0 ], [ 110.215441, -7.677878, 0.0 ], [ 110.215407, -7.677726000999964, 0.0 ], [ 110.215405001000079, -7.677719, 0.0 ], [ 110.215328, -7.677410000999931, 0.0 ], [ 110.215236999000027, -7.677306, 0.0 ], [ 110.215077, -7.677292000999937, 0.0 ], [ 110.214912, -7.677072000999942, 0.0 ], [ 110.214807999000058, -7.676972, 0.0 ], [ 110.214690999000069, -7.676933, 0.0 ], [ 110.214655, -7.676921, 0.0 ], [ 110.214551000000114, -7.676898, 0.0 ], [ 110.214046999000075, -7.676523, 0.0 ], [ 110.213952, -7.676434001, 0.0 ], [ 110.213893999000021, -7.676263998999968, 0.0 ], [ 110.213789, -7.67586, 0.0 ], [ 110.213721, -7.675637, 0.0 ], [ 110.213708, -7.675484, 0.0 ], [ 110.213783, -7.675266, 0.0 ], [ 110.213923000000108, -7.67495500099993, 0.0 ], [ 110.213951999000116, -7.674807, 0.0 ], [ 110.213933, -7.674556, 0.0 ], [ 110.213884, -7.674421, 0.0 ], [ 110.213717999000025, -7.674047, 0.0 ], [ 110.213533, -7.673698, 0.0 ], [ 110.213398, -7.673413000999975, 0.0 ], [ 110.213262, -7.672813, 0.0 ], [ 110.213190999000034, -7.672581998999963, 0.0 ], [ 110.213145, -7.672503, 0.0 ], [ 110.212662999000131, -7.672051000999904, 0.0 ], [ 110.212112001000023, -7.671551, 0.0 ], [ 110.212063, -7.671496999999896, 0.0 ], [ 110.211920001000024, -7.671213, 0.0 ], [ 110.211796, -7.670955001, 0.0 ], [ 110.211673000000104, -7.670639, 0.0 ], [ 110.211563, -7.670355, 0.0 ], [ 110.211443, -7.670145, 0.0 ], [ 110.211374, -7.670043, 0.0 ], [ 110.21102, -7.669787000999985, 0.0 ], [ 110.210951, -7.66971, 0.0 ], [ 110.21088400100011, -7.669542, 0.0 ], [ 110.210881000000128, -7.66916, 0.0 ], [ 110.210953, -7.668683, 0.0 ], [ 110.210968, -7.66854100099992, 0.0 ], [ 110.21091, -7.668388, 0.0 ], [ 110.210907, -7.668381, 0.0 ], [ 110.210925999000025, -7.668136, 0.0 ], [ 110.210969, -7.667883, 0.0 ], [ 110.211013, -7.667481, 0.0 ], [ 110.211014, -7.667472, 0.0 ], [ 110.211027, -7.667126, 0.0 ], [ 110.210863, -7.666922, 0.0 ], [ 110.21079, -7.66677, 0.0 ], [ 110.210772999000071, -7.666629998999987, 0.0 ], [ 110.210766, -7.6664690009999, 0.0 ], [ 110.21071299900008, -7.666296000999974, 0.0 ], [ 110.210673, -7.666146, 0.0 ], [ 110.2106670000001, -7.666114, 0.0 ], [ 110.210625, -7.665927999, 0.0 ], [ 110.210577999000108, -7.66586, 0.0 ], [ 110.210518, -7.665796, 0.0 ], [ 110.210453, -7.665663, 0.0 ], [ 110.210387000000111, -7.665502, 0.0 ], [ 110.210311, -7.665319, 0.0 ], [ 110.210233, -7.665088, 0.0 ], [ 110.210173, -7.664958, 0.0 ], [ 110.210050000000109, -7.664693, 0.0 ], [ 110.210674999000048, -7.665415, 0.0 ], [ 110.211143, -7.665905000999953, 0.0 ], [ 110.211872, -7.666613, 0.0 ], [ 110.212789, -7.667433, 0.0 ], [ 110.213495, -7.668013, 0.0 ], [ 110.214406, -7.668661, 0.0 ], [ 110.215317, -7.669249, 0.0 ], [ 110.216593001000049, -7.669986, 0.0 ], [ 110.217614001000058, -7.670504, 0.0 ], [ 110.218551, -7.670762000999922, 0.0 ], [ 110.219431, -7.670941, 0.0 ], [ 110.220375, -7.671077, 0.0 ], [ 110.221437, -7.67124, 0.0 ], [ 110.22346, -7.671472, 0.0 ], [ 110.224769, -7.671617, 0.0 ], [ 110.226114, -7.671681, 0.0 ], [ 110.226809, -7.671695000999936, 0.0 ], [ 110.226828000000111, -7.671744999999898, 0.0 ], [ 110.22682699900011, -7.671785, 0.0 ], [ 110.226812, -7.671819, 0.0 ] ] ] ] } },
{ "type": "Feature", "properties": { "NAMOBJ": "Banjarharjo", "WADMKC": "Kalibawang", "WADMKK": "Kabupaten Kulonprogo", "WADMPR": "DI Yogyakarta" }, "geometry": { "type": "MultiPolygon", "coordinates": [ [ [ [ 110.263008109000054, -7.680356007999968, 0.0 ], [ 110.263010562118126, -7.680361873319576, 0.0 ], [ 110.263034, -7.680465, 0.0 ], [ 110.26306, -7.680483, 0.0 ], [ 110.263087553313227, -7.680501249597029, 0.0 ], [ 110.263214120000143, -7.680586295999927, 0.0 ], [ 110.263648993000146, -7.680689300999923, 0.0 ], [ 110.264030452, -7.680817574999967, 0.0 ], [ 110.264236463000088, -7.680971598999921, 0.0 ], [ 110.264389061000188, -7.681227178999929, 0.0 ], [ 110.264465348000101, -7.681508509999937, 0.0 ], [ 110.264486044478943, -7.681751076937406, 0.0 ], [ 110.264494, -7.681865, 0.0 ], [ 110.264434837111708, -7.68204134044548, 0.0 ], [ 110.264389061000188, -7.682172750999918, 0.0 ], [ 110.264183050000014, -7.682555636999979, 0.0 ], [ 110.263771773772362, -7.682810310059509, 0.0 ], [ 110.263415, -7.68286, 0.0 ], [ 110.263056, -7.682936, 0.0 ], [ 110.263054509291138, -7.682936987359003, 0.0 ], [ 110.263053882000023, -7.682937119999924, 0.0 ], [ 110.263009929431689, -7.682966514471847, 0.0 ], [ 110.262825, -7.683089000999967, 0.0 ], [ 110.262689111743981, -7.683223831231214, 0.0 ], [ 110.262565621000036, -7.683345272999944, 0.0 ], [ 110.262093454418746, -7.683831065596049, 0.0 ], [ 110.261772000000107, -7.684161000999936, 0.0 ], [ 110.261656070296041, -7.684276177662721, 0.0 ], [ 110.261306752000152, -7.68462084999997, 0.0 ], [ 110.261100764999981, -7.684927448999936, 0.0 ], [ 110.260992648297375, -7.685242115111325, 0.0 ], [ 110.260924, -7.685437, 0.0 ], [ 110.260876180129287, -7.685626119875845, 0.0 ], [ 110.260765078, -7.686051345999935, 0.0 ], [ 110.260818491000165, -7.686460466999947, 0.0 ], [ 110.260917677000108, -7.686869103999918, 0.0 ], [ 110.261093492987925, -7.687139748729479, 0.0 ], [ 110.2611, -7.68715, 0.0 ], [ 110.261102899597105, -7.687153760414802, 0.0 ], [ 110.261352549000037, -7.68748326799993, 0.0 ], [ 110.261711134000123, -7.687739814999929, 0.0 ], [ 110.262046821000098, -7.687868088999974, 0.0 ], [ 110.262405382000011, -7.687945342999882, 0.0 ], [ 110.262870793000062, -7.687894806999875, 0.0 ], [ 110.263229347671441, -7.687946764605027, 0.0 ], [ 110.263432, -7.688099, 0.0 ], [ 110.263585, -7.688304, 0.0 ], [ 110.263659908987293, -7.688453452564794, 0.0 ], [ 110.263786333000141, -7.688714498999929, 0.0 ], [ 110.263992320000042, -7.68912361999994, 0.0 ], [ 110.264036836026563, -7.689294184027908, 0.0 ], [ 110.264045, -7.689326999999892, 0.0 ], [ 110.264045512252167, -7.689327427156424, 0.0 ], [ 110.264045709000115, -7.689328181, 0.0 ], [ 110.264350881000141, -7.689584219999947, 0.0 ], [ 110.265014662999988, -7.690122096999954, 0.0 ], [ 110.265556337000049, -7.690608471999962, 0.0 ], [ 110.265785222000062, -7.691018075999924, 0.0 ], [ 110.265800589817758, -7.691106289684459, 0.0 ], [ 110.265836, -7.691323, 0.0 ], [ 110.265861000000115, -7.691835, 0.0 ], [ 110.265856640108652, -7.691950456385356, 0.0 ], [ 110.265830994000211, -7.692551118999937, 0.0 ], [ 110.265809316940334, -7.692986700288397, 0.0 ], [ 110.265808, -7.69301, 0.0 ], [ 110.265808132138659, -7.693010507826472, 0.0 ], [ 110.265808096, -7.693011233999904, 0.0 ], [ 110.265960718000017, -7.693599211999882, 0.0 ], [ 110.266045822195181, -7.693778870857273, 0.0 ], [ 110.266165, -7.694032999999891, 0.0 ], [ 110.26637, -7.694187, 0.0 ], [ 110.266416548104175, -7.694208698204676, 0.0 ], [ 110.266754151000029, -7.694367377999935, 0.0 ], [ 110.267036449000116, -7.694623440999894, 0.0 ], [ 110.267265334000143, -7.694853752999943, 0.0 ], [ 110.26749422000016, -7.69516083499995, 0.0 ], [ 110.267671332921196, -7.695463636982282, 0.0 ], [ 110.26788, -7.695825, 0.0 ], [ 110.268391000000108, -7.696695, 0.0 ], [ 110.268521722504133, -7.696956445008187, 0.0 ], [ 110.268669136000113, -7.697258448999957, 0.0 ], [ 110.268745423000126, -7.697667569999879, 0.0 ], [ 110.268679618219835, -7.6979048334358, 0.0 ], [ 110.268645, -7.698024, 0.0 ], [ 110.26844, -7.698433, 0.0 ], [ 110.268416995842827, -7.698511744999649, 0.0 ], [ 110.268386862000028, -7.698612681999919, 0.0 ], [ 110.268416757078981, -7.698798767373251, 0.0 ], [ 110.268439, -7.698944000999976, 0.0 ], [ 110.268502229660882, -7.699116638932015, 0.0 ], [ 110.268615723000138, -7.699430923999941, 0.0 ], [ 110.268786067802495, -7.699755404595489, 0.0 ], [ 110.268949, -7.700068999999889, 0.0 ], [ 110.269378, -7.700666, 0.0 ], [ 110.269410123823135, -7.700713580296672, 0.0 ], [ 110.269828795000052, -7.701334906999914, 0.0 ], [ 110.270378110000124, -7.702192270999976, 0.0 ], [ 110.270568863000094, -7.70261333699991, 0.0 ], [ 110.270675142538778, -7.702873684749314, 0.0 ], [ 110.270728000000119, -7.703004, 0.0 ], [ 110.270887, -7.703774, 0.0 ], [ 110.270886, -7.70434, 0.0 ], [ 110.270813000000132, -7.704717, 0.0 ], [ 110.270772260471489, -7.704788458447311, 0.0 ], [ 110.270561223000172, -7.705152955999985, 0.0 ], [ 110.270431523000013, -7.705471982999914, 0.0 ], [ 110.270432812263991, -7.705473873805204, 0.0 ], [ 110.27042, -7.70567, 0.0 ], [ 110.269829189000092, -7.70611219799995, 0.0 ], [ 110.269044275000155, -7.706741026999932, 0.0 ], [ 110.26860179015469, -7.707107341503374, 0.0 ], [ 110.268559193676879, -7.707120666017399, 0.0 ], [ 110.267652819000133, -7.707192368999884, 0.0 ], [ 110.26674307800009, -7.706888331999952, 0.0 ], [ 110.264848008000143, -7.706128883999909, 0.0 ], [ 110.263627362339562, -7.705660068225803, 0.0 ], [ 110.26362736233871, -7.705660068225441, 0.0 ], [ 110.262883535000057, -7.705374384999921, 0.0 ], [ 110.261250001000164, -7.705583330999978, 0.0 ], [ 110.260444768000156, -7.70549794099993, 0.0 ], [ 110.259105795000124, -7.705450386999903, 0.0 ], [ 110.257388889, -7.705555552999989, 0.0 ], [ 110.256998586000122, -7.705835684999986, 0.0 ], [ 110.256000738000154, -7.706087211999925, 0.0 ], [ 110.255446090748123, -7.706173356877201, 0.0 ], [ 110.255399153000027, -7.706180646999929, 0.0 ], [ 110.254689325000101, -7.707238087999936, 0.0 ], [ 110.25454139300011, -7.707475076999916, 0.0 ], [ 110.253686827553793, -7.708244295387303, 0.0 ], [ 110.253588438994456, -7.708280142381831, 0.0 ], [ 110.252488609247351, -7.708526662043848, 0.0 ], [ 110.252265, -7.708553, 0.0 ], [ 110.252128978556442, -7.708549295936386, 0.0 ], [ 110.251172592000088, -7.708441869999973, 0.0 ], [ 110.251108642226257, -7.708438522790352, 0.0 ], [ 110.250993, -7.708416, 0.0 ], [ 110.250755, -7.708416, 0.0 ], [ 110.250399, -7.708397999999896, 0.0 ], [ 110.250389840270174, -7.708400899813885, 0.0 ], [ 110.250161840000032, -7.708388965999948, 0.0 ], [ 110.25, -7.708473915345728, 0.0 ], [ 110.249868420141581, -7.708542981231094, 0.0 ], [ 110.24954, -7.708590000999973, 0.0 ], [ 110.249215, -7.708289, 0.0 ], [ 110.248479, -7.707861, 0.0 ], [ 110.247891, -7.7075790009999, 0.0 ], [ 110.247261999000088, -7.707351, 0.0 ], [ 110.246566, -7.707163, 0.0 ], [ 110.245946, -7.707087, 0.0 ], [ 110.245835, -7.707346, 0.0 ], [ 110.245511, -7.707769000999988, 0.0 ], [ 110.245474, -7.707792, 0.0 ], [ 110.2454, -7.707728, 0.0 ], [ 110.245369, -7.707584, 0.0 ], [ 110.245327999000025, -7.707422, 0.0 ], [ 110.245233, -7.707228001, 0.0 ], [ 110.245154000000113, -7.707158, 0.0 ], [ 110.244728, -7.707141, 0.0 ], [ 110.244466001000035, -7.707119, 0.0 ], [ 110.244332999000036, -7.70704, 0.0 ], [ 110.244233, -7.706953, 0.0 ], [ 110.244206000000105, -7.70693900099997, 0.0 ], [ 110.244164, -7.70692, 0.0 ], [ 110.243929999000088, -7.706868, 0.0 ], [ 110.243719, -7.706828, 0.0 ], [ 110.243526, -7.7067, 0.0 ], [ 110.243291, -7.706567, 0.0 ], [ 110.243220001000054, -7.706517, 0.0 ], [ 110.243181, -7.706439999999894, 0.0 ], [ 110.243123000000111, -7.706357, 0.0 ], [ 110.243, -7.706181, 0.0 ], [ 110.242778, -7.705839, 0.0 ], [ 110.242512, -7.705431000999987, 0.0 ], [ 110.242527, -7.70537, 0.0 ], [ 110.242532, -7.704927, 0.0 ], [ 110.24256, -7.704797, 0.0 ], [ 110.242632, -7.704588, 0.0 ], [ 110.242638, -7.704537000999913, 0.0 ], [ 110.242584, -7.704511, 0.0 ], [ 110.242517, -7.704556, 0.0 ], [ 110.242439001, -7.704609, 0.0 ], [ 110.242534, -7.704424, 0.0 ], [ 110.24255700100008, -7.70411200099992, 0.0 ], [ 110.242511, -7.703927, 0.0 ], [ 110.242245999000019, -7.703464, 0.0 ], [ 110.242132999, -7.703315998999962, 0.0 ], [ 110.24194, -7.703145, 0.0 ], [ 110.241779000000108, -7.702986, 0.0 ], [ 110.241751, -7.702957, 0.0 ], [ 110.241290999000057, -7.70261, 0.0 ], [ 110.241276, -7.702622, 0.0 ], [ 110.241232999000047, -7.702677, 0.0 ], [ 110.241131001000042, -7.70281, 0.0 ], [ 110.241089, -7.702857, 0.0 ], [ 110.240998999000055, -7.702936, 0.0 ], [ 110.240984, -7.702949, 0.0 ], [ 110.240889, -7.702994, 0.0 ], [ 110.240739000000119, -7.703042, 0.0 ], [ 110.240404000000112, -7.703148, 0.0 ], [ 110.240392, -7.703147, 0.0 ], [ 110.240289000000104, -7.703118, 0.0 ], [ 110.239976, -7.70299, 0.0 ], [ 110.239853, -7.702926, 0.0 ], [ 110.239690001000014, -7.702822000999944, 0.0 ], [ 110.239692, -7.702624000999904, 0.0 ], [ 110.239598, -7.702312000999935, 0.0 ], [ 110.239627, -7.702022000999921, 0.0 ], [ 110.239708, -7.701754, 0.0 ], [ 110.239874999000037, -7.701515000999983, 0.0 ], [ 110.240021, -7.701283000999972, 0.0 ], [ 110.240334999000083, -7.700652999999893, 0.0 ], [ 110.240657, -7.699935001, 0.0 ], [ 110.240848, -7.699504000999948, 0.0 ], [ 110.240822, -7.699103998999892, 0.0 ], [ 110.240742, -7.698757, 0.0 ], [ 110.240568999000089, -7.698449, 0.0 ], [ 110.240342, -7.697995, 0.0 ], [ 110.240141999000016, -7.697394, 0.0 ], [ 110.240076, -7.696887, 0.0 ], [ 110.240117001000087, -7.696513, 0.0 ], [ 110.240251, -7.696166, 0.0 ], [ 110.24048, -7.695766, 0.0 ], [ 110.240829000000105, -7.695326, 0.0 ], [ 110.241204, -7.69486, 0.0 ], [ 110.24146, -7.694179000999981, 0.0 ], [ 110.241527999000127, -7.693499, 0.0 ], [ 110.24144899900007, -7.693045, 0.0 ], [ 110.241276, -7.692457, 0.0 ], [ 110.240781001000045, -7.691856, 0.0 ], [ 110.239578, -7.690665, 0.0 ], [ 110.239527, -7.69052, 0.0 ], [ 110.23945100000013, -7.690553, 0.0 ], [ 110.239336, -7.690546, 0.0 ], [ 110.239265, -7.690502998999939, 0.0 ], [ 110.23921, -7.69039, 0.0 ], [ 110.23908, -7.690253, 0.0 ], [ 110.238912000000127, -7.690147000999971, 0.0 ], [ 110.238784, -7.690073998999971, 0.0 ], [ 110.238778, -7.690069, 0.0 ], [ 110.238600999000056, -7.689968, 0.0 ], [ 110.238385, -7.689891, 0.0 ], [ 110.238151, -7.689814, 0.0 ], [ 110.23814, -7.68981, 0.0 ], [ 110.238051, -7.689741, 0.0 ], [ 110.238025, -7.689697, 0.0 ], [ 110.237518, -7.68942, 0.0 ], [ 110.23705, -7.689246, 0.0 ], [ 110.236461, -7.689125, 0.0 ], [ 110.236231, -7.689106, 0.0 ], [ 110.235964001000099, -7.689071000999938, 0.0 ], [ 110.235790001000083, -7.689057, 0.0 ], [ 110.235654, -7.689005, 0.0 ], [ 110.235453, -7.688706999000019, 0.0 ], [ 110.235359, -7.688345, 0.0 ], [ 110.235341, -7.688276000999974, 0.0 ], [ 110.235287000000127, -7.688125, 0.0 ], [ 110.235191999000079, -7.687907, 0.0 ], [ 110.235151, -7.687864001, 0.0 ], [ 110.235098, -7.687811, 0.0 ], [ 110.234961, -7.68749, 0.0 ], [ 110.234919, -7.687436, 0.0 ], [ 110.234604, -7.686879, 0.0 ], [ 110.23431, -7.686358, 0.0 ], [ 110.234095, -7.685821998999966, 0.0 ], [ 110.234093999, -7.685764, 0.0 ], [ 110.234052, -7.685564, 0.0 ], [ 110.23397, -7.685375, 0.0 ], [ 110.233921, -7.685262, 0.0 ], [ 110.233907, -7.685217, 0.0 ], [ 110.233881, -7.685134000999973, 0.0 ], [ 110.23374200100001, -7.684943, 0.0 ], [ 110.233756, -7.684620999999893, 0.0 ], [ 110.233729, -7.68453, 0.0 ], [ 110.233517, -7.684231, 0.0 ], [ 110.233179, -7.683838, 0.0 ], [ 110.233169000000117, -7.683823, 0.0 ], [ 110.23311, -7.683696998999913, 0.0 ], [ 110.233095, -7.683515, 0.0 ], [ 110.233137001000046, -7.683162, 0.0 ], [ 110.233176001000075, -7.682828000999955, 0.0 ], [ 110.23314, -7.682646, 0.0 ], [ 110.233075, -7.682456, 0.0 ], [ 110.233005, -7.68225, 0.0 ], [ 110.232817, -7.682315, 0.0 ], [ 110.232638, -7.682428, 0.0 ], [ 110.232564, -7.682447, 0.0 ], [ 110.232500000000101, -7.682398, 0.0 ], [ 110.232123999000081, -7.682075, 0.0 ], [ 110.232010999000053, -7.682003, 0.0 ], [ 110.231773999000069, -7.68198600099992, 0.0 ], [ 110.231625, -7.682027000999938, 0.0 ], [ 110.231493, -7.682139, 0.0 ], [ 110.231472, -7.682157, 0.0 ], [ 110.231438001000072, -7.682190001000013, 0.0 ], [ 110.231335, -7.682129, 0.0 ], [ 110.231247, -7.681996, 0.0 ], [ 110.231134, -7.681880998999937, 0.0 ], [ 110.231077999000036, -7.68181700099997, 0.0 ], [ 110.231046, -7.681620000999924, 0.0 ], [ 110.231045, -7.681467000999966, 0.0 ], [ 110.231044, -7.68114, 0.0 ], [ 110.23102, -7.680975, 0.0 ], [ 110.230892, -7.680656, 0.0 ], [ 110.230827, -7.68056, 0.0 ], [ 110.230784, -7.68047, 0.0 ], [ 110.230767, -7.680335000999918, 0.0 ], [ 110.230766, -7.680264998999988, 0.0 ], [ 110.230861, -7.680118, 0.0 ], [ 110.230894, -7.679954, 0.0 ], [ 110.230876999000103, -7.679786, 0.0 ], [ 110.230699, -7.679428, 0.0 ], [ 110.230688, -7.679403, 0.0 ], [ 110.230247000000119, -7.67897, 0.0 ], [ 110.229887, -7.678612, 0.0 ], [ 110.229682001000086, -7.678279, 0.0 ], [ 110.229505, -7.678042, 0.0 ], [ 110.229394, -7.677940001, 0.0 ], [ 110.229353001000035, -7.677919000999946, 0.0 ], [ 110.228938, -7.677832, 0.0 ], [ 110.228892999000081, -7.677829, 0.0 ], [ 110.228782, -7.677698, 0.0 ], [ 110.228595, -7.677497, 0.0 ], [ 110.228489, -7.677163998999916, 0.0 ], [ 110.228436, -7.676869998999926, 0.0 ], [ 110.228449, -7.676686, 0.0 ], [ 110.228458999000054, -7.676686000999979, 0.0 ], [ 110.228574, -7.676603, 0.0 ], [ 110.228655999000097, -7.676503, 0.0 ], [ 110.228686, -7.676467, 0.0 ], [ 110.228717, -7.67643900099997, 0.0 ], [ 110.228837, -7.676374, 0.0 ], [ 110.228839, -7.676187, 0.0 ], [ 110.228839, -7.676126, 0.0 ], [ 110.228819, -7.675868, 0.0 ], [ 110.228815, -7.675850001, 0.0 ], [ 110.228773, -7.675646, 0.0 ], [ 110.22871400000011, -7.67551, 0.0 ], [ 110.228627000000102, -7.675299, 0.0 ], [ 110.228508, -7.675053000999956, 0.0 ], [ 110.228365, -7.674833, 0.0 ], [ 110.228336, -7.674799000999901, 0.0 ], [ 110.228277, -7.674746, 0.0 ], [ 110.228236, -7.674734, 0.0 ], [ 110.228034, -7.674722000999925, 0.0 ], [ 110.227988, -7.674658, 0.0 ], [ 110.227990999000056, -7.674443, 0.0 ], [ 110.228028, -7.674255999, 0.0 ], [ 110.228045001000083, -7.673823, 0.0 ], [ 110.228025, -7.673611000999927, 0.0 ], [ 110.228013999000012, -7.673578, 0.0 ], [ 110.227923, -7.673410999999899, 0.0 ], [ 110.227805, -7.673233, 0.0 ], [ 110.22773, -7.673055, 0.0 ], [ 110.227674, -7.672636998999984, 0.0 ], [ 110.227385001000101, -7.672307, 0.0 ], [ 110.227124, -7.672008, 0.0 ], [ 110.226956999000038, -7.671999, 0.0 ], [ 110.226957999000035, -7.671973, 0.0 ], [ 110.226974001000116, -7.671947, 0.0 ], [ 110.226826, -7.67183, 0.0 ], [ 110.226812, -7.671819, 0.0 ], [ 110.22682699900011, -7.671785, 0.0 ], [ 110.226828000000111, -7.671744999999898, 0.0 ], [ 110.226809, -7.671695000999936, 0.0 ], [ 110.226869, -7.671638, 0.0 ], [ 110.226872000000114, -7.671484000999975, 0.0 ], [ 110.226822, -7.671358, 0.0 ], [ 110.226661, -7.671119998999966, 0.0 ], [ 110.226612, -7.671058, 0.0 ], [ 110.226608, -7.670859000999954, 0.0 ], [ 110.226688, -7.67068, 0.0 ], [ 110.226859, -7.670557, 0.0 ], [ 110.2271, -7.670488, 0.0 ], [ 110.227354, -7.670489000999982, 0.0 ], [ 110.227591, -7.670518, 0.0 ], [ 110.227902, -7.670644, 0.0 ], [ 110.228324, -7.670817, 0.0 ], [ 110.228798, -7.67092, 0.0 ], [ 110.230032001, -7.671094, 0.0 ], [ 110.23006, -7.671094000999947, 0.0 ], [ 110.2302, -7.671093, 0.0 ], [ 110.230351, -7.671099, 0.0 ], [ 110.230552, -7.671119, 0.0 ], [ 110.230733, -7.671125, 0.0 ], [ 110.230763, -7.671125, 0.0 ], [ 110.23097499900004, -7.671135, 0.0 ], [ 110.23105, -7.67115200099995, 0.0 ], [ 110.231229, -7.671224, 0.0 ], [ 110.231455, -7.671306, 0.0 ], [ 110.231516, -7.671332, 0.0 ], [ 110.231761, -7.67146, 0.0 ], [ 110.231988999000095, -7.671586, 0.0 ], [ 110.232142, -7.671701998999893, 0.0 ], [ 110.232151, -7.671804, 0.0 ], [ 110.232276, -7.671732, 0.0 ], [ 110.232359, -7.671700999999899, 0.0 ], [ 110.232492, -7.671611, 0.0 ], [ 110.232582, -7.671509999, 0.0 ], [ 110.232785, -7.671114, 0.0 ], [ 110.232921, -7.670934, 0.0 ], [ 110.23321, -7.670616, 0.0 ], [ 110.233315, -7.670536, 0.0 ], [ 110.233557, -7.670406, 0.0 ], [ 110.233867, -7.670256000999888, 0.0 ], [ 110.234173, -7.670127, 0.0 ], [ 110.234284, -7.670146, 0.0 ], [ 110.234475, -7.670219, 0.0 ], [ 110.23452, -7.670216, 0.0 ], [ 110.23456, -7.670113, 0.0 ], [ 110.234611, -7.670128, 0.0 ], [ 110.234582, -7.670039, 0.0 ], [ 110.234609, -7.669946998999901, 0.0 ], [ 110.234637, -7.669824, 0.0 ], [ 110.234608, -7.669695, 0.0 ], [ 110.234604999000098, -7.669670000999897, 0.0 ], [ 110.234797999000079, -7.669583999999887, 0.0 ], [ 110.235061, -7.669469, 0.0 ], [ 110.235105, -7.669449, 0.0 ], [ 110.235124, -7.669139, 0.0 ], [ 110.235393, -7.668942, 0.0 ], [ 110.235805, -7.66881, 0.0 ], [ 110.236225, -7.668758, 0.0 ], [ 110.236573999000115, -7.668769000999955, 0.0 ], [ 110.237563, -7.668896, 0.0 ], [ 110.238009001000108, -7.668876, 0.0 ], [ 110.238324, -7.668775, 0.0 ], [ 110.239321, -7.668225, 0.0 ], [ 110.240312, -7.667782, 0.0 ], [ 110.240807, -7.667682000999989, 0.0 ], [ 110.241213999000081, -7.667665, 0.0 ], [ 110.241471, -7.667675, 0.0 ], [ 110.242451000000102, -7.667952, 0.0 ], [ 110.242973, -7.667985, 0.0 ], [ 110.243758, -7.668002, 0.0 ], [ 110.244183, -7.667954000999934, 0.0 ], [ 110.244387, -7.667906, 0.0 ], [ 110.244436, -7.667783998999901, 0.0 ], [ 110.244657000000117, -7.667564, 0.0 ], [ 110.244829, -7.667491, 0.0 ], [ 110.245326999000042, -7.667598, 0.0 ], [ 110.245646, -7.667647, 0.0 ], [ 110.245800999, -7.667680000999912, 0.0 ], [ 110.246169, -7.667681000999906, 0.0 ], [ 110.246716, -7.667674, 0.0 ], [ 110.247263, -7.667756, 0.0 ], [ 110.247794, -7.667814, 0.0 ], [ 110.248089, -7.66779, 0.0 ], [ 110.248326000000105, -7.667766, 0.0 ], [ 110.248522, -7.66775, 0.0 ], [ 110.248521, -7.668255, 0.0 ], [ 110.248553, -7.668516000999983, 0.0 ], [ 110.248594, -7.668687, 0.0 ], [ 110.248846, -7.669144, 0.0 ], [ 110.248871001000083, -7.66923, 0.0 ], [ 110.248977, -7.669478999, 0.0 ], [ 110.249084, -7.669718, 0.0 ], [ 110.249226001000054, -7.669874, 0.0 ], [ 110.249609, -7.670184, 0.0 ], [ 110.249796, -7.670338, 0.0 ], [ 110.25, -7.670437511999985, 0.0 ], [ 110.250001, -7.670438, 0.0 ], [ 110.250928, -7.670786, 0.0 ], [ 110.251019, -7.670841000999886, 0.0 ], [ 110.251478, -7.671079, 0.0 ], [ 110.251871, -7.67123, 0.0 ], [ 110.252176, -7.671391, 0.0 ], [ 110.252264, -7.671437, 0.0 ], [ 110.252549, -7.671577, 0.0 ], [ 110.252636, -7.67162, 0.0 ], [ 110.252475, -7.672166, 0.0 ], [ 110.252449, -7.672388, 0.0 ], [ 110.25248, -7.672652, 0.0 ], [ 110.252636, -7.67274, 0.0 ], [ 110.252801, -7.672763, 0.0 ], [ 110.253404, -7.672801, 0.0 ], [ 110.253575, -7.672806, 0.0 ], [ 110.253617000000105, -7.672843, 0.0 ], [ 110.253858, -7.673079, 0.0 ], [ 110.254055, -7.673247, 0.0 ], [ 110.25442, -7.673476, 0.0 ], [ 110.254953, -7.673771, 0.0 ], [ 110.255159, -7.673964, 0.0 ], [ 110.255217, -7.673997999999884, 0.0 ], [ 110.255271, -7.674031, 0.0 ], [ 110.255386, -7.674044, 0.0 ], [ 110.25545, -7.674051, 0.0 ], [ 110.255834, -7.674094, 0.0 ], [ 110.255936, -7.674097, 0.0 ], [ 110.25665, -7.674121, 0.0 ], [ 110.257591, -7.674193, 0.0 ], [ 110.258426, -7.674347, 0.0 ], [ 110.258929, -7.674434, 0.0 ], [ 110.259595, -7.674531, 0.0 ], [ 110.259783000000112, -7.674832, 0.0 ], [ 110.259801, -7.674967, 0.0 ], [ 110.259835, -7.675229000999952, 0.0 ], [ 110.259918, -7.675285, 0.0 ], [ 110.260028, -7.675334, 0.0 ], [ 110.260728, -7.675634, 0.0 ], [ 110.260841, -7.675682, 0.0 ], [ 110.260901, -7.675696, 0.0 ], [ 110.260914, -7.675699, 0.0 ], [ 110.261021, -7.67572, 0.0 ], [ 110.26113, -7.675742, 0.0 ], [ 110.261152, -7.675749, 0.0 ], [ 110.261369, -7.67585, 0.0 ], [ 110.261727000000107, -7.676028, 0.0 ], [ 110.262263, -7.676296, 0.0 ], [ 110.262042, -7.676506, 0.0 ], [ 110.261957, -7.676655, 0.0 ], [ 110.261769, -7.6771, 0.0 ], [ 110.261456, -7.677838, 0.0 ], [ 110.261338, -7.678068, 0.0 ], [ 110.261212, -7.678346, 0.0 ], [ 110.260983, -7.678859, 0.0 ], [ 110.261127, -7.679066, 0.0 ], [ 110.261381, -7.679283, 0.0 ], [ 110.261595, -7.679393, 0.0 ], [ 110.261891, -7.679508, 0.0 ], [ 110.262983000000119, -7.679802, 0.0 ], [ 110.262972594140564, -7.679936444120951, 0.0 ], [ 110.262954721000085, -7.680125695999919, 0.0 ], [ 110.263008109000054, -7.680356007999968, 0.0 ] ] ] ] } },
{ "type": "Feature", "properties": { "NAMOBJ": "Banjararum", "WADMKC": "Kalibawang", "WADMKK": "Kabupaten Kulonprogo", "WADMPR": "DI Yogyakarta" }, "geometry": { "type": "MultiPolygon", "coordinates": [ [ [ [ 110.232457003, -7.713450750999897, 0.0 ], [ 110.231729209, -7.715209379999923, 0.0 ], [ 110.23147027300007, -7.716940371999971, 0.0 ], [ 110.231392004000085, -7.718276173999918, 0.0 ], [ 110.231516248000148, -7.719486305999947, 0.0 ], [ 110.231857458999954, -7.721158846999867, 0.0 ], [ 110.231779824390458, -7.722459609821321, 0.0 ], [ 110.231599659619008, -7.722628665236943, 0.0 ], [ 110.230737360554414, -7.723137736070075, 0.0 ], [ 110.23062800000011, -7.723192, 0.0 ], [ 110.229669880239783, -7.723363718610933, 0.0 ], [ 110.228410089123642, -7.723314266738381, 0.0 ], [ 110.228241947376802, -7.723290014392383, 0.0 ], [ 110.227354632435635, -7.723105315430836, 0.0 ], [ 110.22688, -7.722978, 0.0 ], [ 110.226713308000029, -7.722970956999966, 0.0 ], [ 110.226708102462695, -7.72297073704258, 0.0 ], [ 110.226192174000076, -7.722863343999943, 0.0 ], [ 110.225728679969279, -7.723037604549756, 0.0 ], [ 110.225554999000025, -7.723059, 0.0 ], [ 110.225119512012753, -7.723266634345062, 0.0 ], [ 110.224898052000114, -7.723349896999967, 0.0 ], [ 110.224729187242914, -7.723690577211386, 0.0 ], [ 110.224558999000038, -7.723924, 0.0 ], [ 110.223665, -7.725883, 0.0 ], [ 110.22308300000013, -7.727141, 0.0 ], [ 110.222729, -7.728131, 0.0 ], [ 110.222167, -7.730029, 0.0 ], [ 110.222155966712748, -7.730092993066641, 0.0 ], [ 110.222077189000046, -7.730336355999913, 0.0 ], [ 110.221694294000073, -7.732301755999906, 0.0 ], [ 110.221493456862746, -7.733669714989635, 0.0 ], [ 110.221285786173752, -7.734413037843392, 0.0 ], [ 110.220468648000093, -7.73546908599987, 0.0 ], [ 110.219963884148214, -7.735718778478475, 0.0 ], [ 110.219792, -7.735529998999937, 0.0 ], [ 110.219451, -7.735189, 0.0 ], [ 110.218924999000095, -7.734748000999982, 0.0 ], [ 110.218556, -7.734365, 0.0 ], [ 110.218144999000032, -7.733953, 0.0 ], [ 110.217831999000069, -7.733654000999969, 0.0 ], [ 110.2175060000001, -7.733143000999966, 0.0 ], [ 110.217393, -7.732901, 0.0 ], [ 110.217294, -7.732674, 0.0 ], [ 110.217214423000129, -7.732624437999959, 0.0 ], [ 110.217066, -7.732532, 0.0 ], [ 110.216554000000116, -7.732574, 0.0 ], [ 110.216468999000099, -7.732772000999912, 0.0 ], [ 110.216326, -7.733126, 0.0 ], [ 110.216153999000056, -7.73341, 0.0 ], [ 110.216012, -7.733778, 0.0 ], [ 110.215939999000028, -7.734133, 0.0 ], [ 110.215896001000019, -7.734644000999904, 0.0 ], [ 110.215938, -7.73524, 0.0 ], [ 110.216037, -7.735623001, 0.0 ], [ 110.216107, -7.73602, 0.0 ], [ 110.216206, -7.736361000999949, 0.0 ], [ 110.216177, -7.736645, 0.0 ], [ 110.215992, -7.736743, 0.0 ], [ 110.215694, -7.736541, 0.0 ], [ 110.215653, -7.736471, 0.0 ], [ 110.215609, -7.736291, 0.0 ], [ 110.215573, -7.736251, 0.0 ], [ 110.215443, -7.736222999999899, 0.0 ], [ 110.215178999000031, -7.736301, 0.0 ], [ 110.214912, -7.736392, 0.0 ], [ 110.214746001, -7.736484000999912, 0.0 ], [ 110.214611001000023, -7.736622, 0.0 ], [ 110.214537, -7.736767, 0.0 ], [ 110.214507000000111, -7.736967, 0.0 ], [ 110.21449, -7.737078, 0.0 ], [ 110.214438, -7.737165000999948, 0.0 ], [ 110.214352, -7.7372, 0.0 ], [ 110.214207999000067, -7.737172, 0.0 ], [ 110.213618, -7.736841, 0.0 ], [ 110.213516001000102, -7.736738000999967, 0.0 ], [ 110.213509, -7.736724, 0.0 ], [ 110.213438, -7.736584, 0.0 ], [ 110.213305999000042, -7.736325001, 0.0 ], [ 110.213001000000119, -7.736055000999944, 0.0 ], [ 110.212853, -7.735895, 0.0 ], [ 110.21276, -7.735774000999964, 0.0 ], [ 110.212735001000055, -7.735550999999898, 0.0 ], [ 110.212741, -7.735509000999976, 0.0 ], [ 110.212627, -7.735411, 0.0 ], [ 110.21199500100002, -7.735224, 0.0 ], [ 110.211869, -7.735179, 0.0 ], [ 110.21153299900007, -7.734817, 0.0 ], [ 110.211330001000064, -7.734604, 0.0 ], [ 110.211157001000046, -7.734486000999976, 0.0 ], [ 110.211003999000084, -7.734449, 0.0 ], [ 110.210938607000102, -7.734456913999967, 0.0 ], [ 110.21089244800001, -7.734462500999896, 0.0 ], [ 110.210847, -7.734468, 0.0 ], [ 110.210674999000048, -7.734573998999974, 0.0 ], [ 110.210623, -7.734631, 0.0 ], [ 110.210329, -7.734797, 0.0 ], [ 110.210216, -7.734845000999925, 0.0 ], [ 110.210124000000107, -7.73483, 0.0 ], [ 110.209963000000116, -7.734713, 0.0 ], [ 110.209855, -7.734632000999976, 0.0 ], [ 110.209812128000067, -7.734623256999964, 0.0 ], [ 110.209703, -7.734600999999898, 0.0 ], [ 110.209237, -7.734858, 0.0 ], [ 110.209126, -7.734911, 0.0 ], [ 110.209021999000058, -7.734914, 0.0 ], [ 110.208962, -7.73488, 0.0 ], [ 110.208913, -7.73476, 0.0 ], [ 110.208849, -7.734576998999955, 0.0 ], [ 110.208766, -7.73448, 0.0 ], [ 110.208667, -7.734432000999949, 0.0 ], [ 110.208535, -7.734438, 0.0 ], [ 110.208384000000109, -7.734478, 0.0 ], [ 110.208332999000064, -7.734459, 0.0 ], [ 110.208275, -7.734343, 0.0 ], [ 110.208187, -7.73405, 0.0 ], [ 110.2081230000001, -7.733919, 0.0 ], [ 110.207993, -7.733821, 0.0 ], [ 110.207610999000011, -7.733773000999957, 0.0 ], [ 110.207407, -7.733767999999898, 0.0 ], [ 110.207273421000068, -7.733809210999933, 0.0 ], [ 110.207219, -7.733826, 0.0 ], [ 110.207109, -7.733867, 0.0 ], [ 110.207031, -7.733855, 0.0 ], [ 110.206907, -7.733724999999893, 0.0 ], [ 110.206791001000028, -7.733573000999929, 0.0 ], [ 110.206583999000131, -7.733434, 0.0 ], [ 110.206477, -7.733395, 0.0 ], [ 110.206078, -7.733493, 0.0 ], [ 110.205733, -7.733644, 0.0 ], [ 110.205474, -7.733735, 0.0 ], [ 110.205312, -7.733771, 0.0 ], [ 110.205009000000103, -7.733755, 0.0 ], [ 110.204879000000105, -7.733742, 0.0 ], [ 110.204794282000108, -7.73382528199993, 0.0 ], [ 110.204761001000108, -7.733858, 0.0 ], [ 110.204409, -7.734207, 0.0 ], [ 110.203904001000069, -7.734583, 0.0 ], [ 110.203681000000103, -7.734673999999899, 0.0 ], [ 110.203475001000101, -7.734735, 0.0 ], [ 110.203103001000059, -7.734894, 0.0 ], [ 110.202995, -7.734933, 0.0 ], [ 110.202816, -7.734915, 0.0 ], [ 110.202537001000039, -7.734885000999949, 0.0 ], [ 110.202414, -7.734905, 0.0 ], [ 110.20222, -7.735061998999939, 0.0 ], [ 110.20195, -7.735384, 0.0 ], [ 110.201914, -7.73544, 0.0 ], [ 110.201919, -7.735678, 0.0 ], [ 110.201908, -7.735771, 0.0 ], [ 110.201481, -7.735987, 0.0 ], [ 110.201309001000126, -7.73603, 0.0 ], [ 110.201149, -7.736013, 0.0 ], [ 110.201064000000102, -7.735965, 0.0 ], [ 110.200923, -7.73581, 0.0 ], [ 110.200853, -7.735768, 0.0 ], [ 110.200752, -7.735797, 0.0 ], [ 110.200634, -7.735977000999974, 0.0 ], [ 110.200569, -7.736070000999941, 0.0 ], [ 110.200396999000077, -7.736094000999973, 0.0 ], [ 110.200269, -7.736146, 0.0 ], [ 110.200187, -7.736238, 0.0 ], [ 110.200158, -7.736355, 0.0 ], [ 110.200136001000061, -7.73647299999989, 0.0 ], [ 110.20009, -7.73655, 0.0 ], [ 110.19998899900007, -7.736586, 0.0 ], [ 110.199906, -7.736581000999944, 0.0 ], [ 110.199772, -7.736478000999949, 0.0 ], [ 110.199561, -7.736302, 0.0 ], [ 110.199489, -7.736275, 0.0 ], [ 110.199467579000085, -7.736289762999917, 0.0 ], [ 110.199415001, -7.736326, 0.0 ], [ 110.19941, -7.736333, 0.0 ], [ 110.199265000000111, -7.736647, 0.0 ], [ 110.199206, -7.736791001, 0.0 ], [ 110.199126, -7.736869, 0.0 ], [ 110.198993999000066, -7.736882, 0.0 ], [ 110.198849, -7.736874, 0.0 ], [ 110.198656, -7.736917, 0.0 ], [ 110.198479, -7.737083, 0.0 ], [ 110.198427, -7.737165000999948, 0.0 ], [ 110.198250999000052, -7.737354, 0.0 ], [ 110.198189001000074, -7.737459000999937, 0.0 ], [ 110.1981, -7.737592, 0.0 ], [ 110.197742999000042, -7.737955, 0.0 ], [ 110.197619001000078, -7.737901000999916, 0.0 ], [ 110.197371, -7.737793, 0.0 ], [ 110.197303, -7.737768, 0.0 ], [ 110.197374, -7.73766, 0.0 ], [ 110.1974, -7.737629, 0.0 ], [ 110.197454999000101, -7.737558, 0.0 ], [ 110.197518, -7.737418001, 0.0 ], [ 110.197545, -7.737193, 0.0 ], [ 110.197521, -7.73695, 0.0 ], [ 110.197487, -7.73638, 0.0 ], [ 110.197478, -7.736241, 0.0 ], [ 110.197470999000089, -7.735946, 0.0 ], [ 110.197461, -7.735538, 0.0 ], [ 110.197423000000114, -7.73525, 0.0 ], [ 110.197335, -7.734997, 0.0 ], [ 110.197299, -7.734829, 0.0 ], [ 110.197355, -7.734694, 0.0 ], [ 110.197727999000037, -7.734118001, 0.0 ], [ 110.198222, -7.733636, 0.0 ], [ 110.198426999000048, -7.733431, 0.0 ], [ 110.198461, -7.733305, 0.0 ], [ 110.198536, -7.732681, 0.0 ], [ 110.198513, -7.73268, 0.0 ], [ 110.198364, -7.732672, 0.0 ], [ 110.198025000000101, -7.732684, 0.0 ], [ 110.197766, -7.732533, 0.0 ], [ 110.197553000000127, -7.732399, 0.0 ], [ 110.197384, -7.732342, 0.0 ], [ 110.197051, -7.732052000999936, 0.0 ], [ 110.196961, -7.731900000999971, 0.0 ], [ 110.19696, -7.731777, 0.0 ], [ 110.196981, -7.731666, 0.0 ], [ 110.196905999000066, -7.731573, 0.0 ], [ 110.196736, -7.731508000999955, 0.0 ], [ 110.19653, -7.731431999999884, 0.0 ], [ 110.196372001000015, -7.731307, 0.0 ], [ 110.196301, -7.731184, 0.0 ], [ 110.196236, -7.731058, 0.0 ], [ 110.196157, -7.730997, 0.0 ], [ 110.195941077000072, -7.731095321999916, 0.0 ], [ 110.19593300000011, -7.731099000999954, 0.0 ], [ 110.195844001000026, -7.731136, 0.0 ], [ 110.195641000000109, -7.730889999999892, 0.0 ], [ 110.195572001000087, -7.730655, 0.0 ], [ 110.195539999000104, -7.73058, 0.0 ], [ 110.195258, -7.730575000999941, 0.0 ], [ 110.19511, -7.730558, 0.0 ], [ 110.194635, -7.730363, 0.0 ], [ 110.19446, -7.730344, 0.0 ], [ 110.194353, -7.73032, 0.0 ], [ 110.194247, -7.730199, 0.0 ], [ 110.193826999000038, -7.72985, 0.0 ], [ 110.193788, -7.729807999999895, 0.0 ], [ 110.193717, -7.729734000999901, 0.0 ], [ 110.193557, -7.72946, 0.0 ], [ 110.193312, -7.729304, 0.0 ], [ 110.193032, -7.729151000999892, 0.0 ], [ 110.192842, -7.729044, 0.0 ], [ 110.192497999000025, -7.72887, 0.0 ], [ 110.192001, -7.728614, 0.0 ], [ 110.191596, -7.728446000999913, 0.0 ], [ 110.191583999000073, -7.728443, 0.0 ], [ 110.191463, -7.72840900099996, 0.0 ], [ 110.191319, -7.728466000999969, 0.0 ], [ 110.191265, -7.728514, 0.0 ], [ 110.191191, -7.728554, 0.0 ], [ 110.190817, -7.728390000999987, 0.0 ], [ 110.190455, -7.728216, 0.0 ], [ 110.190145000000115, -7.728099999999884, 0.0 ], [ 110.190009, -7.728012, 0.0 ], [ 110.189958, -7.727939, 0.0 ], [ 110.189957, -7.727768998999942, 0.0 ], [ 110.189913, -7.727669998999922, 0.0 ], [ 110.189839, -7.727613, 0.0 ], [ 110.189545, -7.727566000999932, 0.0 ], [ 110.189411, -7.727488, 0.0 ], [ 110.189350789000045, -7.727444209999891, 0.0 ], [ 110.189323, -7.727424, 0.0 ], [ 110.189058, -7.727585, 0.0 ], [ 110.18883, -7.727687000999907, 0.0 ], [ 110.188750001000074, -7.727696, 0.0 ], [ 110.188532, -7.727556, 0.0 ], [ 110.188362, -7.727455000999985, 0.0 ], [ 110.188233999, -7.727426, 0.0 ], [ 110.188209400000105, -7.727432899999933, 0.0 ], [ 110.188152, -7.727449, 0.0 ], [ 110.188077, -7.727678, 0.0 ], [ 110.188006, -7.727868, 0.0 ], [ 110.187914999000085, -7.727951, 0.0 ], [ 110.187735001000107, -7.728237, 0.0 ], [ 110.187655, -7.728328, 0.0 ], [ 110.187482, -7.728441, 0.0 ], [ 110.187363, -7.728522, 0.0 ], [ 110.187251, -7.728534, 0.0 ], [ 110.187171, -7.728531, 0.0 ], [ 110.186988, -7.728501, 0.0 ], [ 110.186924686000026, -7.728495281999905, 0.0 ], [ 110.186833, -7.728487, 0.0 ], [ 110.186568001000097, -7.728593, 0.0 ], [ 110.186375, -7.728686, 0.0 ], [ 110.186192, -7.72869500099991, 0.0 ], [ 110.18596, -7.728691, 0.0 ], [ 110.185859, -7.728673, 0.0 ], [ 110.185774, -7.728563, 0.0 ], [ 110.185697, -7.728450998999971, 0.0 ], [ 110.185612, -7.728415998999917, 0.0 ], [ 110.185607, -7.728415, 0.0 ], [ 110.185401, -7.728464, 0.0 ], [ 110.185201, -7.728493, 0.0 ], [ 110.185031, -7.728462, 0.0 ], [ 110.184953, -7.728406000999978, 0.0 ], [ 110.18491, -7.728299, 0.0 ], [ 110.184909001000051, -7.728293000999955, 0.0 ], [ 110.184882, -7.728129, 0.0 ], [ 110.1848430000001, -7.728075, 0.0 ], [ 110.184689001000052, -7.72799, 0.0 ], [ 110.184789, -7.727739, 0.0 ], [ 110.185242999000067, -7.726499001000022, 0.0 ], [ 110.185982000000109, -7.724439, 0.0 ], [ 110.186413, -7.723558, 0.0 ], [ 110.186538, -7.723434, 0.0 ], [ 110.186763487000107, -7.723365406, 0.0 ], [ 110.186846999000082, -7.723340000999947, 0.0 ], [ 110.187070162000083, -7.723374758999981, 0.0 ], [ 110.187855, -7.72349699899997, 0.0 ], [ 110.188064, -7.723399000999944, 0.0 ], [ 110.188204, -7.72329, 0.0 ], [ 110.18850900000011, -7.723192, 0.0 ], [ 110.188743, -7.723222, 0.0 ], [ 110.189287, -7.723401, 0.0 ], [ 110.189584, -7.723420998999899, 0.0 ], [ 110.189703, -7.723396000999962, 0.0 ], [ 110.189893, -7.723308, 0.0 ], [ 110.189969000000119, -7.723225, 0.0 ], [ 110.189998001000035, -7.723174, 0.0 ], [ 110.190098, -7.723024, 0.0 ], [ 110.190212001000063, -7.72282, 0.0 ], [ 110.190241, -7.722799, 0.0 ], [ 110.190392000000131, -7.722676, 0.0 ], [ 110.190491, -7.722541998999912, 0.0 ], [ 110.190585001000017, -7.722529, 0.0 ], [ 110.190742, -7.722505, 0.0 ], [ 110.19093, -7.722347, 0.0 ], [ 110.191033999000041, -7.722268999999883, 0.0 ], [ 110.191276, -7.722159, 0.0 ], [ 110.191407999000077, -7.722103, 0.0 ], [ 110.19169, -7.722046, 0.0 ], [ 110.192267000000101, -7.721945, 0.0 ], [ 110.192532, -7.721811, 0.0 ], [ 110.192708, -7.721803, 0.0 ], [ 110.192833, -7.721742, 0.0 ], [ 110.193035, -7.721654, 0.0 ], [ 110.192869, -7.721558, 0.0 ], [ 110.192798267000086, -7.721529533999984, 0.0 ], [ 110.192787, -7.721525000999964, 0.0 ], [ 110.192575, -7.721592, 0.0 ], [ 110.192431, -7.721629, 0.0 ], [ 110.19208899900012, -7.721583000999967, 0.0 ], [ 110.191913, -7.721566, 0.0 ], [ 110.191738, -7.721361, 0.0 ], [ 110.191553, -7.721223, 0.0 ], [ 110.191547, -7.721219, 0.0 ], [ 110.191444, -7.721196, 0.0 ], [ 110.191293, -7.721251, 0.0 ], [ 110.191203, -7.72129, 0.0 ], [ 110.191107001000049, -7.721241, 0.0 ], [ 110.19093, -7.721092, 0.0 ], [ 110.190741, -7.720991, 0.0 ], [ 110.190611, -7.720924, 0.0 ], [ 110.19056, -7.720853, 0.0 ], [ 110.190526, -7.720726, 0.0 ], [ 110.190359, -7.720591, 0.0 ], [ 110.190304000000125, -7.72052, 0.0 ], [ 110.190258, -7.720237000999887, 0.0 ], [ 110.190197, -7.720056, 0.0 ], [ 110.190086, -7.719936, 0.0 ], [ 110.189824001000019, -7.719809000999913, 0.0 ], [ 110.189735, -7.71978, 0.0 ], [ 110.189952, -7.719461, 0.0 ], [ 110.190186, -7.719257000999981, 0.0 ], [ 110.190447, -7.719113, 0.0 ], [ 110.190712, -7.719068, 0.0 ], [ 110.191418, -7.719161000999943, 0.0 ], [ 110.192175, -7.719200000999972, 0.0 ], [ 110.192591001000082, -7.719237, 0.0 ], [ 110.192891000000131, -7.719318, 0.0 ], [ 110.193076001000065, -7.719457001, 0.0 ], [ 110.194006000000101, -7.719627000999953, 0.0 ], [ 110.194739001000087, -7.719611, 0.0 ], [ 110.195363999000023, -7.719529, 0.0 ], [ 110.195816999000016, -7.719381998999932, 0.0 ], [ 110.196116, -7.719067000999893, 0.0 ], [ 110.196347, -7.718678000999947, 0.0 ], [ 110.196659, -7.717758, 0.0 ], [ 110.197044, -7.717132, 0.0 ], [ 110.197402, -7.716731, 0.0 ], [ 110.197779001000086, -7.716431000999926, 0.0 ], [ 110.198264001000069, -7.71637, 0.0 ], [ 110.198924, -7.71649, 0.0 ], [ 110.199341001000093, -7.716532, 0.0 ], [ 110.199365, -7.716577, 0.0 ], [ 110.199373, -7.716596, 0.0 ], [ 110.199457, -7.716781, 0.0 ], [ 110.199542, -7.716938, 0.0 ], [ 110.199546, -7.716943, 0.0 ], [ 110.199656, -7.717064999999891, 0.0 ], [ 110.19972, -7.717196, 0.0 ], [ 110.199728, -7.717211000999981, 0.0 ], [ 110.199795, -7.717333, 0.0 ], [ 110.199867, -7.717426, 0.0 ], [ 110.200078, -7.717642000999938, 0.0 ], [ 110.200158, -7.717728, 0.0 ], [ 110.200387, -7.717863, 0.0 ], [ 110.200457, -7.717878, 0.0 ], [ 110.20056, -7.717913, 0.0 ], [ 110.200645, -7.717944, 0.0 ], [ 110.200807, -7.718008, 0.0 ], [ 110.201039999000074, -7.718090000999968, 0.0 ], [ 110.201169, -7.71813, 0.0 ], [ 110.201322, -7.718179, 0.0 ], [ 110.201582001000062, -7.718283, 0.0 ], [ 110.201874, -7.718379, 0.0 ], [ 110.202036, -7.718427, 0.0 ], [ 110.202262000000104, -7.718537000999916, 0.0 ], [ 110.202446, -7.718562998999936, 0.0 ], [ 110.202641999000022, -7.718602, 0.0 ], [ 110.202902, -7.71863700099993, 0.0 ], [ 110.203334, -7.718635000999942, 0.0 ], [ 110.203486513000087, -7.718621864999921, 0.0 ], [ 110.203542999000049, -7.718617, 0.0 ], [ 110.203679643000072, -7.718657551999943, 0.0 ], [ 110.203853, -7.718709, 0.0 ], [ 110.204526, -7.719025, 0.0 ], [ 110.204593, -7.719057, 0.0 ], [ 110.205052000000109, -7.718863, 0.0 ], [ 110.205608, -7.71878, 0.0 ], [ 110.206059, -7.718683, 0.0 ], [ 110.20652, -7.718479, 0.0 ], [ 110.206940000000102, -7.718245, 0.0 ], [ 110.207947, -7.717781000999892, 0.0 ], [ 110.20884, -7.717229, 0.0 ], [ 110.209708, -7.716529, 0.0 ], [ 110.210418000000104, -7.715777, 0.0 ], [ 110.211153001000071, -7.71498, 0.0 ], [ 110.211973, -7.714107, 0.0 ], [ 110.212747, -7.713245, 0.0 ], [ 110.213396, -7.712391, 0.0 ], [ 110.213921000000127, -7.711391, 0.0 ], [ 110.214344, -7.710049, 0.0 ], [ 110.214524, -7.708801, 0.0 ], [ 110.214644, -7.707988, 0.0 ], [ 110.214712999000113, -7.707591, 0.0 ], [ 110.214737, -7.707142, 0.0 ], [ 110.214695999000028, -7.706714, 0.0 ], [ 110.214642, -7.706654, 0.0 ], [ 110.214551000000114, -7.706547000999954, 0.0 ], [ 110.214541, -7.706541, 0.0 ], [ 110.214536, -7.706538, 0.0 ], [ 110.214297, -7.706395, 0.0 ], [ 110.214115, -7.706323, 0.0 ], [ 110.213743, -7.706249, 0.0 ], [ 110.213599, -7.706186, 0.0 ], [ 110.213616, -7.706126, 0.0 ], [ 110.213616, -7.70589, 0.0 ], [ 110.213591, -7.705744, 0.0 ], [ 110.213479, -7.705719, 0.0 ], [ 110.213022, -7.705618, 0.0 ], [ 110.212737, -7.705727000999964, 0.0 ], [ 110.21266700000011, -7.705739, 0.0 ], [ 110.212476, -7.705508, 0.0 ], [ 110.21232, -7.705258, 0.0 ], [ 110.212314, -7.705249, 0.0 ], [ 110.212143, -7.705077, 0.0 ], [ 110.212061, -7.704992, 0.0 ], [ 110.211971, -7.704944, 0.0 ], [ 110.211942, -7.704964, 0.0 ], [ 110.211936, -7.704964, 0.0 ], [ 110.211717000000107, -7.704944000999927, 0.0 ], [ 110.211587, -7.704888001, 0.0 ], [ 110.211475, -7.704792000999962, 0.0 ], [ 110.211463, -7.704776998999964, 0.0 ], [ 110.211312, -7.704662, 0.0 ], [ 110.211182, -7.704625, 0.0 ], [ 110.211054, -7.704631000999964, 0.0 ], [ 110.211047, -7.704633, 0.0 ], [ 110.210836, -7.704742, 0.0 ], [ 110.210721, -7.704782, 0.0 ], [ 110.210554001000077, -7.704782, 0.0 ], [ 110.210365, -7.704628, 0.0 ], [ 110.210313, -7.704554, 0.0 ], [ 110.21031, -7.704543998999959, 0.0 ], [ 110.210196, -7.704308, 0.0 ], [ 110.210194, -7.704303, 0.0 ], [ 110.210056, -7.704156, 0.0 ], [ 110.209652, -7.703901998999953, 0.0 ], [ 110.209488999000058, -7.703821, 0.0 ], [ 110.209296, -7.703727, 0.0 ], [ 110.209174000000104, -7.70364599899991, 0.0 ], [ 110.208966000000132, -7.703410999, 0.0 ], [ 110.208722000000108, -7.70332, 0.0 ], [ 110.208526001000052, -7.70323200099994, 0.0 ], [ 110.208451999000062, -7.703152000999982, 0.0 ], [ 110.208357999, -7.703009, 0.0 ], [ 110.2083, -7.702960001, 0.0 ], [ 110.208217, -7.70297, 0.0 ], [ 110.2081, -7.702986, 0.0 ], [ 110.207827, -7.702956, 0.0 ], [ 110.207764, -7.702912, 0.0 ], [ 110.207727, -7.702741, 0.0 ], [ 110.207721, -7.702587, 0.0 ], [ 110.207749, -7.702457, 0.0 ], [ 110.207715, -7.702253, 0.0 ], [ 110.207643, -7.702104, 0.0 ], [ 110.207629, -7.702087, 0.0 ], [ 110.207451, -7.701820999999899, 0.0 ], [ 110.207403, -7.701762, 0.0 ], [ 110.20721, -7.701687, 0.0 ], [ 110.206965001000029, -7.701668, 0.0 ], [ 110.206709, -7.701718, 0.0 ], [ 110.206589, -7.70166, 0.0 ], [ 110.206432, -7.701766, 0.0 ], [ 110.206245999000046, -7.701469, 0.0 ], [ 110.20622200000011, -7.701433, 0.0 ], [ 110.206207, -7.701373, 0.0 ], [ 110.206217, -7.701338, 0.0 ], [ 110.206218, -7.70131, 0.0 ], [ 110.206181, -7.701162, 0.0 ], [ 110.206086001000045, -7.700994, 0.0 ], [ 110.206058, -7.70092, 0.0 ], [ 110.205993, -7.700471, 0.0 ], [ 110.205956, -7.70032700099992, 0.0 ], [ 110.205949001000079, -7.700298, 0.0 ], [ 110.205848, -7.700176, 0.0 ], [ 110.205732, -7.700077, 0.0 ], [ 110.205702999000067, -7.7, 0.0 ], [ 110.205701, -7.699982, 0.0 ], [ 110.20571000000011, -7.699863999999891, 0.0 ], [ 110.205823999000046, -7.699639, 0.0 ], [ 110.205936, -7.699458, 0.0 ], [ 110.206128001000053, -7.699204, 0.0 ], [ 110.206282, -7.699082998999931, 0.0 ], [ 110.206456001000021, -7.698993, 0.0 ], [ 110.206617, -7.698873, 0.0 ], [ 110.206681, -7.698784, 0.0 ], [ 110.206718000000109, -7.698622, 0.0 ], [ 110.206719000000106, -7.698469001000021, 0.0 ], [ 110.207083, -7.697768, 0.0 ], [ 110.207564, -7.697237, 0.0 ], [ 110.207556, -7.69711, 0.0 ], [ 110.207954, -7.697238, 0.0 ], [ 110.208421, -7.697224, 0.0 ], [ 110.208426000000131, -7.697247, 0.0 ], [ 110.208523, -7.697393000999988, 0.0 ], [ 110.208715, -7.69755, 0.0 ], [ 110.208952, -7.697648, 0.0 ], [ 110.209105, -7.697738, 0.0 ], [ 110.209363001000028, -7.698005001, 0.0 ], [ 110.209547, -7.698333, 0.0 ], [ 110.209645, -7.698418998999969, 0.0 ], [ 110.209757000000124, -7.698552, 0.0 ], [ 110.209918000000116, -7.698758, 0.0 ], [ 110.210047000000131, -7.698929, 0.0 ], [ 110.210131, -7.699162, 0.0 ], [ 110.210201001000087, -7.699314000999948, 0.0 ], [ 110.210307, -7.699456, 0.0 ], [ 110.210356, -7.69949, 0.0 ], [ 110.210498, -7.699568000999914, 0.0 ], [ 110.21051400100005, -7.699574, 0.0 ], [ 110.210673, -7.699621, 0.0 ], [ 110.210754999000088, -7.699669, 0.0 ], [ 110.210783, -7.6997, 0.0 ], [ 110.210859, -7.69978, 0.0 ], [ 110.210921, -7.69983, 0.0 ], [ 110.210967, -7.699838, 0.0 ], [ 110.210973, -7.699836, 0.0 ], [ 110.210986, -7.699833000999902, 0.0 ], [ 110.21109, -7.699816, 0.0 ], [ 110.211156, -7.699827, 0.0 ], [ 110.211281, -7.699828, 0.0 ], [ 110.211466000000129, -7.699798, 0.0 ], [ 110.211512999000021, -7.699814, 0.0 ], [ 110.211671000000123, -7.699876, 0.0 ], [ 110.211785999000043, -7.69996, 0.0 ], [ 110.211818001000026, -7.699992, 0.0 ], [ 110.211991, -7.700135998999926, 0.0 ], [ 110.21199500100002, -7.700141, 0.0 ], [ 110.212000999000068, -7.700143, 0.0 ], [ 110.21249, -7.700292, 0.0 ], [ 110.213077, -7.700412, 0.0 ], [ 110.213704, -7.700578000999904, 0.0 ], [ 110.214128000000116, -7.700647, 0.0 ], [ 110.214334000000107, -7.700727, 0.0 ], [ 110.21442399900009, -7.700793, 0.0 ], [ 110.2146410000001, -7.700988999999893, 0.0 ], [ 110.214882, -7.701175, 0.0 ], [ 110.215069, -7.70139, 0.0 ], [ 110.215239, -7.701797, 0.0 ], [ 110.215244, -7.701809000999972, 0.0 ], [ 110.215452, -7.702204, 0.0 ], [ 110.215638001000087, -7.702391, 0.0 ], [ 110.215899999000086, -7.702597, 0.0 ], [ 110.215947, -7.702634, 0.0 ], [ 110.216056, -7.702731, 0.0 ], [ 110.216402001000063, -7.702848998999958, 0.0 ], [ 110.216569, -7.702882, 0.0 ], [ 110.216835, -7.702922998999952, 0.0 ], [ 110.216888, -7.702946999999895, 0.0 ], [ 110.216935, -7.702989, 0.0 ], [ 110.217143, -7.703213, 0.0 ], [ 110.217676, -7.703626998999937, 0.0 ], [ 110.217836999000042, -7.703738000999973, 0.0 ], [ 110.217876, -7.703697, 0.0 ], [ 110.218041, -7.703525, 0.0 ], [ 110.218077, -7.703503, 0.0 ], [ 110.218366, -7.703333, 0.0 ], [ 110.218949, -7.702934000999974, 0.0 ], [ 110.218986, -7.702902, 0.0 ], [ 110.21948600100005, -7.702326, 0.0 ], [ 110.2200050000001, -7.702089, 0.0 ], [ 110.220553, -7.701964, 0.0 ], [ 110.221052, -7.701739, 0.0 ], [ 110.221443, -7.701564, 0.0 ], [ 110.221705, -7.701396, 0.0 ], [ 110.22176100100009, -7.701408, 0.0 ], [ 110.222053, -7.70142, 0.0 ], [ 110.222246, -7.701384998999973, 0.0 ], [ 110.22276, -7.701186, 0.0 ], [ 110.222871, -7.701203000999925, 0.0 ], [ 110.223034001000073, -7.701288, 0.0 ], [ 110.223154, -7.701392, 0.0 ], [ 110.223307, -7.701622, 0.0 ], [ 110.223647, -7.702193, 0.0 ], [ 110.223815, -7.702368, 0.0 ], [ 110.224139, -7.702481, 0.0 ], [ 110.22431, -7.702466, 0.0 ], [ 110.224508, -7.70245100099989, 0.0 ], [ 110.224625, -7.702487, 0.0 ], [ 110.224776, -7.702568000999978, 0.0 ], [ 110.22485099900004, -7.702684, 0.0 ], [ 110.225013, -7.70292, 0.0 ], [ 110.225212, -7.703124, 0.0 ], [ 110.225215, -7.703128, 0.0 ], [ 110.225389, -7.703154000999969, 0.0 ], [ 110.225388, -7.703158, 0.0 ], [ 110.225421, -7.703276, 0.0 ], [ 110.22553, -7.7035, 0.0 ], [ 110.226018001000057, -7.704128, 0.0 ], [ 110.226277999000075, -7.704473, 0.0 ], [ 110.226347, -7.704566, 0.0 ], [ 110.226677, -7.705052, 0.0 ], [ 110.226734, -7.7051, 0.0 ], [ 110.226835, -7.705253, 0.0 ], [ 110.22705, -7.70548, 0.0 ], [ 110.227241, -7.705698, 0.0 ], [ 110.227341, -7.705808001, 0.0 ], [ 110.227991999000054, -7.706522, 0.0 ], [ 110.228455, -7.70703500099992, 0.0 ], [ 110.228943001000047, -7.707636, 0.0 ], [ 110.229087, -7.707825, 0.0 ], [ 110.229597, -7.708359, 0.0 ], [ 110.229945, -7.708693000999968, 0.0 ], [ 110.230112, -7.708846, 0.0 ], [ 110.230315, -7.708997, 0.0 ], [ 110.230374, -7.70904, 0.0 ], [ 110.230418, -7.709069, 0.0 ], [ 110.230507, -7.709128, 0.0 ], [ 110.230617, -7.709203998999971, 0.0 ], [ 110.230631, -7.709221998999951, 0.0 ], [ 110.230833000000104, -7.709389, 0.0 ], [ 110.231276, -7.709677, 0.0 ], [ 110.231607, -7.709825, 0.0 ], [ 110.231663000000125, -7.709848, 0.0 ], [ 110.231957000000108, -7.71, 0.0 ], [ 110.232161000000119, -7.710165, 0.0 ], [ 110.232302999000055, -7.7101, 0.0 ], [ 110.232641, -7.710199, 0.0 ], [ 110.232874, -7.71037499899996, 0.0 ], [ 110.233025, -7.710639, 0.0 ], [ 110.233144, -7.711029, 0.0 ], [ 110.233143, -7.711437999999895, 0.0 ], [ 110.233192, -7.711796, 0.0 ], [ 110.233184, -7.7118, 0.0 ], [ 110.233042, -7.711944, 0.0 ], [ 110.232785001000053, -7.712361, 0.0 ], [ 110.232812, -7.712645, 0.0 ], [ 110.23281299900006, -7.712989, 0.0 ], [ 110.232845602012617, -7.713399621726282, 0.0 ], [ 110.232457003, -7.713450750999897, 0.0 ] ] ] ] } },
{ "type": "Feature", "properties": { "NAMOBJ": "Banjaroyo", "WADMKC": "Kalibawang", "WADMKK": "Kabupaten Kulonprogo", "WADMPR": "DI Yogyakarta" }, "geometry": { "type": "MultiPolygon", "coordinates": [ [ [ [ 110.257278436, -7.643314816999915, 0.0 ], [ 110.258659364000039, -7.643776866999954, 0.0 ], [ 110.259559623000015, -7.64411066799995, 0.0 ], [ 110.260276793000017, -7.644444419999942, 0.0 ], [ 110.260580125999979, -7.644610327, 0.0 ], [ 110.260581965000043, -7.644611332999897, 0.0 ], [ 110.261169436000074, -7.644931302999904, 0.0 ], [ 110.261745608317668, -7.645130267085555, 0.0 ], [ 110.261762, -7.645136, 0.0 ], [ 110.261812055628965, -7.645152685209624, 0.0 ], [ 110.262840278000112, -7.645496334999937, 0.0 ], [ 110.263427724000053, -7.645752880999936, 0.0 ], [ 110.263656609000066, -7.645932173999938, 0.0 ], [ 110.263885519, -7.646239255999944, 0.0 ], [ 110.264001571704512, -7.646427615367337, 0.0 ], [ 110.264118, -7.646622, 0.0 ], [ 110.264249429843147, -7.646848507216887, 0.0 ], [ 110.264396678000111, -7.647109000999965, 0.0 ], [ 110.264678952000011, -7.647595375999884, 0.0 ], [ 110.264923094000139, -7.647875279999951, 0.0 ], [ 110.264923258000152, -7.647875466999967, 0.0 ], [ 110.265309313879513, -7.648315917973171, 0.0 ], [ 110.265372, -7.648388, 0.0 ], [ 110.265883, -7.649104, 0.0 ], [ 110.266088, -7.649539, 0.0 ], [ 110.266113000000104, -7.649897000999985, 0.0 ], [ 110.266094835633027, -7.649946556038635, 0.0 ], [ 110.266006466000078, -7.650178880999949, 0.0 ], [ 110.265932144094918, -7.650351097109588, 0.0 ], [ 110.265907000000112, -7.650407, 0.0 ], [ 110.26569446039872, -7.650555033418851, 0.0 ], [ 110.265649013660521, -7.650586280241313, 0.0 ], [ 110.265291, -7.650688, 0.0 ], [ 110.265290756207136, -7.650688207223901, 0.0 ], [ 110.265289320000065, -7.650688613999936, 0.0 ], [ 110.265252973568167, -7.650720322467077, 0.0 ], [ 110.265111, -7.650841, 0.0 ], [ 110.264854000000113, -7.65107, 0.0 ], [ 110.2647, -7.651249, 0.0 ], [ 110.264545111291639, -7.651512311664856, 0.0 ], [ 110.264518736999989, -7.651556471999889, 0.0 ], [ 110.264312750000087, -7.651888337999903, 0.0 ], [ 110.264030452, -7.652271247999877, 0.0 ], [ 110.263824465000098, -7.652526343999934, 0.0 ], [ 110.263823931446453, -7.652528130160487, 0.0 ], [ 110.263766, -7.6526, 0.0 ], [ 110.2637739078896, -7.652695592429339, 0.0 ], [ 110.263771052000038, -7.652705152999896, 0.0 ], [ 110.263792653482511, -7.652922193567104, 0.0 ], [ 110.2638, -7.653011, 0.0 ], [ 110.263813371240232, -7.653064484960883, 0.0 ], [ 110.263847363000039, -7.653216335999915, 0.0 ], [ 110.26397703900011, -7.653344125999919, 0.0 ], [ 110.264053350000125, -7.653548686999969, 0.0 ], [ 110.264098105381564, -7.65364519883174, 0.0 ], [ 110.264157, -7.653778000999935, 0.0 ], [ 110.264185867634325, -7.653937055438355, 0.0 ], [ 110.264205924000223, -7.654060328999936, 0.0 ], [ 110.264282211000136, -7.654418454999902, 0.0 ], [ 110.264411935000041, -7.654674034999911, 0.0 ], [ 110.264587407000164, -7.655185676999878, 0.0 ], [ 110.264663718, -7.655518026999932, 0.0 ], [ 110.264637223885458, -7.655636104458498, 0.0 ], [ 110.264616, -7.655721, 0.0 ], [ 110.264436, -7.655873999999898, 0.0 ], [ 110.264205, -7.655976, 0.0 ], [ 110.264051, -7.656129, 0.0 ], [ 110.263871, -7.65633300099995, 0.0 ], [ 110.26364, -7.656691, 0.0 ], [ 110.263485, -7.65715, 0.0 ], [ 110.263374128300796, -7.657576264008849, 0.0 ], [ 110.263275150000126, -7.657943227999866, 0.0 ], [ 110.263145449999968, -7.658582201999888, 0.0 ], [ 110.263086150074201, -7.658917174022008, 0.0 ], [ 110.26302, -7.659271, 0.0 ], [ 110.262993718882427, -7.66026578897079, 0.0 ], [ 110.262992876000126, -7.660294027999949, 0.0 ], [ 110.262962361, -7.66093297699997, 0.0 ], [ 110.263092061000165, -7.661137537999931, 0.0 ], [ 110.263320922000091, -7.661189039999929, 0.0 ], [ 110.263679507, -7.661113236999963, 0.0 ], [ 110.26440429400003, -7.661139955999953, 0.0 ], [ 110.265014662999988, -7.661294439999946, 0.0 ], [ 110.265731809000087, -7.661601981999901, 0.0 ], [ 110.266188454802332, -7.661925973266339, 0.0 ], [ 110.266271000000117, -7.661985, 0.0 ], [ 110.266706, -7.66242, 0.0 ], [ 110.26678234866894, -7.662519312916906, 0.0 ], [ 110.266960162000117, -7.66275402399992, 0.0 ], [ 110.267112736000215, -7.663061130999928, 0.0 ], [ 110.267166, -7.66352, 0.0 ], [ 110.267216, -7.664338, 0.0 ], [ 110.267112, -7.665156, 0.0 ], [ 110.26703760784568, -7.665303544439485, 0.0 ], [ 110.266929623000166, -7.665514451999879, 0.0 ], [ 110.26644136200018, -7.665998916999907, 0.0 ], [ 110.266245888406516, -7.666213754184394, 0.0 ], [ 110.265905000000117, -7.666585, 0.0 ], [ 110.26557000000011, -7.667095, 0.0 ], [ 110.265455088181213, -7.667372703562194, 0.0 ], [ 110.265388505000018, -7.667530508999977, 0.0 ], [ 110.26532987696514, -7.667943153163172, 0.0 ], [ 110.265312, -7.668066, 0.0 ], [ 110.265299761738206, -7.668222273189908, 0.0 ], [ 110.265258781000114, -7.668731659999974, 0.0 ], [ 110.265258781000114, -7.669447403999953, 0.0 ], [ 110.265357966000067, -7.670853114999911, 0.0 ], [ 110.265434253000066, -7.671441044999973, 0.0 ], [ 110.265556337000049, -7.671774821999879, 0.0 ], [ 110.265558294000115, -7.67178, 0.0 ], [ 110.265739450000012, -7.672259285999907, 0.0 ], [ 110.265923448280617, -7.672967222972773, 0.0 ], [ 110.265945, -7.673051, 0.0 ], [ 110.265944, -7.673638, 0.0 ], [ 110.265878051518001, -7.673913842208481, 0.0 ], [ 110.265838635000136, -7.674074166999969, 0.0 ], [ 110.265579210999988, -7.674712149, 0.0 ], [ 110.265425139777989, -7.675056204065235, 0.0 ], [ 110.265326, -7.675273, 0.0 ], [ 110.264786, -7.676039, 0.0 ], [ 110.264478, -7.676447, 0.0 ], [ 110.264092, -7.67683, 0.0 ], [ 110.263733, -7.677187, 0.0 ], [ 110.263501, -7.677519, 0.0 ], [ 110.263295, -7.67803, 0.0 ], [ 110.263209874899601, -7.678298088790438, 0.0 ], [ 110.26313783300013, -7.678516366999901, 0.0 ], [ 110.263077998159943, -7.678793661985008, 0.0 ], [ 110.263037, -7.678975, 0.0 ], [ 110.263027147135574, -7.679149319909452, 0.0 ], [ 110.263008109000054, -7.679436187999979, 0.0 ], [ 110.262995477224081, -7.67963845924249, 0.0 ], [ 110.262983000000119, -7.679802, 0.0 ], [ 110.261891, -7.679508, 0.0 ], [ 110.261595, -7.679393, 0.0 ], [ 110.261381, -7.679283, 0.0 ], [ 110.261127, -7.679066, 0.0 ], [ 110.260983, -7.678859, 0.0 ], [ 110.261212, -7.678346, 0.0 ], [ 110.261338, -7.678068, 0.0 ], [ 110.261456, -7.677838, 0.0 ], [ 110.261769, -7.6771, 0.0 ], [ 110.261957, -7.676655, 0.0 ], [ 110.262042, -7.676506, 0.0 ], [ 110.262263, -7.676296, 0.0 ], [ 110.261727000000107, -7.676028, 0.0 ], [ 110.261369, -7.67585, 0.0 ], [ 110.261152, -7.675749, 0.0 ], [ 110.26113, -7.675742, 0.0 ], [ 110.261021, -7.67572, 0.0 ], [ 110.260914, -7.675699, 0.0 ], [ 110.260901, -7.675696, 0.0 ], [ 110.260841, -7.675682, 0.0 ], [ 110.260728, -7.675634, 0.0 ], [ 110.260028, -7.675334, 0.0 ], [ 110.259918, -7.675285, 0.0 ], [ 110.259835, -7.675229000999952, 0.0 ], [ 110.259801, -7.674967, 0.0 ], [ 110.259783000000112, -7.674832, 0.0 ], [ 110.259595, -7.674531, 0.0 ], [ 110.258929, -7.674434, 0.0 ], [ 110.258426, -7.674347, 0.0 ], [ 110.257591, -7.674193, 0.0 ], [ 110.25665, -7.674121, 0.0 ], [ 110.255936, -7.674097, 0.0 ], [ 110.255834, -7.674094, 0.0 ], [ 110.25545, -7.674051, 0.0 ], [ 110.255386, -7.674044, 0.0 ], [ 110.255271, -7.674031, 0.0 ], [ 110.255217, -7.673997999999884, 0.0 ], [ 110.255159, -7.673964, 0.0 ], [ 110.254953, -7.673771, 0.0 ], [ 110.25442, -7.673476, 0.0 ], [ 110.254055, -7.673247, 0.0 ], [ 110.253858, -7.673079, 0.0 ], [ 110.253617000000105, -7.672843, 0.0 ], [ 110.253575, -7.672806, 0.0 ], [ 110.253404, -7.672801, 0.0 ], [ 110.252801, -7.672763, 0.0 ], [ 110.252636, -7.67274, 0.0 ], [ 110.25248, -7.672652, 0.0 ], [ 110.252449, -7.672388, 0.0 ], [ 110.252475, -7.672166, 0.0 ], [ 110.252636, -7.67162, 0.0 ], [ 110.252549, -7.671577, 0.0 ], [ 110.252264, -7.671437, 0.0 ], [ 110.252176, -7.671391, 0.0 ], [ 110.251871, -7.67123, 0.0 ], [ 110.251019, -7.670841000999886, 0.0 ], [ 110.250928, -7.670786, 0.0 ], [ 110.250001, -7.670438, 0.0 ], [ 110.25, -7.670437511999985, 0.0 ], [ 110.249796, -7.670338, 0.0 ], [ 110.249609, -7.670184, 0.0 ], [ 110.249226001000054, -7.669874, 0.0 ], [ 110.249084, -7.669718, 0.0 ], [ 110.248977, -7.669478999, 0.0 ], [ 110.248871001000083, -7.66923, 0.0 ], [ 110.248846, -7.669144, 0.0 ], [ 110.248594, -7.668687, 0.0 ], [ 110.248553, -7.668516000999983, 0.0 ], [ 110.248521, -7.668255, 0.0 ], [ 110.248522, -7.66775, 0.0 ], [ 110.248326000000105, -7.667766, 0.0 ], [ 110.248089, -7.66779, 0.0 ], [ 110.247794, -7.667814, 0.0 ], [ 110.247263, -7.667756, 0.0 ], [ 110.246716, -7.667674, 0.0 ], [ 110.246169, -7.667681000999906, 0.0 ], [ 110.245800999, -7.667680000999912, 0.0 ], [ 110.245646, -7.667647, 0.0 ], [ 110.245326999000042, -7.667598, 0.0 ], [ 110.244829, -7.667491, 0.0 ], [ 110.244657000000117, -7.667564, 0.0 ], [ 110.244436, -7.667783998999901, 0.0 ], [ 110.244387, -7.667906, 0.0 ], [ 110.244183, -7.667954000999934, 0.0 ], [ 110.243758, -7.668002, 0.0 ], [ 110.242973, -7.667985, 0.0 ], [ 110.242451000000102, -7.667952, 0.0 ], [ 110.241471, -7.667675, 0.0 ], [ 110.241213999000081, -7.667665, 0.0 ], [ 110.240807, -7.667682000999989, 0.0 ], [ 110.240312, -7.667782, 0.0 ], [ 110.239321, -7.668225, 0.0 ], [ 110.238324, -7.668775, 0.0 ], [ 110.238009001000108, -7.668876, 0.0 ], [ 110.237563, -7.668896, 0.0 ], [ 110.236573999000115, -7.668769000999955, 0.0 ], [ 110.236225, -7.668758, 0.0 ], [ 110.235805, -7.66881, 0.0 ], [ 110.235393, -7.668942, 0.0 ], [ 110.235124, -7.669139, 0.0 ], [ 110.235105, -7.669449, 0.0 ], [ 110.235061, -7.669469, 0.0 ], [ 110.234797999000079, -7.669583999999887, 0.0 ], [ 110.234604999000098, -7.669670000999897, 0.0 ], [ 110.234608, -7.669695, 0.0 ], [ 110.234637, -7.669824, 0.0 ], [ 110.234609, -7.669946998999901, 0.0 ], [ 110.234582, -7.670039, 0.0 ], [ 110.234611, -7.670128, 0.0 ], [ 110.23456, -7.670113, 0.0 ], [ 110.23452, -7.670216, 0.0 ], [ 110.234475, -7.670219, 0.0 ], [ 110.234284, -7.670146, 0.0 ], [ 110.234173, -7.670127, 0.0 ], [ 110.233867, -7.670256000999888, 0.0 ], [ 110.233557, -7.670406, 0.0 ], [ 110.233315, -7.670536, 0.0 ], [ 110.23321, -7.670616, 0.0 ], [ 110.232921, -7.670934, 0.0 ], [ 110.232785, -7.671114, 0.0 ], [ 110.232582, -7.671509999, 0.0 ], [ 110.232492, -7.671611, 0.0 ], [ 110.232359, -7.671700999999899, 0.0 ], [ 110.232276, -7.671732, 0.0 ], [ 110.232151, -7.671804, 0.0 ], [ 110.232142, -7.671701998999893, 0.0 ], [ 110.231988999000095, -7.671586, 0.0 ], [ 110.231761, -7.67146, 0.0 ], [ 110.231516, -7.671332, 0.0 ], [ 110.231455, -7.671306, 0.0 ], [ 110.231229, -7.671224, 0.0 ], [ 110.23105, -7.67115200099995, 0.0 ], [ 110.23097499900004, -7.671135, 0.0 ], [ 110.230763, -7.671125, 0.0 ], [ 110.230733, -7.671125, 0.0 ], [ 110.230552, -7.671119, 0.0 ], [ 110.230351, -7.671099, 0.0 ], [ 110.2302, -7.671093, 0.0 ], [ 110.23006, -7.671094000999947, 0.0 ], [ 110.230032001, -7.671094, 0.0 ], [ 110.228798, -7.67092, 0.0 ], [ 110.228324, -7.670817, 0.0 ], [ 110.227902, -7.670644, 0.0 ], [ 110.227591, -7.670518, 0.0 ], [ 110.227354, -7.670489000999982, 0.0 ], [ 110.2271, -7.670488, 0.0 ], [ 110.226859, -7.670557, 0.0 ], [ 110.226688, -7.67068, 0.0 ], [ 110.226608, -7.670859000999954, 0.0 ], [ 110.226612, -7.671058, 0.0 ], [ 110.226661, -7.671119998999966, 0.0 ], [ 110.226822, -7.671358, 0.0 ], [ 110.226872000000114, -7.671484000999975, 0.0 ], [ 110.226869, -7.671638, 0.0 ], [ 110.226809, -7.671695000999936, 0.0 ], [ 110.226114, -7.671681, 0.0 ], [ 110.224769, -7.671617, 0.0 ], [ 110.22346, -7.671472, 0.0 ], [ 110.221437, -7.67124, 0.0 ], [ 110.220375, -7.671077, 0.0 ], [ 110.219431, -7.670941, 0.0 ], [ 110.218551, -7.670762000999922, 0.0 ], [ 110.217614001000058, -7.670504, 0.0 ], [ 110.216593001000049, -7.669986, 0.0 ], [ 110.215317, -7.669249, 0.0 ], [ 110.214406, -7.668661, 0.0 ], [ 110.213495, -7.668013, 0.0 ], [ 110.212789, -7.667433, 0.0 ], [ 110.211872, -7.666613, 0.0 ], [ 110.211143, -7.665905000999953, 0.0 ], [ 110.210674999000048, -7.665415, 0.0 ], [ 110.210050000000109, -7.664693, 0.0 ], [ 110.209934, -7.664568, 0.0 ], [ 110.209826, -7.664478000999921, 0.0 ], [ 110.209603, -7.664015, 0.0 ], [ 110.209491, -7.663798, 0.0 ], [ 110.209407, -7.663476, 0.0 ], [ 110.209342, -7.663241, 0.0 ], [ 110.209248999000096, -7.663026998999946, 0.0 ], [ 110.209239, -7.663011, 0.0 ], [ 110.20903, -7.662745, 0.0 ], [ 110.208923000000127, -7.662585, 0.0 ], [ 110.208789, -7.66220300099998, 0.0 ], [ 110.208599, -7.66165, 0.0 ], [ 110.208447, -7.661419000999949, 0.0 ], [ 110.208408, -7.661372, 0.0 ], [ 110.20814, -7.660896998999924, 0.0 ], [ 110.208027, -7.660772000999973, 0.0 ], [ 110.20795, -7.660677, 0.0 ], [ 110.207882001000058, -7.660452, 0.0 ], [ 110.207746, -7.660023, 0.0 ], [ 110.207719, -7.659839000999959, 0.0 ], [ 110.207602, -7.659592, 0.0 ], [ 110.207526, -7.659433998999933, 0.0 ], [ 110.207465, -7.659196, 0.0 ], [ 110.207469001000078, -7.659045, 0.0 ], [ 110.207516, -7.658847, 0.0 ], [ 110.207432, -7.65853, 0.0 ], [ 110.207387, -7.658363, 0.0 ], [ 110.207427, -7.658106, 0.0 ], [ 110.20744, -7.658023, 0.0 ], [ 110.207383, -7.657966000999973, 0.0 ], [ 110.207342, -7.657939, 0.0 ], [ 110.20730300000011, -7.657912, 0.0 ], [ 110.207272, -7.657683, 0.0 ], [ 110.207328, -7.657500000999963, 0.0 ], [ 110.207291, -7.65722, 0.0 ], [ 110.207351, -7.656951, 0.0 ], [ 110.207236, -7.656544, 0.0 ], [ 110.207208, -7.656395, 0.0 ], [ 110.207299, -7.656267, 0.0 ], [ 110.207356999000055, -7.656180998999986, 0.0 ], [ 110.207375001000031, -7.656032, 0.0 ], [ 110.207347000000112, -7.655921, 0.0 ], [ 110.207233, -7.655816, 0.0 ], [ 110.207061, -7.655721000999939, 0.0 ], [ 110.206513001000118, -7.655524, 0.0 ], [ 110.206374, -7.655455, 0.0 ], [ 110.206318, -7.655388, 0.0 ], [ 110.206339000000114, -7.655083001, 0.0 ], [ 110.206332, -7.655029, 0.0 ], [ 110.20611, -7.654938001, 0.0 ], [ 110.205719999000053, -7.654794, 0.0 ], [ 110.205659001000072, -7.654617, 0.0 ], [ 110.205691, -7.654367, 0.0 ], [ 110.205695, -7.654276, 0.0 ], [ 110.205555, -7.654126000999952, 0.0 ], [ 110.205475, -7.654054, 0.0 ], [ 110.205469, -7.653888000999888, 0.0 ], [ 110.205507, -7.653767, 0.0 ], [ 110.205585999000064, -7.653673, 0.0 ], [ 110.205687, -7.65364399899995, 0.0 ], [ 110.205783, -7.653642, 0.0 ], [ 110.205815000000101, -7.653114, 0.0 ], [ 110.205807, -7.653033, 0.0 ], [ 110.205677, -7.652964, 0.0 ], [ 110.205567, -7.652893, 0.0 ], [ 110.205487999000042, -7.652728, 0.0 ], [ 110.20534899900008, -7.652308, 0.0 ], [ 110.205337, -7.652265, 0.0 ], [ 110.205319, -7.651904000999956, 0.0 ], [ 110.205319, -7.651896, 0.0 ], [ 110.205318, -7.651844000999965, 0.0 ], [ 110.2053003095875, -7.651805670789759, 0.0 ], [ 110.205355396595422, -7.65176711587663, 0.0 ], [ 110.205455, -7.651699, 0.0 ], [ 110.205594000000104, -7.651502, 0.0 ], [ 110.205600925215791, -7.651479245719852, 0.0 ], [ 110.206726082000074, -7.651221243999952, 0.0 ], [ 110.207992567000232, -7.650692432999985, 0.0 ], [ 110.209327698000038, -7.64995429899993, 0.0 ], [ 110.209328247733978, -7.649953968218128, 0.0 ], [ 110.20933, -7.649953001, 0.0 ], [ 110.209482905803085, -7.64986090851383, 0.0 ], [ 110.210556027000152, -7.649215197999883, 0.0 ], [ 110.211090109000111, -7.648875690999947, 0.0 ], [ 110.211361363971747, -7.648685878050323, 0.0 ], [ 110.211872, -7.64833, 0.0 ], [ 110.212099872474994, -7.648204167867647, 0.0 ], [ 110.212303157000107, -7.648092702999911, 0.0 ], [ 110.21254729900015, -7.648016899999945, 0.0 ], [ 110.213478097000163, -7.64788956899989, 0.0 ], [ 110.21397399900016, -7.647716490999958, 0.0 ], [ 110.214004514000109, -7.647716007999918, 0.0 ], [ 110.214156619910824, -7.64774406223956, 0.0 ], [ 110.214338001000073, -7.647863001, 0.0 ], [ 110.214338725643358, -7.647863342005358, 0.0 ], [ 110.214340225000086, -7.647864325999933, 0.0 ], [ 110.214454643000224, -7.64792010799993, 0.0 ], [ 110.214584343000027, -7.647998764999954, 0.0 ], [ 110.214744582000051, -7.648089365999901, 0.0 ], [ 110.214782714, -7.648094153999942, 0.0 ], [ 110.214912414000082, -7.648138039999932, 0.0 ], [ 110.215048537604204, -7.64819509262993, 0.0 ], [ 110.215092000000112, -7.648214, 0.0 ], [ 110.215093134672031, -7.648213784318482, 0.0 ], [ 110.215095527000045, -7.648214786999887, 0.0 ], [ 110.215199158074967, -7.648193631109692, 0.0 ], [ 110.215211882455549, -7.648191212425772, 0.0 ], [ 110.215461728000065, -7.648163283999889, 0.0 ], [ 110.215614326999983, -7.648141835999891, 0.0 ], [ 110.215660099000047, -7.648134195999969, 0.0 ], [ 110.2158508280001, -7.648078412999972, 0.0 ], [ 110.215873726000041, -7.648103220999893, 0.0 ], [ 110.216003426000114, -7.648190944999957, 0.0 ], [ 110.216064456000012, -7.648207653999918, 0.0 ], [ 110.216224671000035, -7.648255795, 0.0 ], [ 110.216438299000217, -7.648282972999933, 0.0 ], [ 110.216728213000223, -7.648349273999912, 0.0 ], [ 110.216903685000091, -7.64837645199994, 0.0 ], [ 110.217056284, -7.648488984999926, 0.0 ], [ 110.217170726000063, -7.648605312999869, 0.0 ], [ 110.217292785000126, -7.648724542999965, 0.0 ], [ 110.217376713000235, -7.648731675999933, 0.0 ], [ 110.217619495829723, -7.648731675999933, 0.0 ], [ 110.217646526744034, -7.64874389189383, 0.0 ], [ 110.21772004100022, -7.64877887499993, 0.0 ], [ 110.217857357000128, -7.648842781999889, 0.0 ], [ 110.217994698000027, -7.648897621999897, 0.0 ], [ 110.21811678200001, -7.648994436999914, 0.0 ], [ 110.218367686975299, -7.649109889026786, 0.0 ], [ 110.218422884519512, -7.64918132114283, 0.0 ], [ 110.218452444000064, -7.649219961999922, 0.0 ], [ 110.219696055000028, -7.64906547699993, 0.0 ], [ 110.222030631000095, -7.649448846999942, 0.0 ], [ 110.224365254000176, -7.649805037999926, 0.0 ], [ 110.225608817000037, -7.649861303999963, 0.0 ], [ 110.228164685000124, -7.650028192999915, 0.0 ], [ 110.230586840991279, -7.650305270799464, 0.0 ], [ 110.230585999000098, -7.650312, 0.0 ], [ 110.2305575972714, -7.650360983401374, 0.0 ], [ 110.230514542000137, -7.65043257399989, 0.0 ], [ 110.23052215899996, -7.650482142999905, 0.0 ], [ 110.230537440000077, -7.650505983999924, 0.0 ], [ 110.23062896, -7.650571316999912, 0.0 ], [ 110.230630678862482, -7.650569773109297, 0.0 ], [ 110.230631, -7.65057, 0.0 ], [ 110.230694, -7.650515, 0.0 ], [ 110.230781762386755, -7.650460218941781, 0.0 ], [ 110.230850229000112, -7.650418235999947, 0.0 ], [ 110.23087310300005, -7.650402518999979, 0.0 ], [ 110.231010420000132, -7.650344825999913, 0.0 ], [ 110.231155401000137, -7.650326231999973, 0.0 ], [ 110.231369029000049, -7.650330994999923, 0.0 ], [ 110.231613171, -7.650338611999931, 0.0 ], [ 110.231681818000084, -7.65035386899995, 0.0 ], [ 110.231971757, -7.650410618999938, 0.0 ], [ 110.232101431999979, -7.65041158599993, 0.0 ], [ 110.232368473000136, -7.650420628999967, 0.0 ], [ 110.232391371000077, -7.65042781099994, 0.0 ], [ 110.232487377542, -7.650473635209789, 0.0 ], [ 110.232578999000069, -7.650518, 0.0 ], [ 110.232581715844773, -7.650518663164132, 0.0 ], [ 110.232582101000048, -7.650518846999923, 0.0 ], [ 110.23282969600011, -7.650580769999895, 0.0 ], [ 110.232833860000014, -7.650581810999892, 0.0 ], [ 110.23310851700009, -7.65063713499994, 0.0 ], [ 110.233327047890455, -7.65068705006491, 0.0 ], [ 110.233349001000093, -7.65071, 0.0 ], [ 110.233390973011907, -7.650743228188752, 0.0 ], [ 110.233444228000153, -7.650787314999931, 0.0 ], [ 110.233582281463043, -7.650873626465639, 0.0 ], [ 110.233633, -7.650906, 0.0 ], [ 110.233727006253503, -7.650955544259698, 0.0 ], [ 110.233856202000041, -7.6510243, 0.0 ], [ 110.233932489000139, -7.65105578199994, 0.0 ], [ 110.234100345000087, -7.651157820999945, 0.0 ], [ 110.234313973000084, -7.651366200999956, 0.0 ], [ 110.234451289, -7.65147491299998, 0.0 ], [ 110.23461914500011, -7.651508304999901, 0.0 ], [ 110.234764102000028, -7.651573154999937, 0.0 ], [ 110.234823617173532, -7.651626954172521, 0.0 ], [ 110.234860999000048, -7.651662, 0.0 ], [ 110.234956195997896, -7.651819588559984, 0.0 ], [ 110.23500824500006, -7.651907415999883, 0.0 ], [ 110.235084532000073, -7.651954130999929, 0.0 ], [ 110.235450758000169, -7.652041878999906, 0.0 ], [ 110.235740672000176, -7.652084797999905, 0.0 ], [ 110.235832217000024, -7.652100055999924, 0.0 ], [ 110.236119185452324, -7.652167094657305, 0.0 ], [ 110.236238324471771, -7.652227904881894, 0.0 ], [ 110.236312885, -7.652266484999927, 0.0 ], [ 110.236480717000035, -7.652317503999974, 0.0 ], [ 110.236961361000013, -7.652458640999928, 0.0 ], [ 110.237052930000047, -7.652504412999896, 0.0 ], [ 110.237141776896024, -7.652579239987169, 0.0 ], [ 110.237195, -7.65262600099992, 0.0 ], [ 110.237314560292049, -7.652743631936023, 0.0 ], [ 110.237319946000113, -7.652749038999975, 0.0 ], [ 110.237350764000439, -7.652779267687883, 0.0 ], [ 110.237767, -7.653189, 0.0 ], [ 110.237778, -7.653194998999926, 0.0 ], [ 110.23786411525262, -7.653211145609752, 0.0 ], [ 110.237876902000011, -7.653213941999894, 0.0 ], [ 110.238273232679845, -7.653256844289526, 0.0 ], [ 110.238377, -7.653328001, 0.0 ], [ 110.23845112010747, -7.65337863714204, 0.0 ], [ 110.238578790000176, -7.653467635999924, 0.0 ], [ 110.238754262000128, -7.653504340999941, 0.0 ], [ 110.238815753145374, -7.653547361111503, 0.0 ], [ 110.2388270000001, -7.653556, 0.0 ], [ 110.238848063269018, -7.65361872173407, 0.0 ], [ 110.238868729000089, -7.653690790999914, 0.0 ], [ 110.238914501000153, -7.653764683999988, 0.0 ], [ 110.23896024900003, -7.653821433999976, 0.0 ], [ 110.239265446000147, -7.653724641999961, 0.0 ], [ 110.239418043999976, -7.653740866999971, 0.0 ], [ 110.239615011746366, -7.653806674502885, 0.0 ], [ 110.239661124510718, -7.653837416593714, 0.0 ], [ 110.239799503000015, -7.653931112999903, 0.0 ], [ 110.240371716000013, -7.654298282, 0.0 ], [ 110.240376679709811, -7.654298227387681, 0.0 ], [ 110.240378999000086, -7.654299000999966, 0.0 ], [ 110.240437776497089, -7.654297555181746, 0.0 ], [ 110.240501416000086, -7.654296854999966, 0.0 ], [ 110.240631092000157, -7.654249655999969, 0.0 ], [ 110.240632407127904, -7.654248214232286, 0.0 ], [ 110.240632999000056, -7.654247998999921, 0.0 ], [ 110.240658379279267, -7.65421974109768, 0.0 ], [ 110.240730277000111, -7.654140919999943, 0.0 ], [ 110.240753175000052, -7.654048891999967, 0.0 ], [ 110.240715044, -7.653951616999912, 0.0 ], [ 110.24065507710668, -7.653813669287459, 0.0 ], [ 110.240631312094422, -7.653757734563406, 0.0 ], [ 110.240635999005633, -7.653741562348639, 0.0 ], [ 110.240665001000124, -7.653652, 0.0 ], [ 110.240736805214524, -7.653557217104236, 0.0 ], [ 110.240791331000011, -7.653487656999893, 0.0 ], [ 110.240951545000115, -7.653377493999926, 0.0 ], [ 110.241065988000088, -7.653356505999877, 0.0 ], [ 110.241165173000027, -7.653405638999946, 0.0 ], [ 110.241302490000109, -7.65353867599994, 0.0 ], [ 110.241401675000063, -7.653591604999878, 0.0 ], [ 110.241516117000117, -7.653587300999966, 0.0 ], [ 110.241683949000148, -7.65351720399994, 0.0 ], [ 110.242034917000055, -7.653316947999979, 0.0 ], [ 110.242117749076812, -7.653275911117376, 0.0 ], [ 110.242244000000127, -7.653213998999988, 0.0 ], [ 110.242267619667061, -7.653171913047931, 0.0 ], [ 110.242301934000025, -7.653116666999928, 0.0 ], [ 110.242301934000025, -7.653054385489046, 0.0 ], [ 110.242305, -7.65299, 0.0 ], [ 110.242312600159721, -7.652870470215547, 0.0 ], [ 110.242317216000046, -7.652818192999923, 0.0 ], [ 110.24235978659776, -7.652763758872762, 0.0 ], [ 110.242402979346437, -7.652711239820277, 0.0 ], [ 110.242453940358288, -7.652720329471798, 0.0 ], [ 110.242461539304287, -7.652731072809306, 0.0 ], [ 110.242507921000112, -7.652801484999962, 0.0 ], [ 110.242538460000148, -7.652967429999926, 0.0 ], [ 110.242599489000042, -7.65309521999993, 0.0 ], [ 110.242675776000056, -7.653147181999966, 0.0 ], [ 110.242797860000024, -7.653152912999907, 0.0 ], [ 110.242958075000047, -7.653074715999921, 0.0 ], [ 110.243018400306852, -7.652992193229171, 0.0 ], [ 110.243027999000063, -7.65298, 0.0 ], [ 110.243032206663798, -7.652938277829293, 0.0 ], [ 110.243042001999981, -7.652862054999911, 0.0 ], [ 110.243072517000101, -7.652699905999906, 0.0 ], [ 110.243179319000063, -7.652554488999954, 0.0 ], [ 110.243362432000026, -7.6524228789999, 0.0 ], [ 110.243865974000116, -7.652121043999973, 0.0 ], [ 110.243919387, -7.652067630999905, 0.0 ], [ 110.244018573000048, -7.651967502999881, 0.0 ], [ 110.244247434000059, -7.651697608999932, 0.0 ], [ 110.244319739125245, -7.651614848180934, 0.0 ], [ 110.244395, -7.651531001, 0.0 ], [ 110.244418, -7.651504999999894, 0.0 ], [ 110.24443531841591, -7.65147712157437, 0.0 ], [ 110.244461061000067, -7.651440118999943, 0.0 ], [ 110.244560246, -7.6513161489999, 0.0 ], [ 110.244682306000158, -7.651252241999941, 0.0 ], [ 110.245040915000075, -7.651154023999897, 0.0 ], [ 110.245086686999954, -7.65108583799994, 0.0 ], [ 110.245086686999954, -7.651037764440851, 0.0 ], [ 110.245088, -7.651001, 0.0 ], [ 110.245052, -7.650617, 0.0 ], [ 110.2450979050071, -7.650475613496301, 0.0 ], [ 110.245101920000067, -7.650464031999917, 0.0 ], [ 110.24511457305654, -7.650425819033259, 0.0 ], [ 110.245219, -7.650117, 0.0 ], [ 110.245463999, -7.649563, 0.0 ], [ 110.245555819689187, -7.649508053341638, 0.0 ], [ 110.245590230000147, -7.649487945999891, 0.0 ], [ 110.245864887000039, -7.649339167999926, 0.0 ], [ 110.245865587540465, -7.649338223479553, 0.0 ], [ 110.245866, -7.649338, 0.0 ], [ 110.245922, -7.649266, 0.0 ], [ 110.245939125645947, -7.649243736660296, 0.0 ], [ 110.245941174000052, -7.649241432999922, 0.0 ], [ 110.246315017000072, -7.648721665999904, 0.0 ], [ 110.246483136338171, -7.648470439579437, 0.0 ], [ 110.246570001000038, -7.648344, 0.0 ], [ 110.246566776000122, -7.648289184137049, 0.0 ], [ 110.246566776000122, -7.648243415999946, 0.0 ], [ 110.246517318891222, -7.648151830051876, 0.0 ], [ 110.246447, -7.648016000999959, 0.0 ], [ 110.246429796857342, -7.647946551275854, 0.0 ], [ 110.24642181800003, -7.647908671999872, 0.0 ], [ 110.246433540408233, -7.647840802947716, 0.0 ], [ 110.246447, -7.647775, 0.0 ], [ 110.246455095960499, -7.647769412647023, 0.0 ], [ 110.246521004000058, -7.647726984999938, 0.0 ], [ 110.246574416000044, -7.647740815999928, 0.0 ], [ 110.246645934640114, -7.647818868182778, 0.0 ], [ 110.246656999000038, -7.647830998999929, 0.0 ], [ 110.246714010460479, -7.647906521415184, 0.0 ], [ 110.246734607000064, -7.64793393999992, 0.0 ], [ 110.24686433100014, -7.647943006999959, 0.0 ], [ 110.246932977000128, -7.647892446999951, 0.0 ], [ 110.246994031000028, -7.647772297999957, 0.0 ], [ 110.247024545999977, -7.647623495999902, 0.0 ], [ 110.247070318000041, -7.647398455999934, 0.0 ], [ 110.24713134800011, -7.646851510999888, 0.0 ], [ 110.247184737, -7.646640277, 0.0 ], [ 110.247276305000113, -7.646505329999933, 0.0 ], [ 110.247364720542564, -7.646449156502257, 0.0 ], [ 110.247368029205063, -7.64644717805454, 0.0 ], [ 110.247459394000074, -7.646461926999894, 0.0 ], [ 110.247527218305365, -7.646525501298164, 0.0 ], [ 110.247573864970292, -7.646632616853967, 0.0 ], [ 110.247634890000029, -7.646774280999892, 0.0 ], [ 110.247734074999983, -7.646932560999932, 0.0 ], [ 110.247810645078076, -7.646966488748188, 0.0 ], [ 110.2478160000001, -7.646969000999928, 0.0 ], [ 110.247816162451841, -7.646968933463818, 0.0 ], [ 110.247818003000177, -7.646969748999901, 0.0 ], [ 110.247875503177951, -7.6469442637237, 0.0 ], [ 110.247905, -7.646932000999886, 0.0 ], [ 110.248006864424369, -7.646846355727767, 0.0 ], [ 110.248062146000038, -7.646800950999967, 0.0 ], [ 110.248184205000186, -7.646737067999922, 0.0 ], [ 110.248313904999989, -7.64676661599988, 0.0 ], [ 110.248527533000171, -7.646803344999899, 0.0 ], [ 110.248626718000025, -7.646652680999956, 0.0 ], [ 110.248644767958353, -7.646618540759366, 0.0 ], [ 110.248660001000118, -7.646593999999897, 0.0 ], [ 110.248797983432183, -7.646370025269846, 0.0 ], [ 110.248931890000051, -7.646337014999951, 0.0 ], [ 110.24893327751407, -7.646336180868786, 0.0 ], [ 110.248934001000052, -7.646336, 0.0 ], [ 110.248948608079516, -7.646326964599883, 0.0 ], [ 110.249031075, -7.646277387999902, 0.0 ], [ 110.249153134000068, -7.646132913999939, 0.0 ], [ 110.249305732999986, -7.645962204999936, 0.0 ], [ 110.249343888000041, -7.645934542999957, 0.0 ], [ 110.249382020000084, -7.645929779999918, 0.0 ], [ 110.249572749000052, -7.645943610999907, 0.0 ], [ 110.249664318000086, -7.646001303999885, 0.0 ], [ 110.249740605000085, -7.646057593999924, 0.0 ], [ 110.249893203000099, -7.646172011999887, 0.0 ], [ 110.25, -7.646198730999878, 0.0 ], [ 110.25, -7.646206999666607, 0.0 ], [ 110.250019271141369, -7.646203145771715, 0.0 ], [ 110.250022903, -7.646203977999956, 0.0 ], [ 110.250129880768782, -7.64617945412094, 0.0 ], [ 110.250132, -7.646179, 0.0 ], [ 110.250213000000102, -7.646161, 0.0 ], [ 110.250347, -7.645925, 0.0 ], [ 110.250320434000102, -7.645856813933307, 0.0 ], [ 110.250320434000102, -7.645849188999911, 0.0 ], [ 110.250244147, -7.64565560599997, 0.0 ], [ 110.250204354066966, -7.645504127529936, 0.0 ], [ 110.250163, -7.645335, 0.0 ], [ 110.250135158645762, -7.644901821281682, 0.0 ], [ 110.250129705000219, -7.644807308999948, 0.0 ], [ 110.250182744609987, -7.644759449550389, 0.0 ], [ 110.250256, -7.644696, 0.0 ], [ 110.250873, -7.644246, 0.0 ], [ 110.251014982855949, -7.64414201843784, 0.0 ], [ 110.25121307700006, -7.643998110999874, 0.0 ], [ 110.251282547882795, -7.643892678175803, 0.0 ], [ 110.251345, -7.643799, 0.0 ], [ 110.251288, -7.643762, 0.0 ], [ 110.251249000000101, -7.643737, 0.0 ], [ 110.251213, -7.643713, 0.0 ], [ 110.251074000000102, -7.643684, 0.0 ], [ 110.250828, -7.643657, 0.0 ], [ 110.250736504831849, -7.643584253841642, 0.0 ], [ 110.250709534000052, -7.643561328999883, 0.0 ], [ 110.250648505000072, -7.643445459999977, 0.0 ], [ 110.250656121000162, -7.643368229999894, 0.0 ], [ 110.250717909361711, -7.643315449273082, 0.0 ], [ 110.250726407837234, -7.643308485244528, 0.0 ], [ 110.250930778000154, -7.643171285999941, 0.0 ], [ 110.250991832000139, -7.643126456999962, 0.0 ], [ 110.251060694412189, -7.643062882244191, 0.0 ], [ 110.25143, -7.642724, 0.0 ], [ 110.251659000000103, -7.642539, 0.0 ], [ 110.251735, -7.642454, 0.0 ], [ 110.251747342072775, -7.642448667005521, 0.0 ], [ 110.251899732000126, -7.642385444999935, 0.0 ], [ 110.252182006000027, -7.642334909999928, 0.0 ], [ 110.252868661000093, -7.642437914999924, 0.0 ], [ 110.253181450000213, -7.642464125999961, 0.0 ], [ 110.25335692200008, -7.642464609999912, 0.0 ], [ 110.253746047000035, -7.642235264999943, 0.0 ], [ 110.254257206000133, -7.642031647999971, 0.0 ], [ 110.254692078000062, -7.642083609999919, 0.0 ], [ 110.255409224000061, -7.642314888999959, 0.0 ], [ 110.255648641565571, -7.642416894872241, 0.0 ], [ 110.255947, -7.642545001, 0.0 ], [ 110.256150796980691, -7.642674361133441, 0.0 ], [ 110.256507877000104, -7.642904244999961, 0.0 ], [ 110.257278436, -7.643314816999915, 0.0 ] ] ] ] } }
]
}
